Assembly accession	Name	NCBI taxonomy	GTDB taxonomy (r214)	External link 1	External link 2	Biosample accession	Bioproject accession	WGS accession	Sequencing platform	Submission date	Submitter	Title	PMID	DOI	Publish_date	Author	Geographic location	Environment	Geographic coordinates	point	Latitude	longitude	Completeness	Contamination	quality	# contigs	Largest contig	Total length	GC (%)	N50	N50	Assembly level
GCA_000009985.1	Magnetospirillum_magneticum_AMB-1			"<a href=""https://www.ncbi.nlm.nih.gov/datasets/genome/GCA_000009985.1"">NCBI</a>"	"<a href=""https://gtdb.ecogenomic.org/genome?gid=GCA_000009985.1"">GTDB</a>"	SAMD00061077	PRJNA16217	-	-	2005-12-01 00:00:00	Tokyo University of Agriculture and Technology, Japan	Complete genome sequence of the facultative anaerobic magnetotactic bacterium Magnetospirillum sp. strain AMB-1	16303747.0	10.1093/dnares/dsi002	2005	T Matsunaga, et al.	Koganei, Tokyo	freshwater	35.6995° N, 139.5031° E	(35.699451, 139.503121, 0.0)	35.699451	139.503121	99.0	0.0	High	1	4967148	4967148	65.09	4967148	4967148	Complete Genome
GCA_000010665.1	Solidesulfovibrio_magneticus_RS-1			"<a href=""https://www.ncbi.nlm.nih.gov/datasets/genome/GCA_000010665.1"">NCBI</a>"	"<a href=""https://gtdb.ecogenomic.org/genome?gid=GCA_000010665.1"">GTDB</a>"	SAMD00060954	PRJDA32105	-	-	2009-06-11 00:00:00	National Institute of Technology and Evaluation	Whole genome sequence of Desulfovibrio magneticus strain RS-1 revealed common gene clusters in magnetotactic bacteria	19675025.0	10.1101/gr.088906.108	2009	H Nakazawa, et al.	Kameno river, Japan	freshwater	34.17541401525918, 135.23662449224588	(34.1745523, 135.2370569, 0.0)	34.1745523	135.2370569	100.0	0.0	High	3	5248049	5315620	62.67	5248049	5248049	Complete Genome
GCA_000014865.1	Magnetococcus_marinus_MC-1			"<a href=""https://www.ncbi.nlm.nih.gov/datasets/genome/GCA_000014865.1"">NCBI</a>"	"<a href=""https://gtdb.ecogenomic.org/genome?gid=GCA_000014865.1"">GTDB</a>"	SAMN02598452	PRJNA262	-	-	2006-11-08 00:00:00	US DOE Joint Genome Institute	Magnetococcus marinus gen. nov., sp. nov., a marine, magnetotactic bacterium that represents a novel lineage (Magnetococcaceae fam. nov., Magnetococcales ord. nov.) at the base of the Alphaproteobacteria	22581902.0	10.1099/ijs.0.038927-0	2012	DA Bazylinski, et al.	Pettaquamscutt Estuary, Rhode Island, USA	marine	41.51929743017229, -71.44550780635767	(41.519276, -71.445556, 0.0)	41.519276	-71.445556	98.32	0.84	High	1	4719581	4719581	54.17	4719581	4719581	Complete Genome
GCA_000342045.1	Magnetospirillum_caucaseum_SO-1			"<a href=""https://www.ncbi.nlm.nih.gov/datasets/genome/GCA_000342045.1"">NCBI</a>"	"<a href=""https://gtdb.ecogenomic.org/genome?gid=GCA_000342045.1"">GTDB</a>"	SAMN02469417	PRJNA187412	AONQ00000000	454 GS-FLX Titanium	2013-02-26 00:00:00	Centre Bioengineering RAS	Draft Genome Sequence of Magnetospirillum sp. Strain SO-1, a Freshwater Magnetotactic Bacterium Isolated from the Ol'khovka River, Russia	24723706.0	10.1128/genomeA.00235-14	2014	DS Grouzdev, et al.	Russia:Krasnodar krai	freshwater	45.210787664961686, 38.965322675404764	(45.22524505, 38.98107362487327, 0.0)	45.22524505	38.9810736248733	99.5	0.5	High	203	188848	4859560	65.99	55386	55386	Contig
GCA_000478645.1	Latescibacteria_bacterium_SCGC_AAA252-B13			"<a href=""https://www.ncbi.nlm.nih.gov/datasets/genome/GCA_000478645.1"">NCBI</a>"	"<a href=""https://gtdb.ecogenomic.org/genome?gid=GCA_000478645.1"">GTDB</a>"	SAMN02440557	PRJNA192325	ASWY00000000	Illumina HiSeq 2000	2013-05-29 00:00:00	DOE Joint Genome Institute	A putative greigite-type magnetosome gene cluster from the candidate phylum Latescibacteria	25382584.0	10.1111/1758-2229.12234	2015	W Lin, et al.	USA: Sakinaw Lake	brackish	49.68328600351747, -124.00951421692403	(49.95898915, -123.82793322359828, 0.0)	49.95898915	-123.827933223598	43.99	0.0	Low	138	85304	1759976	40.86	23078	23078	Contig
GCA_000513295.1	Magnetospirillum_gryphiswaldense_MSR-1_v2			"<a href=""https://www.ncbi.nlm.nih.gov/datasets/genome/GCA_000513295.1"">NCBI</a>"	"<a href=""https://gtdb.ecogenomic.org/genome?gid=GCA_000513295.1"">GTDB</a>"	SAMEA3138838	PRJEB4690	-	-	2013-12-16 00:00:00	CHINA-AGRICULTURAL-UNIVERSITY	Complete Genome Sequence of Magnetospirillum gryphiswaldense MSR-1	24625872.0	10.1128/genomeA.00171-14	2014	X Wang, et al.	Germany: Ryck River	freshwater	54.10462072225356, 13.388150939474196	(54.1033529, 13.3892363, 0.0)	54.1033529	13.3892363	99.88	0.0	High	1	4365796	4365796	63.28	4365796	4365796	Complete Genome
GCA_000516475.1	Candidatus_Magnetoglobus_multicellularis_str._Araruama			"<a href=""https://www.ncbi.nlm.nih.gov/datasets/genome/GCA_000516475.1"">NCBI</a>"	"<a href=""https://gtdb.ecogenomic.org/genome?gid=GCA_000516475.1"">GTDB</a>"	SAMN02597425	PRJNA52963	ATBP00000000	454	2014-01-07 00:00:00	LNCC	Deciphering unusual uncultured magnetotactic multicellular prokaryotes through genomics	24196322.0	10.1038/ismej.2013.203	2014	Fernanda Abreu	Brazil: Araruama Lagoon	hypersaline	22°50' S, 42°13' W	(-22.8324228, -42.2170932, 0.0)	-22.8324228	-42.2170932	98.21	19.24	Low	3705	57549	12453848	37.27	6143	6143	Contig
GCA_000714715.1	Candidatus_Magnetobacterium_casensis_MYR-1			"<a href=""https://www.ncbi.nlm.nih.gov/datasets/genome/GCA_000714715.1"">NCBI</a>"	"<a href=""https://gtdb.ecogenomic.org/genome?gid=GCA_000714715.1"">GTDB</a>"	SAMN02726339	PRJNA236065	JMFO00000000	454	2014-06-27 00:00:00	Institute of Geology and Geophysics, Chinese Academy of Sciences	Genomic insights into the uncultured genus 'Candidatus Magnetobacterium' in the phylum Nitrospirae	24914800.0	10.1038/ismej.2014.94	2014	W Lin, et al.	China: Lake Miyun, Beijing	freshwater	40.502749634491785, 116.94416683181186	(40.5080959, 116.9324543, 0.0)	40.5080959	116.9324543	92.42	0.91	High	70	252526	3415676	48.87	90253	90253	Contig
GCA_000829825.1	Magnetospirillum_magnetotacticum_MS-1			"<a href=""https://www.ncbi.nlm.nih.gov/datasets/genome/GCA_000829825.1"">NCBI</a>"	"<a href=""https://gtdb.ecogenomic.org/genome?gid=GCA_000829825.1"">GTDB</a>"	SAMN03287305	PRJNA272834	JXSL00000000	Illumina HiSeq	2015-01-28 00:00:00	California Institute of Technology	Genome Sequence of Magnetospirillum magnetotacticum Strain MS-1	25838488.0	10.1128/genomeA.00233-15	2015	MD Smalley, et al.	USA: Cedar Swamp, Massachusetts	freshwater	42.05915907358352, -72.29981005552166	(42.0601808, -72.29990530089313, 0.0)	42.0601808	-72.2999053008931	99.5	0.0	High	33	1344907	4523005	63.56	541957	541957	Contig
GCA_000954095.1	Candidatus_Omnitrophus_magneticus_SKK-01	d__Bacteria;<br>p__Candidatus Omnitrophica;<br>c__;<br>o__;<br>f__;<br>g__Candidatus Omnitrophus;<br>s__Candidatus Omnitrophus magneticus	d__Bacteria;<br>p__Omnitrophota;<br>c__Koll11;<br>o__SKK-01;<br>f__SKK-01;<br>g__Omnitrophus_A;<br>s__Omnitrophus_A magneticus	"<a href=""https://www.ncbi.nlm.nih.gov/datasets/genome/GCA_000954095.1"">NCBI</a>"	"<a href=""https://gtdb.ecogenomic.org/genome?gid=GCA_000954095.1"">GTDB</a>"	SAMN03316882	PRJNA273957	JYNY00000000	Illumina MiSeq	2015-03-16 00:00:00	Max Planck Institute for Marine Microbiology	Single-cell genomics of uncultivated deep-branching magnetotactic bacteria reveals a conserved set of magnetosome genes	26060021.0	10.1111/1462-2920.12907	2015	Sebastian Kolinko	Germany: Lake Chiemsee, Bavaria	freshwater	47.869440 N 12.398015 E	(47.8690367, 12.397835, 0.0)	47.8690367	12.397835	95.1	46.77	Low	511	133939	3065551	35.7	15704	15145	Contig
GCA_000960725.1	Candidatus_Magnetoovum_chiemensis_CS-04			"<a href=""https://www.ncbi.nlm.nih.gov/datasets/genome/GCA_000960725.1"">NCBI</a>"	"<a href=""https://gtdb.ecogenomic.org/genome?gid=GCA_000960725.1"">GTDB</a>"	SAMN03323779	PRJNA274216	JZJI00000000	Illumina MiSeq	2015-03-23 00:00:00	Max Planck Institute for Marine Microbiology	Single-cell genomics of uncultivated deep-branching magnetotactic bacteria reveals a conserved set of magnetosome genes	26060021.0	10.1111/1462-2920.12907	2015	Sebastian Kolinko	Germany: Lake Chiemsee, Bavaria	freshwater	47.869440 N 12.398015 E	(47.8690367, 12.397835, 0.0)	47.8690367	12.397835	88.1	16.27	Low	863	43149	3721812	40.39	9961	9827	Contig
GCA_000963235.1	Candidatus_Magnetobacterium_bavaricum_TM-1			"<a href=""https://www.ncbi.nlm.nih.gov/datasets/genome/GCA_000963235.1"">NCBI</a>"	"<a href=""https://gtdb.ecogenomic.org/genome?gid=GCA_000963235.1"">GTDB</a>"	SAMN03324062	PRJNA274247	LACI00000000	Illumina MiSeq	2015-03-25 00:00:00	Max Planck Institute for Marine Microbiology	Cultivation-independent characterization of 'Candidatus Magnetobacterium bavaricum' via ultrastructural, geochemical, ecological and metagenomic methods	20406295.0	10.1111/j.1462-2920.2010.02220.x	2010	C Jogler	Germany: Lake Chiemsee, Bavaria	freshwater	47.869440 N 12.398015 E	(47.8690367, 12.397835, 0.0)	47.8690367	12.397835	94.09	34.5	Low	2147	67959	6087939	47.36	4856	4603	Scaffold
GCA_000968135.1	Magnetospira_sp._QH-2			"<a href=""https://www.ncbi.nlm.nih.gov/datasets/genome/GCA_000968135.1"">NCBI</a>"	"<a href=""https://gtdb.ecogenomic.org/genome?gid=GCA_000968135.1"">GTDB</a>"	SAMEA3283111	PRJEB1386	-	-	2014-02-03 00:00:00	Genoscope CEA	Comparative genomic analysis provides insights into the evolution and niche adaptation of marine Magnetospira sp. QH-2 strain	23841906.0	10.1111/1462-2920.12180	2013	B Ji, et al.	Huiquan Bay, Qingdao, China	marine	36.05351148411371, 120.33710435690749	(36.0574931, 120.3318569, 0.0)	36.0574931	120.3318569	99.5	1.0	High	2	4021307	4052370	59.44	4021307	4021307	Complete Genome
GCA_001292585.1	Candidatus_Magnetomorum_sp._HK-1			"<a href=""https://www.ncbi.nlm.nih.gov/datasets/genome/GCA_001292585.1"">NCBI</a>"	"<a href=""https://gtdb.ecogenomic.org/genome?gid=GCA_001292585.1"">GTDB</a>"	SAMN02854536	PRJNA252699	JPDT00000000	Illumnia MiSeq	2015-09-16 00:00:00	Ludwig-Maximilians-Universitaet Munich	Single-cell genomics reveals potential for magnetite and greigite biomineralization in an uncultivated multicellular magnetotactic prokaryote	25079475.0	10.1111/1758-2229.12198	2014	Sebastian Kolinko, et al.	Germany:Wadden Sea, near Cuxhaven	marine	53.890580 N 8.678464 E	(53.88993105, 8.682073791302983, 0.0)	53.88993105	8.68207379130298	96.94	3.57	High	2715	122255	14146258	34.61	18233	17962	Contig
GCA_001303405.1	Nitrospira_bacterium_SG8_35_4			"<a href=""https://www.ncbi.nlm.nih.gov/datasets/genome/GCA_001303405.1"">NCBI</a>"	"<a href=""https://gtdb.ecogenomic.org/genome?gid=GCA_001303405.1"">GTDB</a>"	SAMN03994174	PRJNA270657	LJTM00000000	Illumina	2015-09-30 00:00:00	University of Texas	Diversity and ecology of and biomineralization by magnetotactic bacteria	28557300.0	10.1111/1758-2229.12550	2017	W Lin, et al.	USA: White Oak River Estuary, North Carolina	brackish	34.7414 N 77.1234 W	(34.8496625, -76.5931208, 0.0)	34.8496625	-76.5931208	70.97	12.18	Low	292	33354	2692108	46.5	9622	9622	Contig
GCA_001303605.1	Planctomycetes_bacterium_SM23_25			"<a href=""https://www.ncbi.nlm.nih.gov/datasets/genome/GCA_001303605.1"">NCBI</a>"	"<a href=""https://gtdb.ecogenomic.org/genome?gid=GCA_001303605.1"">GTDB</a>"	SAMN03994192	PRJNA270657	LJTY00000000	Illumina	2015-09-30 00:00:00	University of Texas	Diversity and ecology of and biomineralization by magnetotactic bacteria	28557300.0	10.1111/1758-2229.12550	2017	W Lin, et al.	USA: White Oak River Estuary, North Carolina	brackish	34.7414 N 77.1234 W	(34.8496625, -76.5931208, 0.0)	34.8496625	-76.5931208	62.78	3.98	Medium	418	59260	3770408	66.68	9069	9024	Scaffold
GCA_001511835.1	Magnetospirillum_sp._XM-1_XM1			"<a href=""https://www.ncbi.nlm.nih.gov/datasets/genome/GCA_001511835.1"">NCBI</a>"	"<a href=""https://gtdb.ecogenomic.org/genome?gid=GCA_001511835.1"">GTDB</a>"	SAMEA3682505	PRJEB11958	-	-	2016-01-07 00:00:00	IGGCAS	Complete Genome Sequence of Magnetospirillum sp. Strain XM-1, Isolated from the Xi'an City Moat, China	27795283.0	10.1128/genomeA.01171-16	2016	Yinzhao Wang	China: Xi’an City moat	freshwater	34°15′10.00″N, 108°55′13.41″E	(34.2524563, 108.9212944, 0.0)	34.2524563	108.9212944	99.5	0.0	High	2	4825187	4992477	65.67	4825187	4825187	Complete Genome
GCA_001541255.1	Candidatus_Magnetominusculus_xianensis_HCH-1	d__Bacteria;<br>p__Nitrospirae;<br>c__Nitrospira;<br>o__Nitrospirales;<br>f__Nitrospiraceae;<br>g__Candidatus Magnetominusculus;<br>s__Candidatus Magnetominusculus xianensis	d__Bacteria;<br>p__Nitrospirota;<br>c__Thermodesulfovibrionia;<br>o__Thermodesulfovibrionales;<br>f__Magnetobacteriaceae;<br>g__Magnetominusculus;<br>s__Magnetominusculus xianensis	"<a href=""https://www.ncbi.nlm.nih.gov/datasets/genome/GCA_001541255.1"">NCBI</a>"	"<a href=""https://gtdb.ecogenomic.org/genome?gid=GCA_001541255.1"">GTDB</a>"	SAMN04229298	PRJNA300727	LNQR00000000	Illumina HiSeq	2016-01-26 00:00:00	Institute of Geology and Geophysics, Chinese Academy of Sciences	Origin of microbial biomineralization and magnetotaxis during the Archean	28193877.0	10.1073/pnas.1614654114	2017	W Lin, et al.	China: city moat, Xi'an	freshwater	34.25287 N 108.92187 E	(34.252492, 108.9220092, 0.0)	34.252492	108.9220092	98.18	0.91	High	152	150216	3593273	45.37	45767	45767	Contig
GCA_001650635.1	Magnetospirillum_moscoviense_BB-1			"<a href=""https://www.ncbi.nlm.nih.gov/datasets/genome/GCA_001650635.1"">NCBI</a>"	"<a href=""https://gtdb.ecogenomic.org/genome?gid=GCA_001650635.1"">GTDB</a>"	SAMN04851435	PRJNA318449	LWQU00000000	Illumina HiSeq	2016-05-24 00:00:00	Research Center of Biotechnology RAS	Magnetospirillum caucaseum sp. nov., Magnetospirillum marisnigri sp. nov. and Magnetospirillum moscoviense sp. nov., freshwater magnetotactic bacteria isolated from three distinct geographical locations in European Russia	26921147.0	10.1099/ijsem.0.000994	2016	Marina Dziuba	Russia: Moskva River	freshwater	55.780573740463375, 37.024957690279344	(55.78050025, 37.025024655938715, 0.0)	55.78050025	37.0250246559387	100.0	0.0	High	207	216153	4164497	65.18	52974	52974	Contig
GCA_001650715.1	Magnetospirillum_marisnigri_SP-1			"<a href=""https://www.ncbi.nlm.nih.gov/datasets/genome/GCA_001650715.1"">NCBI</a>"	"<a href=""https://gtdb.ecogenomic.org/genome?gid=GCA_001650715.1"">GTDB</a>"	SAMN04851434	PRJNA318445	LWQT00000000	Illumina HiSeq	2016-05-24 00:00:00	Research Center of Biotechnology RAS	Magnetospirillum caucaseum sp. nov., Magnetospirillum marisnigri sp. nov. and Magnetospirillum moscoviense sp. nov., freshwater magnetotactic bacteria isolated from three distinct geographical locations in European Russia	26921147.0	10.1099/ijsem.0.000994	2016	Marina Dziuba	Russia: Pshada River	freshwater	44.5086586572892, 38.42581006102415	(44.5027838, 38.4268038, 0.0)	44.5027838	38.4268038	100.0	0.0	High	131	318070	4619819	64.73	168256	168256	Scaffold
GCA_001746755.1	Magnetovibrio_blakemorei_MV-1			"<a href=""https://www.ncbi.nlm.nih.gov/datasets/genome/GCA_001746755.1"">NCBI</a>"	"<a href=""https://gtdb.ecogenomic.org/genome?gid=GCA_001746755.1"">GTDB</a>"	SAMN05467120	PRJNA335915	MCGG00000000	454; Sanger; Solexa	2016-09-26 00:00:00	Southwestern Oklahoma State University	Draft Genome Sequence of Magnetovibrio blakemorei Strain MV-1, a Marine Vibrioid Magnetotactic Bacterium	27881550.0	10.1128/genomeA.01330-16	2016	Denis Trubitsyn	USA: salt marsh pool, Neponset River estuary, Boston, MA	salt marsh	41.27 N 71.04000000 W	(39.7837304, -100.445882, 0.0)	39.7837304	-100.445882	98.51	0.5	High	91	259372	3638804	54.29	95462	95462	Contig
GCA_001804395.1	Omnitrophica_WOR_2_bacterium_GWA2_45_18	d__Bacteria;<br>p__Candidatus Omnitrophica;<br>c__;<br>o__;<br>f__;<br>g__;<br>s__	d__Bacteria;<br>p__Omnitrophota;<br>c__Koll11;<br>o__Zapsychrales;<br>f__Zapsychraceae;<br>g__UBA10174;<br>s__UBA10174 sp003528115	"<a href=""https://www.ncbi.nlm.nih.gov/datasets/genome/GCA_001804395.1"">NCBI</a>"	"<a href=""https://gtdb.ecogenomic.org/genome?gid=GCA_001804395.1"">GTDB</a>"	SAMN04314102	PRJNA288027	MHFX00000000	Illumina HiSeq2000	2016-10-20 00:00:00	Banfield Lab, University of California, Berkeley	Genomic expansion of magnetotactic bacteria reveals an early common origin of magnetotaxis with lineage-specific evolution	29581530.0	10.1038/s41396-018-0098-9	2018	W Lin, et al.	USA: Rifle, CO	undergroud water	39.5369 N 107.7828 W	(39.536877, -107.782894, 0.0)	39.536877	-107.782894	83.99	1.08	Medium	24	365796	2335743	46.36	133212	129604	Scaffold
GCA_001805405.1	Omnitrophica_WOR_2_bacterium_GWC2_45_7	d__Bacteria;<br>p__Candidatus Omnitrophica;<br>c__;<br>o__;<br>f__;<br>g__;<br>s__	d__Bacteria;<br>p__Omnitrophota;<br>c__Koll11;<br>o__Zapsychrales;<br>f__Zapsychraceae;<br>g__UBA10174;<br>s__UBA10174 sp003528115	"<a href=""https://www.ncbi.nlm.nih.gov/datasets/genome/GCA_001805405.1"">NCBI</a>"	"<a href=""https://gtdb.ecogenomic.org/genome?gid=GCA_001805405.1"">GTDB</a>"	SAMN04313925	PRJNA288027	MHGD00000000	Illumina HiSeq2000	2016-10-20 00:00:00	Banfield Lab, University of California, Berkeley	Genomic expansion of magnetotactic bacteria reveals an early common origin of magnetotaxis with lineage-specific evolution	29581530.0	10.1038/s41396-018-0098-9	2018	W Lin, et al.	USA: Rifle, CO	undergroud water	39.5369 N 107.7828 W	(39.536877, -107.782894, 0.0)	39.536877	-107.782894	56.31	0.0	Medium	98	60712	1340072	45.06	15451	9207	Scaffold
GCA_002105535.1	Magnetospirillum_sp._ME-1			"<a href=""https://www.ncbi.nlm.nih.gov/datasets/genome/GCA_002105535.1"">NCBI</a>"	"<a href=""https://gtdb.ecogenomic.org/genome?gid=GCA_002105535.1"">GTDB</a>"	SAMN03459117	PRJNA280242	-	Illumina Hiseq 2500	2017-04-24 00:00:00	Wuhan institute of Virology, Chinese academy of science	Complete Genome Sequence of Magnetospirillum sp. ME-1, a Novel Magnetotactic Bacterium Isolated from East Lake, Wuhan, China	28839012.0	10.1128/genomeA.00485-17	2017	Linfeng Ke	China: East Lake sediment, Wuhan city	freshwater	30.55 N 114.36 E	(30.5483709, 114.36017, 0.0)	30.5483709	114.36017	99.5	0.5	High	1	4551873	4551873	65.63	4551873	4551873	Complete Genome
GCA_002109495.1	Magnetofaba_australis_IT-1			"<a href=""https://www.ncbi.nlm.nih.gov/datasets/genome/GCA_002109495.1"">NCBI</a>"	"<a href=""https://gtdb.ecogenomic.org/genome?gid=GCA_002109495.1"">GTDB</a>"	SAMN04574817	PRJNA316067	LVJN00000000	454	2017-04-25 00:00:00	LNCC	Combined genomic and structural analyses of a cultured magnetotactic bacterium reveals its niche adaptation to a dynamic environment	27801294.0	10.1186/s12864-016-3064-9	2016	Ana Carolina Vieira Araujo	Brazil: Itaipu Lagoon, Niteroi, Rio de Janeiro State	brackish 	-22.965113915204263, -43.0432560606476	(-22.9665136, -43.0427063, 0.0)	-22.9665136	-43.0427063	98.74	0.84	High	21	1497610	4986701	61.3	705613	705613	Contig
GCA_002401485.1	Elusimicrobia_bacterium_NORP122	d__Bacteria;<br>p__Elusimicrobia;<br>c__;<br>o__;<br>f__;<br>g__;<br>s__	d__Bacteria;<br>p__Elusimicrobiota;<br>c__Elusimicrobia;<br>o__UBA1565;<br>f__UBA1565;<br>g__UBA1565;<br>s__UBA1565 sp002401485	"<a href=""https://www.ncbi.nlm.nih.gov/datasets/genome/GCA_002401485.1"">NCBI</a>"	"<a href=""https://gtdb.ecogenomic.org/genome?gid=GCA_002401485.1"">GTDB</a>"	SAMN07568936	PRJNA391950	NVTF00000000	Illumina HiSeq	2017-09-28 00:00:00	University of Southern California	Unravelling the diversity of magnetotactic bacteria through analysis of open genomic databases	32737307.0	10.1038/s41597-020-00593-0	2020	Maria Uzun	Atlantic Ocean: North Pond	marine	1.4017327575849892, -20.174837312617733		1.401732757	-20.1748373	74.06	1.82	Medium	191	83839	2913226	54.93	19622	19622	Contig
GCA_002686765.1	Magnetovibrio_sp._ARS8	d__Bacteria;<br>p__Proteobacteria;<br>c__Alphaproteobacteria;<br>o__Rhodospirillales;<br>f__Thalassospiraceae;<br>g__Magnetovibrio;<br>s__	d__Bacteria;<br>p__Pseudomonadota;<br>c__Alphaproteobacteria;<br>o__Rhodospirillales_A;<br>f__2-02-FULL-58-16;<br>g__GCA-2686765;<br>s__GCA-2686765 sp013349695	"<a href=""https://www.ncbi.nlm.nih.gov/datasets/genome/GCA_002686765.1"">NCBI</a>"	"<a href=""https://gtdb.ecogenomic.org/genome?gid=GCA_002686765.1"">GTDB</a>"	SAMN07619307	PRJNA391943	NYYL00000000	Illumina HiSeq	2017-10-24 00:00:00	Tara Oceans Consortium	Unravelling the diversity of magnetotactic bacteria through analysis of open genomic databases	32737307.0	10.1038/s41597-020-00593-0	2020	Maria Uzun	Indian Ocean:Northwest Arabian Sea Upwelling Province	marine	12.405890858821135, 63.29207681060026		12.4058908	63.292	62.87	1.0	Medium	197	30499	2019305	59.64	10605	10605	Contig
GCA_002753095.1	Magnetococcales_bacterium_YD0425bin7	d__Bacteria;<br>p__Proteobacteria;<br>c__Alphaproteobacteria;<br>o__Magnetococcales;<br>f__;<br>g__;<br>s__	d__Bacteria;<br>p__Pseudomonadota;<br>c__Magnetococcia;<br>o__Magnetococcales;<br>f__Magnetaquicoccaceae;<br>g__Magnetaquicoccus;<br>s__Magnetaquicoccus sp002753095	"<a href=""https://www.ncbi.nlm.nih.gov/datasets/genome/GCA_002753095.1"">NCBI</a>"	"<a href=""https://gtdb.ecogenomic.org/genome?gid=GCA_002753095.1"">GTDB</a>"	SAMN07556472	PRJNA400260	PDZU00000000	Illumina HiSeq	2017-11-06 00:00:00	Institute of Geology and Geophysics, Chinese Academy of Sciences	Genomic expansion of magnetotactic bacteria reveals an early common origin of magnetotaxis with lineage-specific evolution	29581530.0	10.1038/s41396-018-0098-9	2018	W Lin, et al.	China: Yuandadu Park	freshwater	39.974732 N 116.368688 E	(39.97443735, 116.36869950329081, 0.0)	39.97443735	116.368699503291	96.42	1.68	High	177	136300	3583729	55.67	34600	34416	Scaffold
GCA_002753105.1	Deltaproteobacteria_bacterium_YD0425bin50	d__Bacteria;<br>p__Proteobacteria;<br>c__Deltaproteobacteria;<br>o__;<br>f__;<br>g__;<br>s__	d__Bacteria;<br>p__Desulfobacterota;<br>c__Desulfobacteria;<br>o__Desulfobacterales;<br>f__YD0425bin50;<br>g__YD0425bin50;<br>s__YD0425bin50 sp002753105	"<a href=""https://www.ncbi.nlm.nih.gov/datasets/genome/GCA_002753105.1"">NCBI</a>"	"<a href=""https://gtdb.ecogenomic.org/genome?gid=GCA_002753105.1"">GTDB</a>"	SAMN07572860	PRJNA400260	PDZT00000000	Illumina HiSeq	2017-11-06 00:00:00	Institute of Geology and Geophysics, Chinese Academy of Sciences	Genomic expansion of magnetotactic bacteria reveals an early common origin of magnetotaxis with lineage-specific evolution	29581530.0	10.1038/s41396-018-0098-9	2018	W Lin, et al.	China: Yuandadu Park	freshwater	39.974732 N 116.368688 E	(39.97443735, 116.36869950329081, 0.0)	39.97443735	116.368699503291	80.69	2.26	Medium	589	77707	4970345	36.91	11398	11272	Scaffold
GCA_002753135.1	Magnetococcales_bacterium_WMHbinv6	d__Bacteria;<br>p__Proteobacteria;<br>c__Alphaproteobacteria;<br>o__Magnetococcales;<br>f__;<br>g__;<br>s__	d__Bacteria;<br>p__Pseudomonadota;<br>c__Magnetococcia;<br>o__Magnetococcales;<br>f__Magnetaquicoccaceae;<br>g__Magnetaquicoccus;<br>s__Magnetaquicoccus sp002753135	"<a href=""https://www.ncbi.nlm.nih.gov/datasets/genome/GCA_002753135.1"">NCBI</a>"	"<a href=""https://gtdb.ecogenomic.org/genome?gid=GCA_002753135.1"">GTDB</a>"	SAMN07572859	PRJNA400260	PDZV00000000	Illumina HiSeq	2017-11-06 00:00:00	Institute of Geology and Geophysics, Chinese Academy of Sciences	Genomic expansion of magnetotactic bacteria reveals an early common origin of magnetotaxis with lineage-specific evolution	29581530.0	10.1038/s41396-018-0098-9	2018	W Lin, et al.	China: Lake Weiming	freshwater	39.993142 N 116.30256 E	(39.99171495, 116.30393496863539, 0.0)	39.99171495	116.303934968635	95.8	2.52	High	80	243428	3839927	55.32	85378	69641	Scaffold
GCA_002753155.1	Alphaproteobacteria_bacterium_WMHbin7	d__Bacteria;<br>p__Proteobacteria;<br>c__Alphaproteobacteria;<br>o__;<br>f__;<br>g__;<br>s__	d__Bacteria;<br>p__Pseudomonadota;<br>c__Alphaproteobacteria;<br>o__Rhodospirillales;<br>f__WMHbin7;<br>g__WMHbin7;<br>s__WMHbin7 sp002753155	"<a href=""https://www.ncbi.nlm.nih.gov/datasets/genome/GCA_002753155.1"">NCBI</a>"	"<a href=""https://gtdb.ecogenomic.org/genome?gid=GCA_002753155.1"">GTDB</a>"	SAMN07572858	PRJNA400260	PDZW00000000	Illumina HiSeq	2017-11-06 00:00:00	Institute of Geology and Geophysics, Chinese Academy of Sciences	Genomic expansion of magnetotactic bacteria reveals an early common origin of magnetotaxis with lineage-specific evolution	29581530.0	10.1038/s41396-018-0098-9	2018	W Lin, et al.	China: Lake Weiming	freshwater	39.993142 N 116.30256 E	(39.99171495, 116.30393496863539, 0.0)	39.99171495	116.303934968635	91.54	0.12	High	73	147057	2984788	59.84	91589	91589	Scaffold
GCA_002753185.1	Magnetococcales_bacterium_WMHbin3	d__Bacteria;<br>p__Proteobacteria;<br>c__Alphaproteobacteria;<br>o__Magnetococcales;<br>f__;<br>g__;<br>s__	d__Bacteria;<br>p__Pseudomonadota;<br>c__Magnetococcia;<br>o__Magnetococcales;<br>f__Magnetaquicoccaceae;<br>g__WMHbin3;<br>s__WMHbin3 sp002753185	"<a href=""https://www.ncbi.nlm.nih.gov/datasets/genome/GCA_002753185.1"">NCBI</a>"	"<a href=""https://gtdb.ecogenomic.org/genome?gid=GCA_002753185.1"">GTDB</a>"	SAMN07572857	PRJNA400260	PDZX00000000	Illumina HiSeq	2017-11-06 00:00:00	Institute of Geology and Geophysics, Chinese Academy of Sciences	Genomic expansion of magnetotactic bacteria reveals an early common origin of magnetotaxis with lineage-specific evolution	29581530.0	10.1038/s41396-018-0098-9	2018	W Lin, et al.	China: Lake Weiming	freshwater	39.993142 N 116.30256 E	(39.99171495, 116.30393496863539, 0.0)	39.99171495	116.303934968635	93.53	2.1	High	157	160847	4601373	61.61	51212	51062	Scaffold
GCA_002753215.1	Magnetococcales_bacterium_WMHbin1	d__Bacteria;<br>p__Proteobacteria;<br>c__Alphaproteobacteria;<br>o__Magnetococcales;<br>f__;<br>g__;<br>s__	d__Bacteria;<br>p__Pseudomonadota;<br>c__Magnetococcia;<br>o__Magnetococcales;<br>f__UBA8363;<br>g__UBA8363;<br>s__UBA8363 sp002753735	"<a href=""https://www.ncbi.nlm.nih.gov/datasets/genome/GCA_002753215.1"">NCBI</a>"	"<a href=""https://gtdb.ecogenomic.org/genome?gid=GCA_002753215.1"">GTDB</a>"	SAMN07556471	PRJNA400260	PDZY00000000	Illumina HiSeq	2017-11-06 00:00:00	Institute of Geology and Geophysics, Chinese Academy of Sciences	Genomic expansion of magnetotactic bacteria reveals an early common origin of magnetotaxis with lineage-specific evolution	29581530.0	10.1038/s41396-018-0098-9	2018	W Lin, et al.	China: Lake Weiming	freshwater	39.993142 N 116.30256 E	(39.99171495, 116.30393496863539, 0.0)	39.99171495	116.303934968635	98.32	2.94	High	242	107606	4380192	54.3	24882	24044	Scaffold
GCA_002753225.1	Deltaproteobacteria_bacterium_YD0425bin51	d__Bacteria;<br>p__Proteobacteria;<br>c__Deltaproteobacteria;<br>o__;<br>f__;<br>g__;<br>s__	d__Bacteria;<br>p__Desulfobacterota;<br>c__Desulfobacteria;<br>o__Desulfobacterales;<br>f__YD0425bin51;<br>g__YD0425bin51;<br>s__YD0425bin51 sp002753225	"<a href=""https://www.ncbi.nlm.nih.gov/datasets/genome/GCA_002753225.1"">NCBI</a>"	"<a href=""https://gtdb.ecogenomic.org/genome?gid=GCA_002753225.1"">GTDB</a>"	SAMN07572861	PRJNA400260	PDZS00000000	Illumina HiSeq	2017-11-06 00:00:00	Institute of Geology and Geophysics, Chinese Academy of Sciences	Genomic expansion of magnetotactic bacteria reveals an early common origin of magnetotaxis with lineage-specific evolution	29581530.0	10.1038/s41396-018-0098-9	2018	W Lin, et al.	China: Yuandadu Park	freshwater	39.974732 N 116.368688 E	(39.97443735, 116.36869950329081, 0.0)	39.97443735	116.368699503291	96.13	0.84	High	134	346380	5221616	32.23	82896	82896	Contig
GCA_002753255.1	Candidatus_Lambdaproteobacteria_bacterium_PCRbin3	d__Bacteria;<br>p__Proteobacteria;<br>c__Candidatus Lambdaproteobacteria;<br>o__;<br>f__;<br>g__;<br>s__	d__Bacteria;<br>p__SAR324;<br>c__SAR324;<br>o__SAR324;<br>f__GCA-2753255;<br>g__GCA-2753255;<br>s__GCA-2753255 sp002753255	"<a href=""https://www.ncbi.nlm.nih.gov/datasets/genome/GCA_002753255.1"">NCBI</a>"	"<a href=""https://gtdb.ecogenomic.org/genome?gid=GCA_002753255.1"">GTDB</a>"	SAMN07556470	PRJNA400260	PDZZ00000000	Illumina HiSeq	2017-11-06 00:00:00	Institute of Geology and Geophysics, Chinese Academy of Sciences	Genomic expansion of magnetotactic bacteria reveals an early common origin of magnetotaxis with lineage-specific evolution	29581530.0	10.1038/s41396-018-0098-9	2018	W Lin, et al.	Australia: Punkally Creek	brackish	36.23413 S 150.06798 E	(-36.2319047, 150.0712607, 0.0)	-36.2319047	150.0712607	77.14	0.96	Medium	530	102957	5059199	41.83	14906	14906	Contig
GCA_002753275.1	Zetaproteobacteria_bacterium_PCbin4	d__Bacteria;<br>p__Proteobacteria;<br>c__Zetaproteobacteria;<br>o__;<br>f__;<br>g__;<br>s__	d__Bacteria;<br>p__Pseudomonadota;<br>c__Zetaproteobacteria;<br>o__Mariprofundales;<br>f__Mariprofundaceae;<br>g__GCA-2753275;<br>s__GCA-2753275 sp002753275	"<a href=""https://www.ncbi.nlm.nih.gov/datasets/genome/GCA_002753275.1"">NCBI</a>"	"<a href=""https://gtdb.ecogenomic.org/genome?gid=GCA_002753275.1"">GTDB</a>"	SAMN07556469	PRJNA400260	PEAA00000000	Illumina HiSeq	2017-11-06 00:00:00	Institute of Geology and Geophysics, Chinese Academy of Sciences	Genomic expansion of magnetotactic bacteria reveals an early common origin of magnetotaxis with lineage-specific evolution	29581530.0	10.1038/s41396-018-0098-9	2018	W Lin, et al.	Australia: Painkalac Creek	brackish	38.46575 S 144.09288 E	(-38.4660057, 144.0924743, 0.0)	-38.4660057	144.0924743	95.33	0.84	High	55	201706	1864480	47.58	58094	46073	Scaffold
GCA_002753305.1	Nitrospirae_bacterium_MYbin6	d__Bacteria;<br>p__Nitrospirae;<br>c__;<br>o__;<br>f__;<br>g__;<br>s__	d__Bacteria;<br>p__Nitrospirota;<br>c__Thermodesulfovibrionia;<br>o__Thermodesulfovibrionales;<br>f__Magnetobacteriaceae;<br>g__Magnetominusculus;<br>s__Magnetominusculus sp002753305	"<a href=""https://www.ncbi.nlm.nih.gov/datasets/genome/GCA_002753305.1"">NCBI</a>"	"<a href=""https://gtdb.ecogenomic.org/genome?gid=GCA_002753305.1"">GTDB</a>"	SAMN07572855	PRJNA400260	PEAC00000000	Illumina HiSeq	2017-11-06 00:00:00	Institute of Geology and Geophysics, Chinese Academy of Sciences	Genomic expansion of magnetotactic bacteria reveals an early common origin of magnetotaxis with lineage-specific evolution	29581530.0	10.1038/s41396-018-0098-9	2018	W Lin, et al.	China: Lake Miyun	freshwater	40.48874 N 117.00714 E	(40.4759523, 117.018088, 0.0)	40.4759523	117.018088	85.35	2.73	Medium	218	98115	3596763	47.78	26590	24809	Scaffold
GCA_002753335.1	Nitrospirae_bacterium_MYbin3	d__Bacteria;<br>p__Nitrospirae;<br>c__;<br>o__;<br>f__;<br>g__;<br>s__	d__Bacteria;<br>p__Nitrospirota;<br>c__Thermodesulfovibrionia;<br>o__Thermodesulfovibrionales;<br>f__Dissulfurispiraceae;<br>g__MYbin3;<br>s__MYbin3 sp002753335	"<a href=""https://www.ncbi.nlm.nih.gov/datasets/genome/GCA_002753335.1"">NCBI</a>"	"<a href=""https://gtdb.ecogenomic.org/genome?gid=GCA_002753335.1"">GTDB</a>"	SAMN07572854	PRJNA400260	PEAD00000000	Illumina HiSeq	2017-11-06 00:00:00	Institute of Geology and Geophysics, Chinese Academy of Sciences	Genomic expansion of magnetotactic bacteria reveals an early common origin of magnetotaxis with lineage-specific evolution	29581530.0	10.1038/s41396-018-0098-9	2018	W Lin, et al.	China: Lake Miyun	freshwater	40.48874 N 117.00714 E	(40.4759523, 117.018088, 0.0)	40.4759523	117.018088	96.49	0.91	High	66	210780	2929370	44.36	86724	83795	Scaffold
GCA_002753395.1	Nitrospirae_bacterium_MYbinv3	d__Bacteria;<br>p__Nitrospirae;<br>c__;<br>o__;<br>f__;<br>g__;<br>s__	d__Bacteria;<br>p__Nitrospirota;<br>c__Thermodesulfovibrionia;<br>o__Thermodesulfovibrionales;<br>f__Magnetobacteriaceae;<br>g__Magnetobacterium;<br>s__Magnetobacterium sp002753395	"<a href=""https://www.ncbi.nlm.nih.gov/datasets/genome/GCA_002753395.1"">NCBI</a>"	"<a href=""https://gtdb.ecogenomic.org/genome?gid=GCA_002753395.1"">GTDB</a>"	SAMN07572856	PRJNA400260	PEAB00000000	Illumina HiSeq	2017-11-06 00:00:00	Institute of Geology and Geophysics, Chinese Academy of Sciences	Genomic expansion of magnetotactic bacteria reveals an early common origin of magnetotaxis with lineage-specific evolution	29581530.0	10.1038/s41396-018-0098-9	2018	W Lin, et al.	China: Lake Miyun	freshwater	40.48874 N 117.00714 E	(40.4759523, 117.018088, 0.0)	40.4759523	117.018088	94.24	3.18	High	175	110436	3713224	44.44	35197	33994	Scaffold
GCA_002753435.1	Nitrospirota_bacterium_HCHbin1	d__Bacteria;<br>p__Nitrospirae;<br>c__;<br>o__;<br>f__;<br>g__;<br>s__	d__Bacteria;<br>p__Nitrospirota;<br>c__Thermodesulfovibrionia;<br>o__Thermodesulfovibrionales;<br>f__Magnetobacteriaceae;<br>g__Magnetominusculus;<br>s__Magnetominusculus xianensis	"<a href=""https://www.ncbi.nlm.nih.gov/datasets/genome/GCA_002753435.1"">NCBI</a>"	"<a href=""https://gtdb.ecogenomic.org/genome?gid=GCA_002753435.1"">GTDB</a>"	SAMN07556466	PRJNA400260	PEAH00000000	Illumina HiSeq	2017-11-06 00:00:00	Institute of Geology and Geophysics, Chinese Academy of Sciences	Genomic expansion of magnetotactic bacteria reveals an early common origin of magnetotaxis with lineage-specific evolution	29581530.0	10.1038/s41396-018-0098-9	2018	W Lin, et al.	China: Xi'an city moat	freshwater	34.25287 N 108.92187 E	(34.252492, 108.9220092, 0.0)	34.252492	108.9220092	98.18	0.91	High	94	159339	3692324	45.24	55039	55039	Scaffold
GCA_002753455.1	Nitrospirota_bacterium_MYbin2	d__Bacteria;<br>p__Nitrospirae;<br>c__;<br>o__;<br>f__;<br>g__;<br>s__	d__Bacteria;<br>p__Nitrospirota;<br>c__Thermodesulfovibrionia;<br>o__Thermodesulfovibrionales;<br>f__Magnetobacteriaceae;<br>g__Magnetobacterium;<br>s__Magnetobacterium casensis	"<a href=""https://www.ncbi.nlm.nih.gov/datasets/genome/GCA_002753455.1"">NCBI</a>"	"<a href=""https://gtdb.ecogenomic.org/genome?gid=GCA_002753455.1"">GTDB</a>"	SAMN07556468	PRJNA400260	PEAE00000000	Illumina HiSeq	2017-11-06 00:00:00	Institute of Geology and Geophysics, Chinese Academy of Sciences	Genomic expansion of magnetotactic bacteria reveals an early common origin of magnetotaxis with lineage-specific evolution	29581530.0	10.1038/s41396-018-0098-9	2018	W Lin, et al.	China: Lake Miyun	freshwater	40.48874 N 117.00714 E	(40.4759523, 117.018088, 0.0)	40.4759523	117.018088	74.0	2.73	Medium	89	133212	3071492	48.79	62390	62390	Scaffold
GCA_002753465.1	Candidatus_Omnitrophica_bacterium_MBPbin6	d__Bacteria;<br>p__Candidatus Omnitrophica;<br>c__;<br>o__;<br>f__;<br>g__;<br>s__	d__Bacteria;<br>p__Omnitrophota;<br>c__Koll11;<br>o__Zapsychrales;<br>f__Fredricksoniimonadaceae;<br>g__Fredricksoniimonas;<br>s__Fredricksoniimonas sp002753465	"<a href=""https://www.ncbi.nlm.nih.gov/datasets/genome/GCA_002753465.1"">NCBI</a>"	"<a href=""https://gtdb.ecogenomic.org/genome?gid=GCA_002753465.1"">GTDB</a>"	SAMN07556467	PRJNA400260	PEAF00000000	Illumina HiSeq	2017-11-06 00:00:00	Institute of Geology and Geophysics, Chinese Academy of Sciences	Genomic expansion of magnetotactic bacteria reveals an early common origin of magnetotaxis with lineage-specific evolution	29581530.0	10.1038/s41396-018-0098-9	2018	W Lin, et al.	Australia: Mount Beauty Pondage	freshwater	36.73874 S 147.16443 E	(-36.7385789, 147.1642309, 0.0)	-36.7385789	147.1642309	68.4	2.15	Medium	150	138858	2181257	49.49	24179	24179	Contig
GCA_002753495.1	Magnetococcales_bacterium_HA3dbin3	d__Bacteria;<br>p__Proteobacteria;<br>c__Alphaproteobacteria;<br>o__Magnetococcales;<br>f__;<br>g__;<br>s__	d__Bacteria;<br>p__Pseudomonadota;<br>c__Magnetococcia;<br>o__Magnetococcales;<br>f__DC0425bin3;<br>g__HA3dbin3;<br>s__HA3dbin3 sp002753495	"<a href=""https://www.ncbi.nlm.nih.gov/datasets/genome/GCA_002753495.1"">NCBI</a>"	"<a href=""https://gtdb.ecogenomic.org/genome?gid=GCA_002753495.1"">GTDB</a>"	SAMN07572852	PRJNA400260	PEAJ00000000	Illumina HiSeq	2017-11-06 00:00:00	Institute of Geology and Geophysics, Chinese Academy of Sciences	Genomic expansion of magnetotactic bacteria reveals an early common origin of magnetotaxis with lineage-specific evolution	29581530.0	10.1038/s41396-018-0098-9	2018	W Lin, et al.	China: Pond, Hongan	freshwater	31.173819 N 114.547642 E	(31.1779391, 114.5464272, 0.0)	31.1779391	114.5464272	74.36	2.52	Medium	316	57868	2895658	61.72	13187	13187	Contig
GCA_002753505.1	Magnetococcales_bacterium_HCHbin5	d__Bacteria;<br>p__Proteobacteria;<br>c__Alphaproteobacteria;<br>o__Magnetococcales;<br>f__;<br>g__;<br>s__	d__Bacteria;<br>p__Pseudomonadota;<br>c__Magnetococcia;<br>o__Magnetococcales;<br>f__Magnetaquicoccaceae;<br>g__HCHbin5;<br>s__HCHbin5 sp002753505	"<a href=""https://www.ncbi.nlm.nih.gov/datasets/genome/GCA_002753505.1"">NCBI</a>"	"<a href=""https://gtdb.ecogenomic.org/genome?gid=GCA_002753505.1"">GTDB</a>"	SAMN07572853	PRJNA400260	PEAG00000000	Illumina HiSeq	2017-11-06 00:00:00	Institute of Geology and Geophysics, Chinese Academy of Sciences	Genomic expansion of magnetotactic bacteria reveals an early common origin of magnetotaxis with lineage-specific evolution	29581530.0	10.1038/s41396-018-0098-9	2018	W Lin, et al.	China: Xi'an city moat	freshwater	34.25287 N 108.92187 E	(34.252492, 108.9220092, 0.0)	34.252492	108.9220092	98.99	4.73	High	200	216026	4188618	56.97	38237	36890	Scaffold
GCA_002753515.1	Magnetococcales_bacterium_HA3dbin1	d__Bacteria;<br>p__Proteobacteria;<br>c__Alphaproteobacteria;<br>o__Magnetococcales;<br>f__;<br>g__;<br>s__	d__Bacteria;<br>p__Pseudomonadota;<br>c__Magnetococcia;<br>o__Magnetococcales;<br>f__UBA8363;<br>g__UBA8363;<br>s__UBA8363 sp002753515	"<a href=""https://www.ncbi.nlm.nih.gov/datasets/genome/GCA_002753515.1"">NCBI</a>"	"<a href=""https://gtdb.ecogenomic.org/genome?gid=GCA_002753515.1"">GTDB</a>"	SAMN07556464	PRJNA400260	PEAK00000000	Illumina HiSeq	2017-11-06 00:00:00	Institute of Geology and Geophysics, Chinese Academy of Sciences	Genomic expansion of magnetotactic bacteria reveals an early common origin of magnetotaxis with lineage-specific evolution	29581530.0	10.1038/s41396-018-0098-9	2018	W Lin, et al.	China: Pond, Hongan	freshwater	31.173819 N 114.547642 E	(31.1779391, 114.5464272, 0.0)	31.1779391	114.5464272	96.57	3.36	High	134	182083	4326896	53.32	54627	51455	Scaffold
GCA_002753565.1	Magnetococcales_bacterium_ER1bin7	d__Bacteria;<br>p__Proteobacteria;<br>c__Alphaproteobacteria;<br>o__Magnetococcales;<br>f__;<br>g__;<br>s__	d__Bacteria;<br>p__Pseudomonadota;<br>c__Magnetococcia;<br>o__Magnetococcales;<br>f__UBA8363;<br>g__GCA-2753565;<br>s__GCA-2753565 sp002753565	"<a href=""https://www.ncbi.nlm.nih.gov/datasets/genome/GCA_002753565.1"">NCBI</a>"	"<a href=""https://gtdb.ecogenomic.org/genome?gid=GCA_002753565.1"">GTDB</a>"	SAMN07556462	PRJNA400260	PEAM00000000	Illumina HiSeq	2017-11-06 00:00:00	Institute of Geology and Geophysics, Chinese Academy of Sciences	Genomic expansion of magnetotactic bacteria reveals an early common origin of magnetotaxis with lineage-specific evolution	29581530.0	10.1038/s41396-018-0098-9	2018	W Lin, et al.	Australia: Erskine River	brackish	38.5338 S 143.97832 E	(-38.53488, 143.9771079, 0.0)	-38.53488	143.9771079	99.11	1.68	High	92	271620	3866744	52.3	116043	116043	Scaffold
GCA_002753595.1	Magnetococcales_bacterium_HAa3bin1	d__Bacteria;<br>p__Proteobacteria;<br>c__Alphaproteobacteria;<br>o__Magnetococcales;<br>f__;<br>g__;<br>s__	d__Bacteria;<br>p__Pseudomonadota;<br>c__Magnetococcia;<br>o__Magnetococcales;<br>f__UBA8363;<br>g__UBA8363;<br>s__UBA8363 sp015228975	"<a href=""https://www.ncbi.nlm.nih.gov/datasets/genome/GCA_002753595.1"">NCBI</a>"	"<a href=""https://gtdb.ecogenomic.org/genome?gid=GCA_002753595.1"">GTDB</a>"	SAMN07556465	PRJNA400260	PEAI00000000	Illumina HiSeq	2017-11-06 00:00:00	Institute of Geology and Geophysics, Chinese Academy of Sciences	Genomic expansion of magnetotactic bacteria reveals an early common origin of magnetotaxis with lineage-specific evolution	29581530.0	10.1038/s41396-018-0098-9	2018	W Lin, et al.	China: Rice field, Hongan	freshwater	31.174289 N 114.543941 E	(31.1779391, 114.5464272, 0.0)	31.1779391	114.5464272	98.25	4.2	High	118	207762	4347394	53.21	63208	63080	Scaffold
GCA_002753615.1	Magnetococcales_bacterium_DCbin2	d__Bacteria;<br>p__Proteobacteria;<br>c__Alphaproteobacteria;<br>o__Magnetococcales;<br>f__;<br>g__;<br>s__	d__Bacteria;<br>p__Pseudomonadota;<br>c__Magnetococcia;<br>o__Magnetococcales;<br>f__UBA8363;<br>g__UBA8363;<br>s__UBA8363 sp002753615	"<a href=""https://www.ncbi.nlm.nih.gov/datasets/genome/GCA_002753615.1"">NCBI</a>"	"<a href=""https://gtdb.ecogenomic.org/genome?gid=GCA_002753615.1"">GTDB</a>"	SAMN07572850	PRJNA400260	PEAO00000000	Illumina HiSeq	2017-11-06 00:00:00	Institute of Geology and Geophysics, Chinese Academy of Sciences	Genomic expansion of magnetotactic bacteria reveals an early common origin of magnetotaxis with lineage-specific evolution	29581530.0	10.1038/s41396-018-0098-9	2018	W Lin, et al.	China: Lake Dianchi	freshwater	24.908133 N 102.74605 E	(24.9033068, 102.7596249, 0.0)	24.9033068	102.7596249	77.26	1.68	Medium	201	100792	3364396	51.85	24837	23483	Scaffold
GCA_002753665.1	Magnetococcales_bacterium_DC0425bin3	d__Bacteria;<br>p__Proteobacteria;<br>c__Alphaproteobacteria;<br>o__Magnetococcales;<br>f__;<br>g__;<br>s__	d__Bacteria;<br>p__Pseudomonadota;<br>c__Magnetococcia;<br>o__Magnetococcales;<br>f__DC0425bin3;<br>g__DC0425bin3;<br>s__DC0425bin3 sp002753665	"<a href=""https://www.ncbi.nlm.nih.gov/datasets/genome/GCA_002753665.1"">NCBI</a>"	"<a href=""https://gtdb.ecogenomic.org/genome?gid=GCA_002753665.1"">GTDB</a>"	SAMN07572849	PRJNA400260	PEAP00000000	Illumina HiSeq	2017-11-06 00:00:00	Institute of Geology and Geophysics, Chinese Academy of Sciences	Genomic expansion of magnetotactic bacteria reveals an early common origin of magnetotaxis with lineage-specific evolution	29581530.0	10.1038/s41396-018-0098-9	2018	W Lin, et al.	China: Lake Dianchi	freshwater	24.908133 N 102.74605 E	(24.9033068, 102.7596249, 0.0)	24.9033068	102.7596249	98.32	1.68	High	230	101694	3696616	65.4	26687	26687	Contig
GCA_002753685.1	Nitrospirota_bacterium_DC0425bin1	d__Bacteria;<br>p__Nitrospirae;<br>c__;<br>o__;<br>f__;<br>g__;<br>s__	d__Bacteria;<br>p__Nitrospirota;<br>c__Thermodesulfovibrionia;<br>o__Thermodesulfovibrionales;<br>f__Magnetobacteriaceae;<br>g__Magnetobacterium;<br>s__Magnetobacterium sp002753685	"<a href=""https://www.ncbi.nlm.nih.gov/datasets/genome/GCA_002753685.1"">NCBI</a>"	"<a href=""https://gtdb.ecogenomic.org/genome?gid=GCA_002753685.1"">GTDB</a>"	SAMN07556461	PRJNA400260	PEAQ00000000	Illumina HiSeq	2017-11-06 00:00:00	Institute of Geology and Geophysics, Chinese Academy of Sciences	Genomic expansion of magnetotactic bacteria reveals an early common origin of magnetotaxis with lineage-specific evolution	29581530.0	10.1038/s41396-018-0098-9	2018	W Lin, et al.	China: Lake Dianchi	freshwater	24.908133 N 102.74605 E	(24.9033068, 102.7596249, 0.0)	24.9033068	102.7596249	96.97	1.82	High	107	219720	4024796	49.04	75024	62063	Scaffold
GCA_002753725.1	Deltaproteobacteria_bacterium_ER2bin7	d__Bacteria;<br>p__Proteobacteria;<br>c__Deltaproteobacteria;<br>o__;<br>f__;<br>g__;<br>s__	d__Bacteria;<br>p__Desulfobacterota;<br>c__Desulfobacteria;<br>o__Desulfobacterales;<br>f__Magnetomoraceae;<br>g__Magnetomorum;<br>s__Magnetomorum sp002753725	"<a href=""https://www.ncbi.nlm.nih.gov/datasets/genome/GCA_002753725.1"">NCBI</a>"	"<a href=""https://gtdb.ecogenomic.org/genome?gid=GCA_002753725.1"">GTDB</a>"	SAMN07556463	PRJNA400260	PEAL00000000	Illumina HiSeq	2017-11-06 00:00:00	Institute of Geology and Geophysics, Chinese Academy of Sciences	Genomic expansion of magnetotactic bacteria reveals an early common origin of magnetotaxis with lineage-specific evolution	29581530.0	10.1038/s41396-018-0098-9	2018	W Lin, et al.	Australia: Erskine River	brackish	38.5359 S 143.97478 E	(-38.53542755, 143.97471728567393, 0.0)	-38.53542755	143.974717285674	88.06	0.7	Medium	653	51167	5965504	38.47	12662	12637	Scaffold
GCA_002753735.1	Magnetococcales_bacterium_DCbin4	d__Bacteria;<br>p__Proteobacteria;<br>c__Alphaproteobacteria;<br>o__Magnetococcales;<br>f__;<br>g__;<br>s__	d__Bacteria;<br>p__Pseudomonadota;<br>c__Magnetococcia;<br>o__Magnetococcales;<br>f__UBA8363;<br>g__UBA8363;<br>s__UBA8363 sp002753735	"<a href=""https://www.ncbi.nlm.nih.gov/datasets/genome/GCA_002753735.1"">NCBI</a>"	"<a href=""https://gtdb.ecogenomic.org/genome?gid=GCA_002753735.1"">GTDB</a>"	SAMN07572851	PRJNA400260	PEAN00000000	Illumina HiSeq	2017-11-06 00:00:00	Institute of Geology and Geophysics, Chinese Academy of Sciences	Genomic expansion of magnetotactic bacteria reveals an early common origin of magnetotaxis with lineage-specific evolution	29581530.0	10.1038/s41396-018-0098-9	2018	W Lin, et al.	China: Lake Dianchi	freshwater	24.908133 N 102.74605 E	(24.9033068, 102.7596249, 0.0)	24.9033068	102.7596249	94.12	2.1	High	148	157872	4521331	54.25	49732	42950	Scaffold
GCA_002753745.1	Candidatus_Omnitrophica_bacterium_Cal1bin1	d__Bacteria;<br>p__Candidatus Omnitrophica;<br>c__;<br>o__;<br>f__;<br>g__;<br>s__	d__Bacteria;<br>p__Omnitrophota;<br>c__Koll11;<br>o__Zapsychrales;<br>f__Fredricksoniimonadaceae;<br>g__GCA-2753745;<br>s__GCA-2753745 sp002753745	"<a href=""https://www.ncbi.nlm.nih.gov/datasets/genome/GCA_002753745.1"">NCBI</a>"	"<a href=""https://gtdb.ecogenomic.org/genome?gid=GCA_002753745.1"">GTDB</a>"	SAMN07556460	PRJNA400260	PEAR00000000	Illumina HiSeq	2017-11-06 00:00:00	Institute of Geology and Geophysics, Chinese Academy of Sciences	Genomic expansion of magnetotactic bacteria reveals an early common origin of magnetotaxis with lineage-specific evolution	29581530.0	10.1038/s41396-018-0098-9	2018	W Lin, et al.	Australia: Lake Catani	freshwater	36.73426 S 146.81119 E	(-36.735271, 146.8112389, 0.0)	-36.735271	146.8112389	84.26	2.15	Medium	240	61073	2540141	49.55	15133	15133	Scaffold
GCA_003284725.1	Magnetospirillum_kuznetsovii_LBB-42			"<a href=""https://www.ncbi.nlm.nih.gov/datasets/genome/GCA_003284725.1"">NCBI</a>"	"<a href=""https://gtdb.ecogenomic.org/genome?gid=GCA_003284725.1"">GTDB</a>"	SAMN08026813	PRJNA418400	PGTO00000000	Illumina HiSeq	2018-06-29 00:00:00	Research Center of Biotechnology RAS	Magnetospirillum kuznetsovii sp. nov., a novel magnetotactic bacterium isolated from a lake in the Moscow region	31038447.0	10.1099/ijsem.0.003408	2019	Veronika V Koziaeva	Russia: Moscow region	freshwater	55.38 N 39.44 E	(55.262815599999996, 39.198934955740086, 0.0)	55.2628156	39.1989349557401	99.5	0.5	High	69	546444	4405793	63.44	215319	215319	Contig
GCA_004217665.1	Candidatus_Magnetaquicoccus_inordinatus_UR-1			"<a href=""https://www.ncbi.nlm.nih.gov/datasets/genome/GCA_004217665.1"">NCBI</a>"	"<a href=""https://gtdb.ecogenomic.org/genome?gid=GCA_004217665.1"">GTDB</a>"	SAMN10581107	PRJNA509450	RXIU00000000	Illumina HiSeq	2019-02-20 00:00:00	Research Center of Biotechnology RAS	"Genome-Based Metabolic Reconstruction of a Novel Uncultivated Freshwater Magnetotactic coccus "" Ca. Magnetaquicoccus inordinatus"" UR-1, and Proposal of a Candidate Family "" Ca. Magnetaquicoccaceae"""	31632385.0	10.3389/fmicb.2019.02290	2019	Veronika Koziaeva	Russia: Uda River	freshwater	51.8229 ◦N, 107.6199 ◦E		51.8229	107.619	97.4	3.78	High	546	72815	4143644	52.51	13993	12614	Scaffold
GCA_004376055.2	Nitrospirales_bacterium_LBB_01	d__Bacteria;<br>p__Nitrospirae;<br>c__Nitrospira;<br>o__Nitrospirales;<br>f__;<br>g__;<br>s__	d__Bacteria;<br>p__Nitrospirota;<br>c__Thermodesulfovibrionia;<br>o__Thermodesulfovibrionales;<br>f__Magnetobacteriaceae;<br>g__JADFXG01;<br>s__JADFXG01 sp004376055	"<a href=""https://www.ncbi.nlm.nih.gov/datasets/genome/GCA_004376055.2"">NCBI</a>"	"<a href=""https://gtdb.ecogenomic.org/genome?gid=GCA_004376055.2"">GTDB</a>"	SAMN11125809	PRJNA527025	-	Oxford Nanopore MiniION; Illumina HiSeq	2021-07-20 00:00:00	Research Center of Biotechnology RAS	Detection of interphylum transfers of the magnetosome gene cluster in magnetotactic bacteria	35979495.0	10.3389/fmicb.2022.945734	2022	Maria Uzun	Russia: Moscow region, Shatura district, Lake Beloe Bordukovskoe	freshwater	55.632230 N 39.743775 E	(55.6201778, 39.7283484, 0.0)	55.6201778	39.7283484	99.03	0.91	High	1	3273455	3273455	41.96	3273455	3273455	Complete Genome
GCA_004564135.1	Terasakiella_sp._SH-1			"<a href=""https://www.ncbi.nlm.nih.gov/datasets/genome/GCA_004564135.1"">NCBI</a>"	"<a href=""https://gtdb.ecogenomic.org/genome?gid=GCA_004564135.1"">GTDB</a>"	SAMN11257831	PRJNA529092	-	PacBio RSII	2019-04-02 00:00:00	Institute of Oceanology, Chinese Academy of Sciences	Magnetosome Gene Duplication as an Important Driver in the Evolution of Magnetotaxis in the Alphaproteobacteria	31662428.0	10.1128/mSystems.00315-19	2019	Haijian Du	China:Sanya	intertidal	18°17'29''_x0002_N, 109°20'59''_x0002_E		18.291389	109.349722	100.0	0.0	High	1	3832570	3832570	47.53	3832570	3832570	Complete Genome
GCA_008375315.1	Ectothiorhodospiraceae_bacterium_BW-2	d__Bacteria;<br>p__Proteobacteria;<br>c__Gammaproteobacteria;<br>o__Chromatiales;<br>f__Ectothiorhodospiraceae;<br>g__;<br>s__	d__Bacteria;<br>p__Pseudomonadota;<br>c__Gammaproteobacteria;<br>o__BW-2;<br>f__BW-2;<br>g__BW-2;<br>s__BW-2 sp008375315	"<a href=""https://www.ncbi.nlm.nih.gov/datasets/genome/GCA_008375315.1"">NCBI</a>"	"<a href=""https://gtdb.ecogenomic.org/genome?gid=GCA_008375315.1"">GTDB</a>"	SAMN10093507	PRJNA491938	-	Illumina, PacBio	2019-09-13 00:00:00	University of Nevada Las Vegas	Complete Genome Sequence of Strain BW-2, a Magnetotactic Gammaproteobacterium in the Family Ectothiorhodospiraceae, Isolated from a Brackish Spring in Death Valley, California	31896630.0	10.1128/MRA.01144-19	2020	Corey Geurink	USA: Badwater Basin California	brackish	36.25730952478125, -116.82762219858981	(36.29256785, -117.19885209898713, 0.0)	36.29256785	-117.198852098987	95.8	1.0	High	1	4074140	4074140	52.6	4074140	4074140	Complete Genome
GCA_011089865.1	Magnetococcales_bacterium_DH2_bin20			"<a href=""https://www.ncbi.nlm.nih.gov/datasets/genome/GCA_011089865.1"">NCBI</a>"	"<a href=""https://gtdb.ecogenomic.org/genome?gid=GCA_011089865.1"">GTDB</a>"	SAMN12091309	PRJNA400260	JAANAV000000000	Illumina HiSeq	2020-03-09 00:00:00	Institute of Geology and Geophysics, Chinese Academy of Sciences	Two Metagenome-Assembled Genome Sequences of Magnetotactic Bacteria in the Order Magnetococcales	32855242.0	10.1128/MRA.00363-20	2020	Wensi Zhang	China: Wuhan, East Lake	freshwater	30.555833 N 114.411389 E	(30.552824, 114.4096587, 0.0)	30.552824	114.4096587	91.76	10.88	Low	525	74981	5014406	52.96	14837	14837	Contig
GCA_011089965.1	Magnetococcales_bacterium_DH2_bin6	d__Bacteria;<br>p__Proteobacteria;<br>c__Alphaproteobacteria;<br>o__Magnetococcales;<br>f__;<br>g__;<br>s__	d__Bacteria;<br>p__Pseudomonadota;<br>c__Magnetococcia;<br>o__Magnetococcales;<br>f__Magnetaquicoccaceae;<br>g__JAANAU01;<br>s__JAANAU01 sp011089965	"<a href=""https://www.ncbi.nlm.nih.gov/datasets/genome/GCA_011089965.1"">NCBI</a>"	"<a href=""https://gtdb.ecogenomic.org/genome?gid=GCA_011089965.1"">GTDB</a>"	SAMN12091308	PRJNA400260	JAANAU000000000	Illumina HiSeq	2020-03-09 00:00:00	Institute of Geology and Geophysics, Chinese Academy of Sciences	Two Metagenome-Assembled Genome Sequences of Magnetotactic Bacteria in the Order Magnetococcales	32855242.0	10.1128/MRA.00363-20	2020	Wensi Zhang	China: Wuhan, East Lake	freshwater	30.555833 N 114.411389 E	(30.552824, 114.4096587, 0.0)	30.552824	114.4096587	94.54	1.26	High	80	321640	3658807	56.76	88744	88744	Contig
GCA_013349285.1	Deltaproteobacteria_bacterium_MAG_22204_dsfv_001	d__Bacteria;<br>p__Proteobacteria;<br>c__Deltaproteobacteria;<br>o__;<br>f__;<br>g__;<br>s__	d__Bacteria;<br>p__Desulfobacterota;<br>c__Desulfobulbia;<br>o__Desulfobulbales;<br>f__Desulfurivibrionaceae;<br>g__DUZU01;<br>s__DUZU01 sp013349285	"<a href=""https://www.ncbi.nlm.nih.gov/datasets/genome/GCA_013349285.1"">NCBI</a>"	"<a href=""https://gtdb.ecogenomic.org/genome?gid=GCA_013349285.1"">GTDB</a>"	SAMN14911675	PRJNA632036	DUZU00000000	Illumina HiSeq	2020-06-16 00:00:00	Research Center of Biotechnology RAS	Unravelling the diversity of magnetotactic bacteria through analysis of open genomic databases	32737307.0	10.1038/s41597-020-00593-0	2020	M Uzun, et al.	USA: California	marine	38.0300 N 122.1500 W	(38.0251109, -122.1389221, 0.0)	38.0251109	-122.1389221	89.47	0.36	Medium	75	115631	2675335	52.74	60141	60141	Contig
GCA_013349295.1	Deltaproteobacteria_bacterium_MAG_22309_dsfv_022	d__Bacteria;<br>p__Proteobacteria;<br>c__Deltaproteobacteria;<br>o__;<br>f__;<br>g__;<br>s__	d__Bacteria;<br>p__Desulfobacterota;<br>c__Desulfobulbia;<br>o__Desulfobulbales;<br>f__Desulfurivibrionaceae;<br>g__UBA2262;<br>s__UBA2262 sp013349295	"<a href=""https://www.ncbi.nlm.nih.gov/datasets/genome/GCA_013349295.1"">NCBI</a>"	"<a href=""https://gtdb.ecogenomic.org/genome?gid=GCA_013349295.1"">GTDB</a>"	SAMN14911677	PRJNA632036	DUZW00000000	Illumina HiSeq	2020-06-16 00:00:00	Research Center of Biotechnology RAS	Unravelling the diversity of magnetotactic bacteria through analysis of open genomic databases	32737307.0	10.1038/s41597-020-00593-0	2020	M Uzun, et al.	USA: California	marine	38.0500 N 121.9340 W	(38.0513087, -121.9149596, 0.0)	38.0513087	-121.9149596	91.6	1.79	High	66	246265	2902378	55.15	78905	78905	Contig
GCA_013349325.1	Desulfuromonadales_bacterium_MAG_13126_9_058	d__Bacteria;<br>p__Proteobacteria;<br>c__Deltaproteobacteria;<br>o__Desulfuromonadales;<br>f__;<br>g__;<br>s__	d__Bacteria;<br>p__Desulfobacterota_F;<br>c__Desulfuromonadia;<br>o__Geobacterales;<br>f__Pseudopelobacteraceae;<br>g__JACRCG01;<br>s__JACRCG01 sp013349325	"<a href=""https://www.ncbi.nlm.nih.gov/datasets/genome/GCA_013349325.1"">NCBI</a>"	"<a href=""https://gtdb.ecogenomic.org/genome?gid=GCA_013349325.1"">GTDB</a>"	SAMN14911678	PRJNA632036	DUZX00000000	Illumina HiSeq	2020-06-16 00:00:00	Research Center of Biotechnology RAS	Unravelling the diversity of magnetotactic bacteria through analysis of open genomic databases	32737307.0	10.1038/s41597-020-00593-0	2020	M Uzun, et al.	Democratic Republic of the Congo: South-Kivu, Lake Kivu, Kabuno Bay	freshwater	1.64 S 29.05 E	(-2.04187375, 29.067883072602847, 0.0)	-2.04187375	29.0678830726029	91.61	1.29	High	72	227026	3576562	52.01	83631	83631	Contig
GCA_013349335.1	Rhodospirillaceae_bacterium_MAG_22225_2-02_112	d__Bacteria;<br>p__Proteobacteria;<br>c__Alphaproteobacteria;<br>o__Rhodospirillales;<br>f__Rhodospirillaceae;<br>g__;<br>s__	d__Bacteria;<br>p__Pseudomonadota;<br>c__Alphaproteobacteria;<br>o__Rhodospirillales_A;<br>f__2-02-FULL-58-16;<br>g__GCA-2686765;<br>s__GCA-2686765 sp013349695	"<a href=""https://www.ncbi.nlm.nih.gov/datasets/genome/GCA_013349335.1"">NCBI</a>"	"<a href=""https://gtdb.ecogenomic.org/genome?gid=GCA_013349335.1"">GTDB</a>"	SAMN14911676	PRJNA632036	DUZV00000000	Illumina HiSeq	2020-06-16 00:00:00	Research Center of Biotechnology RAS	Unravelling the diversity of magnetotactic bacteria through analysis of open genomic databases	32737307.0	10.1038/s41597-020-00593-0	2020	M Uzun, et al.	Pacific Ocean: Eastern Tropical North Pacific	marine	20.3333 N 107.0000 W		20.3333	-107.0	91.17	5.22	Medium	147	71740	2547095	61.01	26510	26510	Contig
GCA_013349385.1	Magnetococcales_bacterium_MAG_21055_mgc_1	d__Bacteria;<br>p__Proteobacteria;<br>c__Alphaproteobacteria;<br>o__Magnetococcales;<br>f__;<br>g__;<br>s__	d__Bacteria;<br>p__Pseudomonadota;<br>c__Magnetococcia;<br>o__Magnetococcales;<br>f__UBA8363;<br>g__UBA8363;<br>s__UBA8363 sp013349385	"<a href=""https://www.ncbi.nlm.nih.gov/datasets/genome/GCA_013349385.1"">NCBI</a>"	"<a href=""https://gtdb.ecogenomic.org/genome?gid=GCA_013349385.1"">GTDB</a>"	SAMN14911672	PRJNA632036	DUZR00000000	Illumina HiSeq	2020-06-16 00:00:00	Research Center of Biotechnology RAS	Unravelling the diversity of magnetotactic bacteria through analysis of open genomic databases	32737307.0	10.1038/s41597-020-00593-0	2020	M Uzun, et al.	USA: Colorado	subsurface 	38.9600 N 106.9900 W	(38.9594459, -106.99059704158654, 0.0)	38.9594459	-106.990597041586	84.82	3.65	Medium	930	19790	3585593	52.41	5203	5203	Contig
GCA_013349395.1	Deltaproteobacteria_bacterium_MAG_17996_sntb_20			"<a href=""https://www.ncbi.nlm.nih.gov/datasets/genome/GCA_013349395.1"">NCBI</a>"	"<a href=""https://gtdb.ecogenomic.org/genome?gid=GCA_013349395.1"">GTDB</a>"	SAMN14911670	PRJNA632036	DUZP00000000	Illumina HiSeq	2020-06-16 00:00:00	Research Center of Biotechnology RAS	Unravelling the diversity of magnetotactic bacteria through analysis of open genomic databases	32737307.0	10.1038/s41597-020-00593-0	2020	M Uzun, et al.	USA: Minnesota	freshwater	47.5028 N 93.4828 W	(47.50280877628728, -93.48311691229172, 0.0)	47.5028087762873	-93.4831169122917	50.53	2.33	Medium	454	11200	1691080	53.11	4033	4033	Contig
GCA_013349405.1	Desulfuromonadales_bacterium_MAG_21600_9_004	d__Bacteria;<br>p__Proteobacteria;<br>c__Deltaproteobacteria;<br>o__Desulfuromonadales;<br>f__;<br>g__;<br>s__	d__Bacteria;<br>p__Desulfobacterota_F;<br>c__Desulfuromonadia;<br>o__Geobacterales;<br>f__Pseudopelobacteraceae;<br>g__JACRCG01;<br>s__JACRCG01 sp013349405	"<a href=""https://www.ncbi.nlm.nih.gov/datasets/genome/GCA_013349405.1"">NCBI</a>"	"<a href=""https://gtdb.ecogenomic.org/genome?gid=GCA_013349405.1"">GTDB</a>"	SAMN14911673	PRJNA632036	DUZS00000000	Illumina HiSeq	2020-06-16 00:00:00	Research Center of Biotechnology RAS	Unravelling the diversity of magnetotactic bacteria through analysis of open genomic databases	32737307.0	10.1038/s41597-020-00593-0	2020	M Uzun, et al.	Canada: Ontario	freshwater	49.7530 N 93.7980 W	(49.7641591, -93.7955242, 0.0)	49.7641591	-93.7955242	90.32	0.65	High	60	255087	3430740	51.5	87025	87025	Contig
GCA_013349415.1	Desulfuromonadales_bacterium_MAG_21601_9_030			"<a href=""https://www.ncbi.nlm.nih.gov/datasets/genome/GCA_013349415.1"">NCBI</a>"	"<a href=""https://gtdb.ecogenomic.org/genome?gid=GCA_013349415.1"">GTDB</a>"	SAMN14911674	PRJNA632036	DUZT00000000	Illumina HiSeq	2020-06-16 00:00:00	Research Center of Biotechnology RAS	Unravelling the diversity of magnetotactic bacteria through analysis of open genomic databases	32737307.0	10.1038/s41597-020-00593-0	2020	M Uzun, et al.	Canada: Ontario	freshwater	49.6900 N 93.7180 W	(52.9312176, -85.85237998667819, 0.0)	52.9312176	-85.8523799866782	78.15	8.39	Medium	232	69899	2536371	54.11	20074	20074	Contig
GCA_013349435.1	Planctomycetota_bacterium_MAG_18080_pl_157	d__Bacteria;<br>p__Planctomycetes;<br>c__;<br>o__;<br>f__;<br>g__;<br>s__	d__Bacteria;<br>p__Planctomycetota;<br>c__Phycisphaerae;<br>o__Sedimentisphaerales;<br>f__Anaerohalosphaeraceae;<br>g__QNBT01;<br>s__QNBT01 sp013349435	"<a href=""https://www.ncbi.nlm.nih.gov/datasets/genome/GCA_013349435.1"">NCBI</a>"	"<a href=""https://gtdb.ecogenomic.org/genome?gid=GCA_013349435.1"">GTDB</a>"	SAMN14911671	PRJNA632036	DUZQ00000000	Illumina HiSeq	2020-06-16 00:00:00	Research Center of Biotechnology RAS	Unravelling the diversity of magnetotactic bacteria through analysis of open genomic databases	32737307.0	10.1038/s41597-020-00593-0	2020	M Uzun, et al.	USA: California, Salton Sea	Hypersaline	33.4166 N 115.9166 W	(33.01732645, -115.92708795983035, 0.0)	33.01732645	-115.92708795983	90.91	3.41	High	139	105802	3144921	48.44	34208	34208	Contig
GCA_013349485.1	Candidatus_Hydrogenedentes_bacterium_MAG_17963_hgd_111	d__Bacteria;<br>p__Candidatus Hydrogenedentes;<br>c__;<br>o__;<br>f__;<br>g__;<br>s__	d__Bacteria;<br>p__Hydrogenedentota;<br>c__Hydrogenedentia;<br>o__Hydrogenedentiales;<br>f__SLHB01;<br>g__DUZN01;<br>s__DUZN01 sp013349485	"<a href=""https://www.ncbi.nlm.nih.gov/datasets/genome/GCA_013349485.1"">NCBI</a>"	"<a href=""https://gtdb.ecogenomic.org/genome?gid=GCA_013349485.1"">GTDB</a>"	SAMN14911667	PRJNA632036	DUZM00000000	Illumina HiSeq	2020-06-16 00:00:00	Research Center of Biotechnology RAS	Unravelling the diversity of magnetotactic bacteria through analysis of open genomic databases	32737307.0	10.1038/s41597-020-00593-0	2020	M Uzun, et al.	USA: California, Salton Sea	hypersaline	33.3000 N 115.8000 W	(33.01732645, -115.92708795983035, 0.0)	33.01732645	-115.92708795983	71.11	1.46	Medium	288	32433	3018788	60.18	11662	11662	Contig
GCA_013349495.1	Deltaproteobacteria_bacterium_MAG_15370_dsfb_81	d__Bacteria;<br>p__Proteobacteria;<br>c__Deltaproteobacteria;<br>o__;<br>f__;<br>g__;<br>s__	d__Bacteria;<br>p__Desulfobacterota;<br>c__Desulfobacteria;<br>o__Desulfobacterales;<br>f__SURF-15;<br>g__DUZK01;<br>s__DUZK01 sp013349495	"<a href=""https://www.ncbi.nlm.nih.gov/datasets/genome/GCA_013349495.1"">NCBI</a>"	"<a href=""https://gtdb.ecogenomic.org/genome?gid=GCA_013349495.1"">GTDB</a>"	SAMN14911665	PRJNA632036	DUZK00000000	Illumina HiSeq	2020-06-16 00:00:00	Research Center of Biotechnology RAS	Unravelling the diversity of magnetotactic bacteria through analysis of open genomic databases	32737307.0	10.1038/s41597-020-00593-0	2020	M Uzun, et al.	Sweden: Oskarshamn	freshwater	57.4344 N 16.6600 E	(57.4354483, 16.6691272, 0.0)	57.4354483	16.6691272	89.68	5.59	Medium	334	56521	3868622	48.4	14397	14397	Contig
GCA_013349515.1	Deltaproteobacteria_bacterium_MAG_17929_sntb_26			"<a href=""https://www.ncbi.nlm.nih.gov/datasets/genome/GCA_013349515.1"">NCBI</a>"	"<a href=""https://gtdb.ecogenomic.org/genome?gid=GCA_013349515.1"">GTDB</a>"	SAMN14911666	PRJNA632036	DUZL00000000	Illumina HiSeq	2020-06-16 00:00:00	Research Center of Biotechnology RAS	Unravelling the diversity of magnetotactic bacteria through analysis of open genomic databases	32737307.0	10.1038/s41597-020-00593-0	2020	M Uzun, et al.	USA: Minnesota	freshwater	47.5028 N 93.4828 W	(47.50280877628728, -93.48311691229172, 0.0)	47.5028087762873	-93.4831169122917	62.13	5.1	Medium	276	50757	2777907	53.1	17193	17193	Contig
GCA_013349525.1	Planctomycetota_bacterium_MAG_17991_pl_60	d__Bacteria;<br>p__Planctomycetes;<br>c__;<br>o__;<br>f__;<br>g__;<br>s__	d__Bacteria;<br>p__Planctomycetota;<br>c__Phycisphaerae;<br>o__Sedimentisphaerales;<br>f__Anaerohalosphaeraceae;<br>g__QNBT01;<br>s__QNBT01 sp013349435	"<a href=""https://www.ncbi.nlm.nih.gov/datasets/genome/GCA_013349525.1"">NCBI</a>"	"<a href=""https://gtdb.ecogenomic.org/genome?gid=GCA_013349525.1"">GTDB</a>"	SAMN14911669	PRJNA632036	DUZO00000000	Illumina HiSeq	2020-06-16 00:00:00	Research Center of Biotechnology RAS	Unravelling the diversity of magnetotactic bacteria through analysis of open genomic databases	32737307.0	10.1038/s41597-020-00593-0	2020	M Uzun, et al.	USA: California, Salton Sea	Hypersaline	33.4166 N 115.9166 W	(33.01732645, -115.92708795983035, 0.0)	33.01732645	-115.92708795983	64.2	0.0	Medium	145	35037	1308839	49.53	10285	10285	Contig
GCA_013349535.1	Candidatus_Hydrogenedentes_bacterium_MAG_17971_hgd_130	d__Bacteria;<br>p__Candidatus Hydrogenedentes;<br>c__;<br>o__;<br>f__;<br>g__;<br>s__	d__Bacteria;<br>p__Hydrogenedentota;<br>c__Hydrogenedentia;<br>o__Hydrogenedentiales;<br>f__SLHB01;<br>g__DUZN01;<br>s__DUZN01 sp013349485	"<a href=""https://www.ncbi.nlm.nih.gov/datasets/genome/GCA_013349535.1"">NCBI</a>"	"<a href=""https://gtdb.ecogenomic.org/genome?gid=GCA_013349535.1"">GTDB</a>"	SAMN14911668	PRJNA632036	DUZN00000000	Illumina HiSeq	2020-06-16 00:00:00	Research Center of Biotechnology RAS	Unravelling the diversity of magnetotactic bacteria through analysis of open genomic databases	32737307.0	10.1038/s41597-020-00593-0	2020	M Uzun, et al.	USA: California, Salton Sea	hypersaline	33.3000 N 115.8000 W	(33.01732645, -115.92708795983035, 0.0)	33.01732645	-115.92708795983	60.01	1.16	Medium	240	41088	2683901	60.43	12541	12541	Contig
GCA_013349585.1	Nitrospinae_bacterium_MAG_09705_ntspn_70	d__Bacteria;<br>p__Nitrospinae;<br>c__;<br>o__;<br>f__;<br>g__;<br>s__	d__Bacteria;<br>p__Nitrospinota;<br>c__Nitrospinia;<br>o__Nitrospinales;<br>f__Nitrospinaceae;<br>g__UBA8687;<br>s__UBA8687 sp013349585	"<a href=""https://www.ncbi.nlm.nih.gov/datasets/genome/GCA_013349585.1"">NCBI</a>"	"<a href=""https://gtdb.ecogenomic.org/genome?gid=GCA_013349585.1"">GTDB</a>"	SAMN14911661	PRJNA632036	DUZG00000000	Illumina HiSeq	2020-06-16 00:00:00	Research Center of Biotechnology RAS	Unravelling the diversity of magnetotactic bacteria through analysis of open genomic databases	32737307.0	10.1038/s41597-020-00593-0	2020	M Uzun, et al.	Arctic Ocean: Canada Basin	marine	77.0991 N 150.2252 W		77.0991	-150.2252	67.25	2.56	Medium	120	106654	2024644	42.63	30902	30902	Contig
GCA_013349595.1	Nitrospirota_bacterium_MAG_10313_ntr_31	d__Bacteria;<br>p__Nitrospirae;<br>c__;<br>o__;<br>f__;<br>g__;<br>s__	d__Bacteria;<br>p__Nitrospirota;<br>c__Thermodesulfovibrionia;<br>o__Thermodesulfovibrionales;<br>f__DUZI01;<br>g__DUZI01;<br>s__DUZI01 sp013349595	"<a href=""https://www.ncbi.nlm.nih.gov/datasets/genome/GCA_013349595.1"">NCBI</a>"	"<a href=""https://gtdb.ecogenomic.org/genome?gid=GCA_013349595.1"">GTDB</a>"	SAMN14911663	PRJNA632036	DUZI00000000	Illumina HiSeq	2020-06-16 00:00:00	Research Center of Biotechnology RAS	Unravelling the diversity of magnetotactic bacteria through analysis of open genomic databases	32737307.0	10.1038/s41597-020-00593-0	2020	M Uzun, et al.	South Africa: Limpopo	hot spring water	22.5304 S 30.6814 E	(-22.527765, 30.6809239, 0.0)	-22.527765	30.6809239	90.2	3.64	High	344	31652	1933163	35.33	7568	7568	Contig
GCA_013349615.1	Planctomycetota_bacterium_MAG_11118_pl_115	d__Bacteria;<br>p__Planctomycetes;<br>c__;<br>o__;<br>f__;<br>g__;<br>s__	d__Bacteria;<br>p__Planctomycetota;<br>c__Phycisphaerae;<br>o__Sedimentisphaerales;<br>f__SG8-4;<br>g__CS2-K091;<br>s__CS2-K091 sp013349615	"<a href=""https://www.ncbi.nlm.nih.gov/datasets/genome/GCA_013349615.1"">NCBI</a>"	"<a href=""https://gtdb.ecogenomic.org/genome?gid=GCA_013349615.1"">GTDB</a>"	SAMN14911664	PRJNA632036	DUZJ00000000	Illumina HiSeq	2020-06-16 00:00:00	Research Center of Biotechnology RAS	Unravelling the diversity of magnetotactic bacteria through analysis of open genomic databases	32737307.0	10.1038/s41597-020-00593-0	2020	M Uzun, et al.	Denmark:Aarhus Bay	marine	56.1030 N 10.4580 E	(55.670249, 10.3333283, 0.0)	55.670249	10.3333283	89.44	1.24	Medium	157	100191	3767441	48.98	33372	33372	Contig
GCA_013349635.1	Deltaproteobacteria_bacterium_MAG_09788_naph_37			"<a href=""https://www.ncbi.nlm.nih.gov/datasets/genome/GCA_013349635.1"">NCBI</a>"	"<a href=""https://gtdb.ecogenomic.org/genome?gid=GCA_013349635.1"">GTDB</a>"	SAMN14911662	PRJNA632036	DUZH00000000	Illumina HiSeq	2020-06-16 00:00:00	Research Center of Biotechnology RAS	Unravelling the diversity of magnetotactic bacteria through analysis of open genomic databases	32737307.0	10.1038/s41597-020-00593-0	2020	M Uzun, et al.	Indian Ocean:near North Sumatra	marine	1.7590 N 96.7740 E	(4.3685491, 97.0253024, 0.0)	4.3685491	97.0253024	49.08	0.97	Low	137	35155	899797	47.23	7418	7418	Contig
GCA_013349665.1	Rhodospirillaceae_bacterium_MAG_06104_tlms_034	d__Bacteria;<br>p__Proteobacteria;<br>c__Alphaproteobacteria;<br>o__Rhodospirillales;<br>f__Rhodospirillaceae;<br>g__;<br>s__	d__Bacteria;<br>p__Pseudomonadota;<br>c__Alphaproteobacteria;<br>o__Rhodospirillales;<br>f__Magnetospirillaceae;<br>g__Telmatospirillum;<br>s__Telmatospirillum sp013349665	"<a href=""https://www.ncbi.nlm.nih.gov/datasets/genome/GCA_013349665.1"">NCBI</a>"	"<a href=""https://gtdb.ecogenomic.org/genome?gid=GCA_013349665.1"">GTDB</a>"	SAMN14911660	PRJNA632036	DUZF00000000	Illumina HiSeq	2020-06-16 00:00:00	Research Center of Biotechnology RAS	Unravelling the diversity of magnetotactic bacteria through analysis of open genomic databases	32737307.0	10.1038/s41597-020-00593-0	2020	M Uzun, et al.	USA:Crystal Bog, Wisconsin, USA	freshwater	46.0072 N 89.6063 W	(46.006418, -89.60718, 0.0)	46.006418	-89.60718	89.59	2.53	Medium	353	48282	3186839	64.25	13005	13005	Contig
GCA_013349685.1	Rhodospirillaceae_bacterium_MAG_05596_2-02_51	d__Bacteria;<br>p__Proteobacteria;<br>c__Alphaproteobacteria;<br>o__Rhodospirillales;<br>f__Rhodospirillaceae;<br>g__;<br>s__	d__Bacteria;<br>p__Pseudomonadota;<br>c__Alphaproteobacteria;<br>o__Rhodospirillales_A;<br>f__2-02-FULL-58-16;<br>g__GCA-2686765;<br>s__GCA-2686765 sp013349695	"<a href=""https://www.ncbi.nlm.nih.gov/datasets/genome/GCA_013349685.1"">NCBI</a>"	"<a href=""https://gtdb.ecogenomic.org/genome?gid=GCA_013349685.1"">GTDB</a>"	SAMN14911659	PRJNA632036	DUZE00000000	Illumina HiSeq	2020-06-16 00:00:00	Research Center of Biotechnology RAS	Unravelling the diversity of magnetotactic bacteria through analysis of open genomic databases	32737307.0	10.1038/s41597-020-00593-0	2020	M Uzun, et al.	Pacific Ocean: Eastern Tropical North Pacific	marine	Pacific Ocean: Eastern Tropical North Pacific		31.2683799940974	-172.018552493154	76.91	0.25	Medium	329	26063	1831947	61.19	6777	6777	Contig
GCA_013349695.1	Rhodospirillaceae_bacterium_MAG_05422_2-02_14	d__Bacteria;<br>p__Proteobacteria;<br>c__Alphaproteobacteria;<br>o__Rhodospirillales;<br>f__Rhodospirillaceae;<br>g__;<br>s__	d__Bacteria;<br>p__Pseudomonadota;<br>c__Alphaproteobacteria;<br>o__Rhodospirillales_A;<br>f__2-02-FULL-58-16;<br>g__GCA-2686765;<br>s__GCA-2686765 sp013349695	"<a href=""https://www.ncbi.nlm.nih.gov/datasets/genome/GCA_013349695.1"">NCBI</a>"	"<a href=""https://gtdb.ecogenomic.org/genome?gid=GCA_013349695.1"">GTDB</a>"	SAMN14911658	PRJNA632036	DUZD00000000	Illumina HiSeq	2020-06-16 00:00:00	Research Center of Biotechnology RAS	Unravelling the diversity of magnetotactic bacteria through analysis of open genomic databases	32737307.0	10.1038/s41597-020-00593-0	2020	M Uzun, et al.	Pacific Ocean: Eastern Tropical North Pacific	marine	Pacific Ocean: Eastern Tropical North Pacific		31.2683799940974	-172.018552493154	85.45	0.5	Medium	255	45819	2281835	61.09	11800	11800	Contig
GCA_013349725.1	Deltaproteobacteria_bacterium_MAG_00792_naph_016	d__Bacteria;<br>p__Proteobacteria;<br>c__Deltaproteobacteria;<br>o__;<br>f__;<br>g__;<br>s__	d__Bacteria;<br>p__Desulfobacterota;<br>c__DSM-4660;<br>o__Desulfatiglandales;<br>f__Desulfatiglandaceae;<br>g__DUZB01;<br>s__DUZB01 sp013349725	"<a href=""https://www.ncbi.nlm.nih.gov/datasets/genome/GCA_013349725.1"">NCBI</a>"	"<a href=""https://gtdb.ecogenomic.org/genome?gid=GCA_013349725.1"">GTDB</a>"	SAMN14911656	PRJNA632036	DUZB00000000	Illumina GAIIx	2020-06-16 00:00:00	Research Center of Biotechnology RAS	Unravelling the diversity of magnetotactic bacteria through analysis of open genomic databases	32737307.0	10.1038/s41597-020-00593-0	2020	M Uzun, et al.	Sweden:KBA site, Vaertahamnen, Baltic Sea	marine	59.363333 N 18.119167 E	(59.3634521, 18.1205996, 0.0)	59.3634521	18.1205996	89.28	5.86	Medium	409	34622	3032840	49.74	11269	11269	Contig
GCA_013349735.1	Rhodospirillaceae_bacterium_MAG_04806_tlms_2	d__Bacteria;<br>p__Proteobacteria;<br>c__Alphaproteobacteria;<br>o__Rhodospirillales;<br>f__Rhodospirillaceae;<br>g__;<br>s__	d__Bacteria;<br>p__Pseudomonadota;<br>c__Alphaproteobacteria;<br>o__Rhodospirillales;<br>f__Magnetospirillaceae;<br>g__Telmatospirillum;<br>s__Telmatospirillum sp013349735	"<a href=""https://www.ncbi.nlm.nih.gov/datasets/genome/GCA_013349735.1"">NCBI</a>"	"<a href=""https://gtdb.ecogenomic.org/genome?gid=GCA_013349735.1"">GTDB</a>"	SAMN14911657	PRJNA632036	DUZC00000000	Illumina HiSeq	2020-06-16 00:00:00	Research Center of Biotechnology RAS	Unravelling the diversity of magnetotactic bacteria through analysis of open genomic databases	32737307.0	10.1038/s41597-020-00593-0	2020	M Uzun, et al.	USA:Crystal Bog, Wisconsin, USA	freshwater	46.0072 N 89.6063 W	(46.006418, -89.60718, 0.0)	46.006418	-89.60718	87.64	2.12	Medium	309	32980	2085124	57.51	8435	8435	Contig
GCA_013349745.1	Deltaproteobacteria_bacterium_MAG_00241_naph_010			"<a href=""https://www.ncbi.nlm.nih.gov/datasets/genome/GCA_013349745.1"">NCBI</a>"	"<a href=""https://gtdb.ecogenomic.org/genome?gid=GCA_013349745.1"">GTDB</a>"	SAMN14911655	PRJNA632036	DUZA00000000	Illumina GAIIx	2020-06-16 00:00:00	Research Center of Biotechnology RAS	Unravelling the diversity of magnetotactic bacteria through analysis of open genomic databases	32737307.0	10.1038/s41597-020-00593-0	2020	M Uzun, et al.	Sweden:KBB site, Vaertahamnen, Baltic Sea	marine	59.350163 N 18.107847 E	(59.3511131, 18.1072271, 0.0)	59.3511131	18.1072271	55.59	2.41	Medium	324	24445	1547003	49.45	6761	6761	Contig
GCA_013349775.1	Gammaproteobacteria_bacterium_MAG_00215_gam_020	d__Bacteria;<br>p__Proteobacteria;<br>c__Gammaproteobacteria;<br>o__;<br>f__;<br>g__;<br>s__	d__Bacteria;<br>p__Pseudomonadota;<br>c__Gammaproteobacteria;<br>o__GCF-002020875;<br>f__GCF-002020875;<br>g__Thiopontia;<br>s__Thiopontia sp013349825	"<a href=""https://www.ncbi.nlm.nih.gov/datasets/genome/GCA_013349775.1"">NCBI</a>"	"<a href=""https://gtdb.ecogenomic.org/genome?gid=GCA_013349775.1"">GTDB</a>"	SAMN14911654	PRJNA632036	DUYZ00000000	Illumina HiSeq	2020-06-16 00:00:00	Research Center of Biotechnology RAS	Unravelling the diversity of magnetotactic bacteria through analysis of open genomic databases	32737307.0	10.1038/s41597-020-00593-0	2020	M Uzun, et al.	Canada: Saanich Inlet 48, Vancouver Island, BC	marine	48.6 N 123.5 W	(48.760812650000005, -123.19150890213936, 0.0)	48.76081265	-123.191508902139	95.73	5.34	Medium	507	37063	2931288	49.02	8779	8779	Contig
GCA_013349805.1	Gammaproteobacteria_bacterium_MAG_00212_gam_1			"<a href=""https://www.ncbi.nlm.nih.gov/datasets/genome/GCA_013349805.1"">NCBI</a>"	"<a href=""https://gtdb.ecogenomic.org/genome?gid=GCA_013349805.1"">GTDB</a>"	SAMN14911653	PRJNA632036	DUYY00000000	Illumina HiSeq	2020-06-16 00:00:00	Research Center of Biotechnology RAS	Unravelling the diversity of magnetotactic bacteria through analysis of open genomic databases	32737307.0	10.1038/s41597-020-00593-0	2020	M Uzun, et al.	Canada: Saanich Inlet 48, Vancouver Island, BC	marine	48.6 N 123.5 W	(48.760812650000005, -123.19150890213936, 0.0)	48.76081265	-123.191508902139	78.43	5.08	Medium	955	14926	2103212	48.4	2865	2865	Contig
GCA_013349825.1	Gammaproteobacteria_bacterium_MAG_00172_gam_018	d__Bacteria;<br>p__Proteobacteria;<br>c__Gammaproteobacteria;<br>o__;<br>f__;<br>g__;<br>s__	d__Bacteria;<br>p__Pseudomonadota;<br>c__Gammaproteobacteria;<br>o__GCF-002020875;<br>f__GCF-002020875;<br>g__Thiopontia;<br>s__Thiopontia sp013349825	"<a href=""https://www.ncbi.nlm.nih.gov/datasets/genome/GCA_013349825.1"">NCBI</a>"	"<a href=""https://gtdb.ecogenomic.org/genome?gid=GCA_013349825.1"">GTDB</a>"	SAMN14911651	PRJNA632036	DUYW00000000	Illumina HiSeq	2020-06-16 00:00:00	Research Center of Biotechnology RAS	Unravelling the diversity of magnetotactic bacteria through analysis of open genomic databases	32737307.0	10.1038/s41597-020-00593-0	2020	M Uzun, et al.	Canada: Saanich Inlet 48, Vancouver Island, BC	marine	48.6 N 123.5 W	(48.760812650000005, -123.19150890213936, 0.0)	48.76081265	-123.191508902139	96.95	3.05	High	274	57863	2866084	48.98	18846	18846	Contig
GCA_013349835.1	Gammaproteobacteria_bacterium_MAG_00188_gam_006	d__Bacteria;<br>p__Proteobacteria;<br>c__Gammaproteobacteria;<br>o__;<br>f__;<br>g__;<br>s__	d__Bacteria;<br>p__Pseudomonadota;<br>c__Gammaproteobacteria;<br>o__GCF-002020875;<br>f__GCF-002020875;<br>g__Thiopontia;<br>s__Thiopontia sp013349825	"<a href=""https://www.ncbi.nlm.nih.gov/datasets/genome/GCA_013349835.1"">NCBI</a>"	"<a href=""https://gtdb.ecogenomic.org/genome?gid=GCA_013349835.1"">GTDB</a>"	SAMN14911652	PRJNA632036	DUYX00000000	Illumina HiSeq	2020-06-16 00:00:00	Research Center of Biotechnology RAS	Unravelling the diversity of magnetotactic bacteria through analysis of open genomic databases	32737307.0	10.1038/s41597-020-00593-0	2020	M Uzun, et al.	Canada: Saanich Inlet 48, Vancouver Island, BC	marine	48.6 N 123.5 W	(48.760812650000005, -123.19150890213936, 0.0)	48.76081265	-123.191508902139	95.12	4.19	High	565	29303	2663040	48.83	6818	6818	Contig
GCA_013349845.1	Gammaproteobacteria_bacterium_MAG_00160_gam_009	d__Bacteria;<br>p__Proteobacteria;<br>c__Gammaproteobacteria;<br>o__;<br>f__;<br>g__;<br>s__	d__Bacteria;<br>p__Pseudomonadota;<br>c__Gammaproteobacteria;<br>o__GCF-002020875;<br>f__GCF-002020875;<br>g__Thiopontia;<br>s__Thiopontia sp013349825	"<a href=""https://www.ncbi.nlm.nih.gov/datasets/genome/GCA_013349845.1"">NCBI</a>"	"<a href=""https://gtdb.ecogenomic.org/genome?gid=GCA_013349845.1"">GTDB</a>"	SAMN14911650	PRJNA632036	DUYV00000000	Illumina HiSeq	2020-06-16 00:00:00	Research Center of Biotechnology RAS	Unravelling the diversity of magnetotactic bacteria through analysis of open genomic databases	32737307.0	10.1038/s41597-020-00593-0	2020	M Uzun, et al.	Canada: Saanich Inlet 48, Vancouver Island, BC	marine	48.6 N 123.5 W	(48.760812650000005, -123.19150890213936, 0.0)	48.76081265	-123.191508902139	99.39	4.88	High	318	54203	2903803	49.11	15372	15372	Contig
GCA_013349855.1	Gammaproteobacteria_bacterium_MAG_00150_gam_010	d__Bacteria;<br>p__Proteobacteria;<br>c__Gammaproteobacteria;<br>o__;<br>f__;<br>g__;<br>s__	d__Bacteria;<br>p__Pseudomonadota;<br>c__Gammaproteobacteria;<br>o__GCF-002020875;<br>f__GCF-002020875;<br>g__Thiopontia;<br>s__Thiopontia sp013349825	"<a href=""https://www.ncbi.nlm.nih.gov/datasets/genome/GCA_013349855.1"">NCBI</a>"	"<a href=""https://gtdb.ecogenomic.org/genome?gid=GCA_013349855.1"">GTDB</a>"	SAMN14911649	PRJNA632036	DUYU00000000	Illumina HiSeq	2020-06-16 00:00:00	Research Center of Biotechnology RAS	Unravelling the diversity of magnetotactic bacteria through analysis of open genomic databases	32737307.0	10.1038/s41597-020-00593-0	2020	M Uzun, et al.	Canada: Saanich Inlet 48, Vancouver Island, BC	marine	48.6 N 123.5 W	(48.760812650000005, -123.19150890213936, 0.0)	48.76081265	-123.191508902139	98.17	3.96	High	486	39017	2847655	49.09	8863	8863	Contig
GCA_013349875.1	Deltaproteobacteria_bacterium_MAG_00134_naph_006			"<a href=""https://www.ncbi.nlm.nih.gov/datasets/genome/GCA_013349875.1"">NCBI</a>"	"<a href=""https://gtdb.ecogenomic.org/genome?gid=GCA_013349875.1"">GTDB</a>"	SAMN14911648	PRJNA632036	DUYT00000000	Illumina GAIIx	2020-06-16 00:00:00	Research Center of Biotechnology RAS	Unravelling the diversity of magnetotactic bacteria through analysis of open genomic databases	32737307.0	10.1038/s41597-020-00593-0	2020	M Uzun, et al.	Sweden:KBA site, Vaertahamnen, Baltic Sea	marine	59.363333 N 18.119167 E	(59.3634521, 18.1205996, 0.0)	59.3634521	18.1205996	60.69	3.87	Medium	692	28202	1498667	49.54	2676	2676	Contig
GCA_015228675.1	Desulfobacterales_bacterium_nYD0425bin6	d__Bacteria;<br>p__Proteobacteria;<br>c__Deltaproteobacteria;<br>o__Desulfobacterales;<br>f__;<br>g__;<br>s__	d__Bacteria;<br>p__Desulfobacterota;<br>c__Desulfobacteria;<br>o__Desulfobacterales;<br>f__YD0425bin50;<br>g__YD0425bin50;<br>s__YD0425bin50 sp002753105	"<a href=""https://www.ncbi.nlm.nih.gov/datasets/genome/GCA_015228675.1"">NCBI</a>"	"<a href=""https://gtdb.ecogenomic.org/genome?gid=GCA_015228675.1"">GTDB</a>"	SAMN15005476	PRJNA400260	JADGCZ000000000	Illumina HiSeq	2020-11-04 00:00:00	Institute of Geology and Geophysics, Chinese Academy of Sciences	Expanding magnetic organelle biogenesis in the domain Bacteria	33126926.0	10.1186/s40168-020-00931-9	2020	W Lin, et al.	China: Beijing	freshwater	39.974732 N 116.368688 E	(39.97443735, 116.36869950329081, 0.0)	39.97443735	116.368699503291	93.5	2.19	High	467	112709	5417822	36.82	18177	16471	Scaffold
GCA_015228685.1	Desulfobacterales_bacterium_nYD0425bin5	d__Bacteria;<br>p__Proteobacteria;<br>c__Deltaproteobacteria;<br>o__Desulfobacterales;<br>f__;<br>g__;<br>s__	d__Bacteria;<br>p__Desulfobacterota;<br>c__Desulfobacteria;<br>o__Desulfobacterales;<br>f__YD0425bin51;<br>g__YD0425bin51;<br>s__YD0425bin51 sp002753225	"<a href=""https://www.ncbi.nlm.nih.gov/datasets/genome/GCA_015228685.1"">NCBI</a>"	"<a href=""https://gtdb.ecogenomic.org/genome?gid=GCA_015228685.1"">GTDB</a>"	SAMN15005478	PRJNA400260	JADGCY000000000	Illumina HiSeq	2020-11-04 00:00:00	Institute of Geology and Geophysics, Chinese Academy of Sciences	Expanding magnetic organelle biogenesis in the domain Bacteria	33126926.0	10.1186/s40168-020-00931-9	2020	W Lin, et al.	China: Beijing	freshwater	39.974732 N 116.368688 E	(39.97443735, 116.36869950329081, 0.0)	39.97443735	116.368699503291	96.77	0.52	High	133	381417	5628840	32.38	103346	103346	Scaffold
GCA_015228695.1	Alphaproteobacteria_bacterium_nYQH56bin3	d__Bacteria;<br>p__Proteobacteria;<br>c__Alphaproteobacteria;<br>o__;<br>f__;<br>g__;<br>s__	d__Bacteria;<br>p__Pseudomonadota;<br>c__Alphaproteobacteria;<br>o__Rhodospirillales;<br>f__Rhodospirillaceae;<br>g__JADGDA01;<br>s__JADGDA01 sp015228695	"<a href=""https://www.ncbi.nlm.nih.gov/datasets/genome/GCA_015228695.1"">NCBI</a>"	"<a href=""https://gtdb.ecogenomic.org/genome?gid=GCA_015228695.1"">GTDB</a>"	SAMN15005533	PRJNA400260	JADGDA000000000	Illumina HiSeq	2020-11-04 00:00:00	Institute of Geology and Geophysics, Chinese Academy of Sciences	Expanding magnetic organelle biogenesis in the domain Bacteria	33126926.0	10.1186/s40168-020-00931-9	2020	W Lin, et al.	China: Beijing	freshwater	40.39833 N 116.67777 E	(40.396918850000006, 116.67897836250332, 0.0)	40.39691885	116.678978362503	81.68	0.5	Medium	436	49768	2796001	65.57	8577	8577	Contig
GCA_015228775.1	Magnetococcales_bacterium_nYD0423bin3	d__Bacteria;<br>p__Proteobacteria;<br>c__Alphaproteobacteria;<br>o__Magnetococcales;<br>f__;<br>g__;<br>s__	d__Bacteria;<br>p__Pseudomonadota;<br>c__Magnetococcia;<br>o__Magnetococcales;<br>f__Magnetaquicoccaceae;<br>g__Magnetaquicoccus;<br>s__Magnetaquicoccus sp002753095	"<a href=""https://www.ncbi.nlm.nih.gov/datasets/genome/GCA_015228775.1"">NCBI</a>"	"<a href=""https://gtdb.ecogenomic.org/genome?gid=GCA_015228775.1"">GTDB</a>"	SAMN15005603	PRJNA400260	JADGCW000000000	Illumina HiSeq	2020-11-04 00:00:00	Institute of Geology and Geophysics, Chinese Academy of Sciences	Expanding magnetic organelle biogenesis in the domain Bacteria	33126926.0	10.1186/s40168-020-00931-9	2020	W Lin, et al.	China: Beijing	freshwater	39.974732 N 116.368688 E	(39.97443735, 116.36869950329081, 0.0)	39.97443735	116.368699503291	98.94	1.26	High	146	227356	4504422	55.48	60044	50346	Scaffold
GCA_015228785.1	Candidatus_Omnitrophica_bacterium_nXXbin4	d__Bacteria;<br>p__Candidatus Omnitrophica;<br>c__;<br>o__;<br>f__;<br>g__;<br>s__	d__Bacteria;<br>p__Omnitrophota;<br>c__Koll11;<br>o__Zapsychrales;<br>f__Fredricksoniimonadaceae;<br>g__JAAYZZ01;<br>s__JAAYZZ01 sp015228785	"<a href=""https://www.ncbi.nlm.nih.gov/datasets/genome/GCA_015228785.1"">NCBI</a>"	"<a href=""https://gtdb.ecogenomic.org/genome?gid=GCA_015228785.1"">GTDB</a>"	SAMN15005520	PRJNA400260	JADGCU000000000	Illumina HiSeq	2020-11-04 00:00:00	Institute of Geology and Geophysics, Chinese Academy of Sciences	Expanding magnetic organelle biogenesis in the domain Bacteria	33126926.0	10.1186/s40168-020-00931-9	2020	W Lin, et al.	China: Qinghai	freshwater	38.170074 N 90.57854 E	(38.2521603, 90.8593199, 0.0)	38.2521603	90.8593199	79.91	1.17	Medium	123	110426	2023619	46.42	29252	21125	Scaffold
GCA_015228815.1	Magnetococcales_bacterium_nYD0423bin2	d__Bacteria;<br>p__Proteobacteria;<br>c__Alphaproteobacteria;<br>o__Magnetococcales;<br>f__;<br>g__;<br>s__	d__Bacteria;<br>p__Pseudomonadota;<br>c__Magnetococcia;<br>o__Magnetococcales;<br>f__UBA8363;<br>g__UBA8363;<br>s__UBA8363 sp015228815	"<a href=""https://www.ncbi.nlm.nih.gov/datasets/genome/GCA_015228815.1"">NCBI</a>"	"<a href=""https://gtdb.ecogenomic.org/genome?gid=GCA_015228815.1"">GTDB</a>"	SAMN15005575	PRJNA400260	JADGCV000000000	Illumina HiSeq	2020-11-04 00:00:00	Institute of Geology and Geophysics, Chinese Academy of Sciences	Expanding magnetic organelle biogenesis in the domain Bacteria	33126926.0	10.1186/s40168-020-00931-9	2020	W Lin, et al.	China: Beijing	freshwater	39.974732 N 116.368688 E	(39.97443735, 116.36869950329081, 0.0)	39.97443735	116.368699503291	96.64	2.1	High	97	252730	4218176	56.86	82296	68004	Scaffold
GCA_015228825.1	Magnetococcales_bacterium_nYD0425bin13	d__Bacteria;<br>p__Proteobacteria;<br>c__Alphaproteobacteria;<br>o__Magnetococcales;<br>f__;<br>g__;<br>s__	d__Bacteria;<br>p__Pseudomonadota;<br>c__Magnetococcia;<br>o__Magnetococcales;<br>f__Magnetaquicoccaceae;<br>g__Magnetaquicoccus;<br>s__Magnetaquicoccus sp002753095	"<a href=""https://www.ncbi.nlm.nih.gov/datasets/genome/GCA_015228825.1"">NCBI</a>"	"<a href=""https://gtdb.ecogenomic.org/genome?gid=GCA_015228825.1"">GTDB</a>"	SAMN15005604	PRJNA400260	JADGCX000000000	Illumina HiSeq	2020-11-04 00:00:00	Institute of Geology and Geophysics, Chinese Academy of Sciences	Expanding magnetic organelle biogenesis in the domain Bacteria	33126926.0	10.1186/s40168-020-00931-9	2020	W Lin, et al.	China: Beijing	freshwater	39.974732 N 116.368688 E	(39.97443735, 116.36869950329081, 0.0)	39.97443735	116.368699503291	98.1	1.26	High	231	135872	4219362	55.36	32122	30941	Scaffold
GCA_015228835.1	Desulfamplus_sp._nXXbin12	d__Bacteria;<br>p__Proteobacteria;<br>c__Deltaproteobacteria;<br>o__Desulfobacterales;<br>f__Desulfobacteraceae;<br>g__Desulfamplus;<br>s__	d__Bacteria;<br>p__Desulfobacterota;<br>c__Desulfobacteria;<br>o__Desulfobacterales;<br>f__Desulfobacteraceae;<br>g__Desulfamplus;<br>s__Desulfamplus sp015232465	"<a href=""https://www.ncbi.nlm.nih.gov/datasets/genome/GCA_015228835.1"">NCBI</a>"	"<a href=""https://gtdb.ecogenomic.org/genome?gid=GCA_015228835.1"">GTDB</a>"	SAMN15005473	PRJNA400260	JADGCT000000000	Illumina HiSeq	2020-11-04 00:00:00	Institute of Geology and Geophysics, Chinese Academy of Sciences	Expanding magnetic organelle biogenesis in the domain Bacteria	33126926.0	10.1186/s40168-020-00931-9	2020	W Lin, et al.	China: Qinghai	freshwater	38.170074 N 90.57854 E	(38.2521603, 90.8593199, 0.0)	38.2521603	90.8593199	57.14	0.0	Medium	369	27988	2585509	37.76	9633	7558	Scaffold
GCA_015228875.1	Deltaproteobacteria_bacterium_nXXbin1	d__Bacteria;<br>p__Proteobacteria;<br>c__Deltaproteobacteria;<br>o__;<br>f__;<br>g__;<br>s__	d__Bacteria;<br>p__UBA10199;<br>c__UBA10199;<br>o__UBA10199;<br>f__JADGCS01;<br>g__JADGCS01;<br>s__JADGCS01 sp015228875	"<a href=""https://www.ncbi.nlm.nih.gov/datasets/genome/GCA_015228875.1"">NCBI</a>"	"<a href=""https://gtdb.ecogenomic.org/genome?gid=GCA_015228875.1"">GTDB</a>"	SAMN15005615	PRJNA400260	JADGCS000000000	Illumina HiSeq	2020-11-04 00:00:00	Institute of Geology and Geophysics, Chinese Academy of Sciences	Expanding magnetic organelle biogenesis in the domain Bacteria	33126926.0	10.1186/s40168-020-00931-9	2020	W Lin, et al.	China: Qinghai	freshwater	38.170074 N 90.57854 E	(38.2521603, 90.8593199, 0.0)	38.2521603	90.8593199	93.7	0.05	High	228	125110	4584649	47.04	34535	32500	Scaffold
GCA_015228895.1	Magnetococcales_bacterium_nWRX3bin7	d__Bacteria;<br>p__Proteobacteria;<br>c__Alphaproteobacteria;<br>o__Magnetococcales;<br>f__;<br>g__;<br>s__	d__Bacteria;<br>p__Pseudomonadota;<br>c__Magnetococcia;<br>o__Magnetococcales;<br>f__Magnetaquicoccaceae;<br>g__WMHbin3;<br>s__WMHbin3 sp015228895	"<a href=""https://www.ncbi.nlm.nih.gov/datasets/genome/GCA_015228895.1"">NCBI</a>"	"<a href=""https://gtdb.ecogenomic.org/genome?gid=GCA_015228895.1"">GTDB</a>"	SAMN15005601	PRJNA400260	JADGCR000000000	Illumina HiSeq	2020-11-04 00:00:00	Institute of Geology and Geophysics, Chinese Academy of Sciences	Expanding magnetic organelle biogenesis in the domain Bacteria	33126926.0	10.1186/s40168-020-00931-9	2020	W Lin, et al.	China: Innermogolia	freshwater	48.455 N 117.63305 E	(48.0617, 117.801, 0.0)	48.0617	117.801	61.21	1.72	Medium	501	43791	2890396	61.11	7739	7739	Contig
GCA_015228915.1	Alphaproteobacteria_bacterium_nWRX3bin4	d__Bacteria;<br>p__Proteobacteria;<br>c__Alphaproteobacteria;<br>o__;<br>f__;<br>g__;<br>s__	d__Bacteria;<br>p__Pseudomonadota;<br>c__Alphaproteobacteria;<br>o__Rhodospirillales;<br>f__Rhodospirillaceae;<br>g__JADGDA01;<br>s__JADGDA01 sp015228695	"<a href=""https://www.ncbi.nlm.nih.gov/datasets/genome/GCA_015228915.1"">NCBI</a>"	"<a href=""https://gtdb.ecogenomic.org/genome?gid=GCA_015228915.1"">GTDB</a>"	SAMN15005532	PRJNA400260	JADGCP000000000	Illumina HiSeq	2020-11-04 00:00:00	Institute of Geology and Geophysics, Chinese Academy of Sciences	Expanding magnetic organelle biogenesis in the domain Bacteria	33126926.0	10.1186/s40168-020-00931-9	2020	W Lin, et al.	China: Innermogolia	freshwater	48.455 N 117.63305 E	(48.0617, 117.801, 0.0)	48.0617	117.801	78.32	0.18	Medium	411	29825	2589846	66.09	8279	8279	Scaffold
GCA_015228925.1	Magnetococcales_bacterium_nWRX3bin6	d__Bacteria;<br>p__Proteobacteria;<br>c__Alphaproteobacteria;<br>o__Magnetococcales;<br>f__;<br>g__;<br>s__	d__Bacteria;<br>p__Pseudomonadota;<br>c__Magnetococcia;<br>o__Magnetococcales;<br>f__UBA8363;<br>g__UBA8363;<br>s__UBA8363 sp015228925	"<a href=""https://www.ncbi.nlm.nih.gov/datasets/genome/GCA_015228925.1"">NCBI</a>"	"<a href=""https://gtdb.ecogenomic.org/genome?gid=GCA_015228925.1"">GTDB</a>"	SAMN15005574	PRJNA400260	JADGCQ000000000	Illumina HiSeq	2020-11-04 00:00:00	Institute of Geology and Geophysics, Chinese Academy of Sciences	Expanding magnetic organelle biogenesis in the domain Bacteria	33126926.0	10.1186/s40168-020-00931-9	2020	W Lin, et al.	China: Innermogolia	freshwater	48.455 N 117.63305 E	(48.0617, 117.801, 0.0)	48.0617	117.801	97.48	2.94	High	219	148025	4250176	52.02	32202	29590	Scaffold
GCA_015228935.1	Magnetococcales_bacterium_nWRX3bin2	d__Bacteria;<br>p__Proteobacteria;<br>c__Alphaproteobacteria;<br>o__Magnetococcales;<br>f__;<br>g__;<br>s__	d__Bacteria;<br>p__Pseudomonadota;<br>c__Magnetococcia;<br>o__Magnetococcales;<br>f__DC0425bin3;<br>g__HA3dbin3;<br>s__HA3dbin3 sp015228935	"<a href=""https://www.ncbi.nlm.nih.gov/datasets/genome/GCA_015228935.1"">NCBI</a>"	"<a href=""https://gtdb.ecogenomic.org/genome?gid=GCA_015228935.1"">GTDB</a>"	SAMN15005564	PRJNA400260	JADGCO000000000	Illumina HiSeq	2020-11-04 00:00:00	Institute of Geology and Geophysics, Chinese Academy of Sciences	Expanding magnetic organelle biogenesis in the domain Bacteria	33126926.0	10.1186/s40168-020-00931-9	2020	W Lin, et al.	China: Innermogolia	freshwater	48.455 N 117.63305 E	(48.0617, 117.801, 0.0)	48.0617	117.801	95.63	0.0	High	197	276777	4705593	54.61	41621	33918	Scaffold
GCA_015228975.1	Magnetococcales_bacterium_nWRX3bin12	d__Bacteria;<br>p__Proteobacteria;<br>c__Alphaproteobacteria;<br>o__Magnetococcales;<br>f__;<br>g__;<br>s__	d__Bacteria;<br>p__Pseudomonadota;<br>c__Magnetococcia;<br>o__Magnetococcales;<br>f__UBA8363;<br>g__UBA8363;<br>s__UBA8363 sp015228975	"<a href=""https://www.ncbi.nlm.nih.gov/datasets/genome/GCA_015228975.1"">NCBI</a>"	"<a href=""https://gtdb.ecogenomic.org/genome?gid=GCA_015228975.1"">GTDB</a>"	SAMN15005573	PRJNA400260	JADGCN000000000	Illumina HiSeq	2020-11-04 00:00:00	Institute of Geology and Geophysics, Chinese Academy of Sciences	Expanding magnetic organelle biogenesis in the domain Bacteria	33126926.0	10.1186/s40168-020-00931-9	2020	W Lin, et al.	China: Innermogolia	freshwater	48.455 N 117.63305 E	(48.0617, 117.801, 0.0)	48.0617	117.801	78.88	3.85	Medium	234	101072	3749591	52.93	22708	21782	Scaffold
GCA_015228995.1	Magnetococcales_bacterium_nWRX3bin11	d__Bacteria;<br>p__Proteobacteria;<br>c__Alphaproteobacteria;<br>o__Magnetococcales;<br>f__;<br>g__;<br>s__	d__Bacteria;<br>p__Pseudomonadota;<br>c__Magnetococcia;<br>o__Magnetococcales;<br>f__JADGCH01;<br>g__JADGCH01;<br>s__JADGCH01 sp015228995	"<a href=""https://www.ncbi.nlm.nih.gov/datasets/genome/GCA_015228995.1"">NCBI</a>"	"<a href=""https://gtdb.ecogenomic.org/genome?gid=GCA_015228995.1"">GTDB</a>"	SAMN15005559	PRJNA400260	JADGCM000000000	Illumina HiSeq	2020-11-04 00:00:00	Institute of Geology and Geophysics, Chinese Academy of Sciences	Expanding magnetic organelle biogenesis in the domain Bacteria	33126926.0	10.1186/s40168-020-00931-9	2020	W Lin, et al.	China: Innermogolia	freshwater	48.455 N 117.63305 E	(48.0617, 117.801, 0.0)	48.0617	117.801	65.43	0.0	Medium	287	46469	1964340	53.76	9873	9873	Scaffold
GCA_015229005.1	Magnetococcales_bacterium_nWRX3bin10	d__Bacteria;<br>p__Proteobacteria;<br>c__Alphaproteobacteria;<br>o__Magnetococcales;<br>f__;<br>g__;<br>s__	d__Bacteria;<br>p__Pseudomonadota;<br>c__Magnetococcia;<br>o__Magnetococcales;<br>f__JADGCL01;<br>g__JADGCL01;<br>s__JADGCL01 sp015229005	"<a href=""https://www.ncbi.nlm.nih.gov/datasets/genome/GCA_015229005.1"">NCBI</a>"	"<a href=""https://gtdb.ecogenomic.org/genome?gid=GCA_015229005.1"">GTDB</a>"	SAMN15005558	PRJNA400260	JADGCL000000000	Illumina HiSeq	2020-11-04 00:00:00	Institute of Geology and Geophysics, Chinese Academy of Sciences	Expanding magnetic organelle biogenesis in the domain Bacteria	33126926.0	10.1186/s40168-020-00931-9	2020	W Lin, et al.	China: Innermogolia	freshwater	48.455 N 117.63305 E	(48.0617, 117.801, 0.0)	48.0617	117.801	58.62	0.0	Medium	173	117121	3279066	62.87	36559	33170	Scaffold
GCA_015229035.1	Magnetococcales_bacterium_nWRX2bin6	d__Bacteria;<br>p__Proteobacteria;<br>c__Alphaproteobacteria;<br>o__Magnetococcales;<br>f__;<br>g__;<br>s__	d__Bacteria;<br>p__Pseudomonadota;<br>c__Magnetococcia;<br>o__Magnetococcales;<br>f__UBA8363;<br>g__UBA8363;<br>s__UBA8363 sp002753735	"<a href=""https://www.ncbi.nlm.nih.gov/datasets/genome/GCA_015229035.1"">NCBI</a>"	"<a href=""https://gtdb.ecogenomic.org/genome?gid=GCA_015229035.1"">GTDB</a>"	SAMN15005584	PRJNA400260	JADGCK000000000	Illumina HiSeq	2020-11-04 00:00:00	Institute of Geology and Geophysics, Chinese Academy of Sciences	Expanding magnetic organelle biogenesis in the domain Bacteria	33126926.0	10.1186/s40168-020-00931-9	2020	W Lin, et al.	China: Innermogolia	freshwater	48.23111 N 117.62277 E	(48.2319669, 117.6247069, 0.0)	48.2319669	117.6247069	97.48	2.1	High	210	120898	4720370	54.25	37239	35976	Scaffold
GCA_015229045.1	Magnetococcales_bacterium_nWRX1bin6	d__Bacteria;<br>p__Proteobacteria;<br>c__Alphaproteobacteria;<br>o__Magnetococcales;<br>f__;<br>g__;<br>s__	d__Bacteria;<br>p__Pseudomonadota;<br>c__Magnetococcia;<br>o__Magnetococcales;<br>f__DC0425bin3;<br>g__HA3dbin3;<br>s__HA3dbin3 sp015229045	"<a href=""https://www.ncbi.nlm.nih.gov/datasets/genome/GCA_015229045.1"">NCBI</a>"	"<a href=""https://gtdb.ecogenomic.org/genome?gid=GCA_015229045.1"">GTDB</a>"	SAMN15005563	PRJNA400260	JADGCJ000000000	Illumina HiSeq	2020-11-04 00:00:00	Institute of Geology and Geophysics, Chinese Academy of Sciences	Expanding magnetic organelle biogenesis in the domain Bacteria	33126926.0	10.1186/s40168-020-00931-9	2020	W Lin, et al.	China: Innermogolia	freshwater	48.23222 N 117.62305 E	(48.2319669, 117.6247069, 0.0)	48.2319669	117.6247069	83.19	5.04	Medium	283	157526	4081011	57.46	24368	22975	Scaffold
GCA_015229055.1	Magnetococcales_bacterium_nWRX1bin5	d__Bacteria;<br>p__Proteobacteria;<br>c__Alphaproteobacteria;<br>o__Magnetococcales;<br>f__;<br>g__;<br>s__	d__Bacteria;<br>p__Pseudomonadota;<br>c__Magnetococcia;<br>o__Magnetococcales;<br>f__UBA8363;<br>g__UBA8363;<br>s__UBA8363 sp002753735	"<a href=""https://www.ncbi.nlm.nih.gov/datasets/genome/GCA_015229055.1"">NCBI</a>"	"<a href=""https://gtdb.ecogenomic.org/genome?gid=GCA_015229055.1"">GTDB</a>"	SAMN15005583	PRJNA400260	JADGCI000000000	Illumina HiSeq	2020-11-04 00:00:00	Institute of Geology and Geophysics, Chinese Academy of Sciences	Expanding magnetic organelle biogenesis in the domain Bacteria	33126926.0	10.1186/s40168-020-00931-9	2020	W Lin, et al.	China: Innermogolia	freshwater	48.23222 N 117.62305 E	(48.2319669, 117.6247069, 0.0)	48.2319669	117.6247069	94.12	2.1	High	173	132784	4550986	54.4	42614	36880	Scaffold
GCA_015229095.1	Magnetococcales_bacterium_nWRX1bin1	d__Bacteria;<br>p__Proteobacteria;<br>c__Alphaproteobacteria;<br>o__Magnetococcales;<br>f__;<br>g__;<br>s__	d__Bacteria;<br>p__Pseudomonadota;<br>c__Magnetococcia;<br>o__Magnetococcales;<br>f__Magnetaquicoccaceae;<br>g__HCHbin5;<br>s__HCHbin5 sp015229095	"<a href=""https://www.ncbi.nlm.nih.gov/datasets/genome/GCA_015229095.1"">NCBI</a>"	"<a href=""https://gtdb.ecogenomic.org/genome?gid=GCA_015229095.1"">GTDB</a>"	SAMN15005587	PRJNA400260	JADGCE000000000	Illumina HiSeq	2020-11-04 00:00:00	Institute of Geology and Geophysics, Chinese Academy of Sciences	Expanding magnetic organelle biogenesis in the domain Bacteria	33126926.0	10.1186/s40168-020-00931-9	2020	W Lin, et al.	China: Innermogolia	freshwater	48.23222 N 117.62305 E	(48.2319669, 117.6247069, 0.0)	48.2319669	117.6247069	75.18	1.68	Medium	200	58756	2629331	59.27	17832	13002	Scaffold
GCA_015229105.1	Magnetococcales_bacterium_nWRX1bin12	d__Bacteria;<br>p__Proteobacteria;<br>c__Alphaproteobacteria;<br>o__Magnetococcales;<br>f__;<br>g__;<br>s__	d__Bacteria;<br>p__Pseudomonadota;<br>c__Magnetococcia;<br>o__Magnetococcales;<br>f__JADGCL01;<br>g__JADGCL01;<br>s__JADGCL01 sp015229005	"<a href=""https://www.ncbi.nlm.nih.gov/datasets/genome/GCA_015229105.1"">NCBI</a>"	"<a href=""https://gtdb.ecogenomic.org/genome?gid=GCA_015229105.1"">GTDB</a>"	SAMN15005556	PRJNA400260	JADGCG000000000	Illumina HiSeq	2020-11-04 00:00:00	Institute of Geology and Geophysics, Chinese Academy of Sciences	Expanding magnetic organelle biogenesis in the domain Bacteria	33126926.0	10.1186/s40168-020-00931-9	2020	W Lin, et al.	China: Innermogolia	freshwater	48.23222 N 117.62305 E	(48.2319669, 117.6247069, 0.0)	48.2319669	117.6247069	58.4	1.26	Medium	199	90776	2774909	62.96	27522	27388	Scaffold
GCA_015229115.1	Magnetococcales_bacterium_nWRX1bin3	d__Bacteria;<br>p__Proteobacteria;<br>c__Alphaproteobacteria;<br>o__Magnetococcales;<br>f__;<br>g__;<br>s__	d__Bacteria;<br>p__Pseudomonadota;<br>c__Magnetococcia;<br>o__Magnetococcales;<br>f__JADGCH01;<br>g__JADGCH01;<br>s__JADGCH01 sp015229115	"<a href=""https://www.ncbi.nlm.nih.gov/datasets/genome/GCA_015229115.1"">NCBI</a>"	"<a href=""https://gtdb.ecogenomic.org/genome?gid=GCA_015229115.1"">GTDB</a>"	SAMN15005557	PRJNA400260	JADGCH000000000	Illumina HiSeq	2020-11-04 00:00:00	Institute of Geology and Geophysics, Chinese Academy of Sciences	Expanding magnetic organelle biogenesis in the domain Bacteria	33126926.0	10.1186/s40168-020-00931-9	2020	W Lin, et al.	China: Innermogolia	freshwater	48.23222 N 117.62305 E	(48.2319669, 117.6247069, 0.0)	48.2319669	117.6247069	91.04	3.36	High	184	155931	3146079	54.88	35126	29223	Scaffold
GCA_015229135.1	Magnetococcales_bacterium_nWRX1bin11	d__Bacteria;<br>p__Proteobacteria;<br>c__Alphaproteobacteria;<br>o__Magnetococcales;<br>f__;<br>g__;<br>s__	d__Bacteria;<br>p__Pseudomonadota;<br>c__Magnetococcia;<br>o__Magnetococcales;<br>f__Magnetaquicoccaceae;<br>g__JAANAU01;<br>s__JAANAU01 sp015231775	"<a href=""https://www.ncbi.nlm.nih.gov/datasets/genome/GCA_015229135.1"">NCBI</a>"	"<a href=""https://gtdb.ecogenomic.org/genome?gid=GCA_015229135.1"">GTDB</a>"	SAMN15005600	PRJNA400260	JADGCF000000000	Illumina HiSeq	2020-11-04 00:00:00	Institute of Geology and Geophysics, Chinese Academy of Sciences	Expanding magnetic organelle biogenesis in the domain Bacteria	33126926.0	10.1186/s40168-020-00931-9	2020	W Lin, et al.	China: Innermogolia	freshwater	48.23222 N 117.62305 E	(48.2319669, 117.6247069, 0.0)	48.2319669	117.6247069	75.33	5.04	Medium	254	92361	3564413	60.94	22436	22436	Scaffold
GCA_015229165.1	Nitrospinae_bacterium_nWMHbin6	d__Bacteria;<br>p__Nitrospinae;<br>c__;<br>o__;<br>f__;<br>g__;<br>s__	d__Bacteria;<br>p__Nitrospinota;<br>c__UBA7883;<br>o__UBA7883;<br>f__JADGCD01;<br>g__JADGCD01;<br>s__JADGCD01 sp015229165	"<a href=""https://www.ncbi.nlm.nih.gov/datasets/genome/GCA_015229165.1"">NCBI</a>"	"<a href=""https://gtdb.ecogenomic.org/genome?gid=GCA_015229165.1"">GTDB</a>"	SAMN15005486	PRJNA400260	JADGCD000000000	Illumina HiSeq	2020-11-04 00:00:00	Institute of Geology and Geophysics, Chinese Academy of Sciences	Expanding magnetic organelle biogenesis in the domain Bacteria	33126926.0	10.1186/s40168-020-00931-9	2020	W Lin, et al.	China: Beijing	freshwater	39.993142 N 116.30256 E	(39.99171495, 116.30393496863539, 0.0)	39.99171495	116.303934968635	73.74	0.85	Medium	346	48456	2310852	63.95	9145	8657	Scaffold
GCA_015229215.1	Alphaproteobacteria_bacterium_nWMHbin5	d__Bacteria;<br>p__Proteobacteria;<br>c__Alphaproteobacteria;<br>o__;<br>f__;<br>g__;<br>s__	d__Bacteria;<br>p__Pseudomonadota;<br>c__Alphaproteobacteria;<br>o__Rhodospirillales;<br>f__WMHbin7;<br>g__WMHbin7;<br>s__WMHbin7 sp002753155	"<a href=""https://www.ncbi.nlm.nih.gov/datasets/genome/GCA_015229215.1"">NCBI</a>"	"<a href=""https://gtdb.ecogenomic.org/genome?gid=GCA_015229215.1"">GTDB</a>"	SAMN15005544	PRJNA400260	JADGCC000000000	Illumina HiSeq	2020-11-04 00:00:00	Institute of Geology and Geophysics, Chinese Academy of Sciences	Expanding magnetic organelle biogenesis in the domain Bacteria	33126926.0	10.1186/s40168-020-00931-9	2020	W Lin, et al.	China: Beijing	freshwater	39.993142 N 116.30256 E	(39.99171495, 116.30393496863539, 0.0)	39.99171495	116.303934968635	97.01	0.0	High	80	521566	3563391	59.35	105961	70874	Scaffold
GCA_015231175.1	Magnetococcales_bacterium_nWMHbin2	d__Bacteria;<br>p__Proteobacteria;<br>c__Alphaproteobacteria;<br>o__Magnetococcales;<br>f__;<br>g__;<br>s__	d__Bacteria;<br>p__Pseudomonadota;<br>c__Magnetococcia;<br>o__Magnetococcales;<br>f__DC0425bin3;<br>g__HA3dbin3;<br>s__HA3dbin3 sp015231175	"<a href=""https://www.ncbi.nlm.nih.gov/datasets/genome/GCA_015231175.1"">NCBI</a>"	"<a href=""https://gtdb.ecogenomic.org/genome?gid=GCA_015231175.1"">GTDB</a>"	SAMN15005562	PRJNA400260	JADGBZ000000000	Illumina HiSeq	2020-11-04 00:00:00	Institute of Geology and Geophysics, Chinese Academy of Sciences	Expanding magnetic organelle biogenesis in the domain Bacteria	33126926.0	10.1186/s40168-020-00931-9	2020	W Lin, et al.	China: Beijing	freshwater	39.993142 N 116.30256 E	(39.99171495, 116.30393496863539, 0.0)	39.99171495	116.303934968635	95.38	0.84	High	175	127019	3812214	57.17	39732	34909	Scaffold
GCA_015231205.1	Magnetococcales_bacterium_nWMHbin4	d__Bacteria;<br>p__Proteobacteria;<br>c__Alphaproteobacteria;<br>o__Magnetococcales;<br>f__;<br>g__;<br>s__	d__Bacteria;<br>p__Pseudomonadota;<br>c__Magnetococcia;<br>o__Magnetococcales;<br>f__UBA8363;<br>g__UBA8363;<br>s__UBA8363 sp002753735	"<a href=""https://www.ncbi.nlm.nih.gov/datasets/genome/GCA_015231205.1"">NCBI</a>"	"<a href=""https://gtdb.ecogenomic.org/genome?gid=GCA_015231205.1"">GTDB</a>"	SAMN15005582	PRJNA400260	JADGCB000000000	Illumina HiSeq	2020-11-04 00:00:00	Institute of Geology and Geophysics, Chinese Academy of Sciences	Expanding magnetic organelle biogenesis in the domain Bacteria	33126926.0	10.1186/s40168-020-00931-9	2020	W Lin, et al.	China: Beijing	freshwater	39.993142 N 116.30256 E	(39.99171495, 116.30393496863539, 0.0)	39.99171495	116.303934968635	97.48	2.1	High	207	107318	4156077	54.29	31156	28390	Scaffold
GCA_015231215.1	Magnetococcales_bacterium_nWMHbin1	d__Bacteria;<br>p__Proteobacteria;<br>c__Alphaproteobacteria;<br>o__Magnetococcales;<br>f__;<br>g__;<br>s__	d__Bacteria;<br>p__Pseudomonadota;<br>c__Magnetococcia;<br>o__Magnetococcales;<br>f__Magnetaquicoccaceae;<br>g__Magnetaquicoccus;<br>s__Magnetaquicoccus sp002753135	"<a href=""https://www.ncbi.nlm.nih.gov/datasets/genome/GCA_015231215.1"">NCBI</a>"	"<a href=""https://gtdb.ecogenomic.org/genome?gid=GCA_015231215.1"">GTDB</a>"	SAMN15005605	PRJNA400260	JADGBY000000000	Illumina HiSeq	2020-11-04 00:00:00	Institute of Geology and Geophysics, Chinese Academy of Sciences	Expanding magnetic organelle biogenesis in the domain Bacteria	33126926.0	10.1186/s40168-020-00931-9	2020	W Lin, et al.	China: Beijing	freshwater	39.993142 N 116.30256 E	(39.99171495, 116.30393496863539, 0.0)	39.99171495	116.303934968635	96.69	2.63	High	116	265640	4373155	54.97	83117	83117	Scaffold
GCA_015231235.1	Magnetococcales_bacterium_nWMHbin3	d__Bacteria;<br>p__Proteobacteria;<br>c__Alphaproteobacteria;<br>o__Magnetococcales;<br>f__;<br>g__;<br>s__	d__Bacteria;<br>p__Pseudomonadota;<br>c__Magnetococcia;<br>o__Magnetococcales;<br>f__Magnetaquicoccaceae;<br>g__WMHbin3;<br>s__WMHbin3 sp002753185	"<a href=""https://www.ncbi.nlm.nih.gov/datasets/genome/GCA_015231235.1"">NCBI</a>"	"<a href=""https://gtdb.ecogenomic.org/genome?gid=GCA_015231235.1"">GTDB</a>"	SAMN15005602	PRJNA400260	JADGCA000000000	Illumina HiSeq	2020-11-04 00:00:00	Institute of Geology and Geophysics, Chinese Academy of Sciences	Expanding magnetic organelle biogenesis in the domain Bacteria	33126926.0	10.1186/s40168-020-00931-9	2020	W Lin, et al.	China: Beijing	freshwater	39.993142 N 116.30256 E	(39.99171495, 116.30393496863539, 0.0)	39.99171495	116.303934968635	96.89	2.94	High	167	167472	4974826	61.57	59272	52577	Scaffold
GCA_015231265.1	Magnetococcales_bacterium_nwalbin5	d__Bacteria;<br>p__Proteobacteria;<br>c__Alphaproteobacteria;<br>o__Magnetococcales;<br>f__;<br>g__;<br>s__	d__Bacteria;<br>p__Pseudomonadota;<br>c__Magnetococcia;<br>o__Magnetococcales;<br>f__JADGBX01;<br>g__JADGBX01;<br>s__JADGBX01 sp015231265	"<a href=""https://www.ncbi.nlm.nih.gov/datasets/genome/GCA_015231265.1"">NCBI</a>"	"<a href=""https://gtdb.ecogenomic.org/genome?gid=GCA_015231265.1"">GTDB</a>"	SAMN15005549	PRJNA400260	JADGBX000000000	Illumina HiSeq	2020-11-04 00:00:00	Institute of Geology and Geophysics, Chinese Academy of Sciences	Expanding magnetic organelle biogenesis in the domain Bacteria	33126926.0	10.1186/s40168-020-00931-9	2020	W Lin, et al.	Australia: Wallaga Lake	hypersaline	36.36013 S 150.07384 E	(-36.3597021, 150.0742289, 0.0)	-36.3597021	150.0742289	78.85	1.59	Medium	459	93109	3818756	55.87	12313	12313	Contig
GCA_015231295.1	Magnetococcales_bacterium_nW5bin3	d__Bacteria;<br>p__Proteobacteria;<br>c__Alphaproteobacteria;<br>o__Magnetococcales;<br>f__;<br>g__;<br>s__	d__Bacteria;<br>p__Pseudomonadota;<br>c__Magnetococcia;<br>o__Magnetococcales;<br>f__Magnetaquicoccaceae;<br>g__JAANAU01;<br>s__JAANAU01 sp015231295	"<a href=""https://www.ncbi.nlm.nih.gov/datasets/genome/GCA_015231295.1"">NCBI</a>"	"<a href=""https://gtdb.ecogenomic.org/genome?gid=GCA_015231295.1"">GTDB</a>"	SAMN15005599	PRJNA400260	JADGBU000000000	Illumina HiSeq	2020-11-04 00:00:00	Institute of Geology and Geophysics, Chinese Academy of Sciences	Expanding magnetic organelle biogenesis in the domain Bacteria	33126926.0	10.1186/s40168-020-00931-9	2020	W Lin, et al.	China: Innermogolia	freshwater	41.564702 N 109.081861 E	(41.5819857, 109.2005288, 0.0)	41.5819857	109.2005288	88.72	0.84	Medium	353	90372	3790407	59.17	16624	11745	Scaffold
GCA_015231305.1	Magnetococcales_bacterium_nwagbin5	d__Bacteria;<br>p__Proteobacteria;<br>c__Alphaproteobacteria;<br>o__Magnetococcales;<br>f__;<br>g__;<br>s__	d__Bacteria;<br>p__Pseudomonadota;<br>c__Magnetococcia;<br>o__Magnetococcales;<br>f__UBA8363;<br>g__GCA-2753565;<br>s__GCA-2753565 sp015231305	"<a href=""https://www.ncbi.nlm.nih.gov/datasets/genome/GCA_015231305.1"">NCBI</a>"	"<a href=""https://gtdb.ecogenomic.org/genome?gid=GCA_015231305.1"">GTDB</a>"	SAMN15005570	PRJNA400260	JADGBW000000000	Illumina HiSeq	2020-11-04 00:00:00	Institute of Geology and Geophysics, Chinese Academy of Sciences	Expanding magnetic organelle biogenesis in the domain Bacteria	33126926.0	10.1186/s40168-020-00931-9	2020	W Lin, et al.	Australia: Waganaga Inlet	hypersaline	36.21831 S 150.12168 E	(-36.21825955, 150.12214103824746, 0.0)	-36.21825955	150.122141038247	87.17	1.26	Medium	238	112061	3957690	38.49	22682	21375	Scaffold
GCA_015231325.1	Oligoflexia_bacterium_nW3bin19	d__Bacteria;<br>p__Proteobacteria;<br>c__Oligoflexia;<br>o__;<br>f__;<br>g__;<br>s__	d__Bacteria;<br>p__Bdellovibrionota;<br>c__Bacteriovoracia;<br>o__Bacteriovoracales;<br>f__Bacteriovoracaceae;<br>g__JADGAN01;<br>s__JADGAN01 sp015231325	"<a href=""https://www.ncbi.nlm.nih.gov/datasets/genome/GCA_015231325.1"">NCBI</a>"	"<a href=""https://gtdb.ecogenomic.org/genome?gid=GCA_015231325.1"">GTDB</a>"	SAMN15005452	PRJNA400260	JADGBS000000000	Illumina HiSeq	2020-11-04 00:00:00	Institute of Geology and Geophysics, Chinese Academy of Sciences	Expanding magnetic organelle biogenesis in the domain Bacteria	33126926.0	10.1186/s40168-020-00931-9	2020	W Lin, et al.	China: Innermogolia	freshwater	41.564702 N 109.081861 E	(41.5819857, 109.2005288, 0.0)	41.5819857	109.2005288	60.7	0.0	Medium	470	69206	4367188	38.41	14912	11194	Scaffold
GCA_015231345.1	Planctomycetota_bacterium_nwagbin3	d__Bacteria;<br>p__Planctomycetes;<br>c__;<br>o__;<br>f__;<br>g__;<br>s__	d__Bacteria;<br>p__Planctomycetota;<br>c__JADGBV01;<br>o__JADGBV01;<br>f__JADGBV01;<br>g__JADGBV01;<br>s__JADGBV01 sp015231345	"<a href=""https://www.ncbi.nlm.nih.gov/datasets/genome/GCA_015231345.1"">NCBI</a>"	"<a href=""https://gtdb.ecogenomic.org/genome?gid=GCA_015231345.1"">GTDB</a>"	SAMN15005531	PRJNA400260	JADGBV000000000	Illumina HiSeq	2020-11-04 00:00:00	Institute of Geology and Geophysics, Chinese Academy of Sciences	Expanding magnetic organelle biogenesis in the domain Bacteria	33126926.0	10.1186/s40168-020-00931-9	2020	W Lin, et al.	Australia: Waganaga Inlet	hypersaline	36.21831 S 150.12168 E	(-36.21825955, 150.12214103824746, 0.0)	-36.21825955	150.122141038247	68.82	0.18	Medium	588	39320	4144283	41.73	9132	9132	Scaffold
GCA_015231375.1	Magnetococcales_bacterium_nW5bin1	d__Bacteria;<br>p__Proteobacteria;<br>c__Alphaproteobacteria;<br>o__Magnetococcales;<br>f__;<br>g__;<br>s__	d__Bacteria;<br>p__Pseudomonadota;<br>c__Magnetococcia;<br>o__Magnetococcales;<br>f__Magnetaquicoccaceae;<br>g__JAANAU01;<br>s__JAANAU01 sp015231375	"<a href=""https://www.ncbi.nlm.nih.gov/datasets/genome/GCA_015231375.1"">NCBI</a>"	"<a href=""https://gtdb.ecogenomic.org/genome?gid=GCA_015231375.1"">GTDB</a>"	SAMN15005598	PRJNA400260	JADGBT000000000	Illumina HiSeq	2020-11-04 00:00:00	Institute of Geology and Geophysics, Chinese Academy of Sciences	Expanding magnetic organelle biogenesis in the domain Bacteria	33126926.0	10.1186/s40168-020-00931-9	2020	W Lin, et al.	China: Innermogolia	freshwater	41.564702 N 109.081861 E	(41.5819857, 109.2005288, 0.0)	41.5819857	109.2005288	97.78	1.68	High	114	225186	4103345	59.91	70955	69781	Scaffold
GCA_015231395.1	Desulfamplus_sp._nTSbin21	d__Bacteria;<br>p__Proteobacteria;<br>c__Deltaproteobacteria;<br>o__Desulfobacterales;<br>f__Desulfobacteraceae;<br>g__Desulfamplus;<br>s__	d__Bacteria;<br>p__Desulfobacterota;<br>c__Desulfobacteria;<br>o__Desulfobacterales;<br>f__Desulfobacteraceae;<br>g__Desulfamplus;<br>s__Desulfamplus sp015231395	"<a href=""https://www.ncbi.nlm.nih.gov/datasets/genome/GCA_015231395.1"">NCBI</a>"	"<a href=""https://gtdb.ecogenomic.org/genome?gid=GCA_015231395.1"">GTDB</a>"	SAMN15005466	PRJNA400260	JADGBP000000000	Illumina HiSeq	2020-11-04 00:00:00	Institute of Geology and Geophysics, Chinese Academy of Sciences	Expanding magnetic organelle biogenesis in the domain Bacteria	33126926.0	10.1186/s40168-020-00931-9	2020	W Lin, et al.	China: Qinghai	brackish	37.197953 N 96.868083 E	(37.2050575, 96.8548847, 0.0)	37.2050575	96.8548847	61.77	1.47	Medium	548	24652	2809879	39.13	6428	5280	Scaffold
GCA_015231405.1	Candidatus_Omnitrophica_bacterium_nW3bin14	d__Bacteria;<br>p__Candidatus Omnitrophica;<br>c__;<br>o__;<br>f__;<br>g__;<br>s__	d__Bacteria;<br>p__Omnitrophota;<br>c__Koll11;<br>o__SKK-01;<br>f__SKK-01;<br>g__JADGBR01;<br>s__JADGBR01 sp015231405	"<a href=""https://www.ncbi.nlm.nih.gov/datasets/genome/GCA_015231405.1"">NCBI</a>"	"<a href=""https://gtdb.ecogenomic.org/genome?gid=GCA_015231405.1"">GTDB</a>"	SAMN15005529	PRJNA400260	JADGBR000000000	Illumina HiSeq	2020-11-04 00:00:00	Institute of Geology and Geophysics, Chinese Academy of Sciences	Expanding magnetic organelle biogenesis in the domain Bacteria	33126926.0	10.1186/s40168-020-00931-9	2020	W Lin, et al.	China: Innermogolia	freshwater	41.564702 N 109.081861 E	(41.5819857, 109.2005288, 0.0)	41.5819857	109.2005288	93.01	1.08	High	93	490973	3659045	49.49	72303	63153	Scaffold
GCA_015231415.1	Desulfamplus_sp._nTSbin4	d__Bacteria;<br>p__Proteobacteria;<br>c__Deltaproteobacteria;<br>o__Desulfobacterales;<br>f__Desulfobacteraceae;<br>g__Desulfamplus;<br>s__	d__Bacteria;<br>p__Desulfobacterota;<br>c__Desulfobacteria;<br>o__Desulfobacterales;<br>f__Desulfobacteraceae;<br>g__Desulfamplus;<br>s__Desulfamplus sp015232465	"<a href=""https://www.ncbi.nlm.nih.gov/datasets/genome/GCA_015231415.1"">NCBI</a>"	"<a href=""https://gtdb.ecogenomic.org/genome?gid=GCA_015231415.1"">GTDB</a>"	SAMN15005467	PRJNA400260	JADGBQ000000000	Illumina HiSeq	2020-11-04 00:00:00	Institute of Geology and Geophysics, Chinese Academy of Sciences	Expanding magnetic organelle biogenesis in the domain Bacteria	33126926.0	10.1186/s40168-020-00931-9	2020	W Lin, et al.	China: Qinghai	brackish	37.197953 N 96.868083 E	(37.2050575, 96.8548847, 0.0)	37.2050575	96.8548847	97.42	1.29	High	196	79298	3232689	37.6	26935	21558	Scaffold
GCA_015231435.1	Gammaproteobacteria_bacterium_nTSbin2	d__Bacteria;<br>p__Proteobacteria;<br>c__Gammaproteobacteria;<br>o__;<br>f__;<br>g__;<br>s__	d__Bacteria;<br>p__Pseudomonadota;<br>c__Gammaproteobacteria;<br>o__BW-2;<br>f__BW-2;<br>g__JADFYS01;<br>s__JADFYS01 sp015231435	"<a href=""https://www.ncbi.nlm.nih.gov/datasets/genome/GCA_015231435.1"">NCBI</a>"	"<a href=""https://gtdb.ecogenomic.org/genome?gid=GCA_015231435.1"">GTDB</a>"	SAMN15005548	PRJNA400260	JADGBN000000000	Illumina HiSeq	2020-11-04 00:00:00	Institute of Geology and Geophysics, Chinese Academy of Sciences	Expanding magnetic organelle biogenesis in the domain Bacteria	33126926.0	10.1186/s40168-020-00931-9	2020	W Lin, et al.	China: Qinghai	brackish	37.197953 N 96.868083 E	(37.2050575, 96.8548847, 0.0)	37.2050575	96.8548847	92.43	0.44	High	223	66268	2871643	52.9	19518	19518	Scaffold
GCA_015231465.1	Desulfamplus_sp._nTSbin20	d__Bacteria;<br>p__Proteobacteria;<br>c__Deltaproteobacteria;<br>o__Desulfobacterales;<br>f__Desulfobacteraceae;<br>g__Desulfamplus;<br>s__	d__Bacteria;<br>p__Desulfobacterota;<br>c__Desulfobacteria;<br>o__Desulfobacterales;<br>f__Desulfobacteraceae;<br>g__Desulfamplus;<br>s__Desulfamplus sp015231465	"<a href=""https://www.ncbi.nlm.nih.gov/datasets/genome/GCA_015231465.1"">NCBI</a>"	"<a href=""https://gtdb.ecogenomic.org/genome?gid=GCA_015231465.1"">GTDB</a>"	SAMN15005465	PRJNA400260	JADGBO000000000	Illumina HiSeq	2020-11-04 00:00:00	Institute of Geology and Geophysics, Chinese Academy of Sciences	Expanding magnetic organelle biogenesis in the domain Bacteria	33126926.0	10.1186/s40168-020-00931-9	2020	W Lin, et al.	China: Qinghai	brackish	37.197953 N 96.868083 E	(37.2050575, 96.8548847, 0.0)	37.2050575	96.8548847	78.06	5.22	Medium	402	69041	3629071	47.21	12968	9880	Scaffold
GCA_015231495.1	Planctomycetota_bacterium_nTSbin13			"<a href=""https://www.ncbi.nlm.nih.gov/datasets/genome/GCA_015231495.1"">NCBI</a>"	"<a href=""https://gtdb.ecogenomic.org/genome?gid=GCA_015231495.1"">GTDB</a>"	SAMN15005530	PRJNA400260	JADGBK000000000	Illumina HiSeq	2020-11-04 00:00:00	Institute of Geology and Geophysics, Chinese Academy of Sciences	Expanding magnetic organelle biogenesis in the domain Bacteria	33126926.0	10.1186/s40168-020-00931-9	2020	W Lin, et al.	China: Qinghai	brackish	37.197953 N 96.868083 E	(37.2050575, 96.8548847, 0.0)	37.2050575	96.8548847	58.65	0.0	Medium	642	47405	3004308	56.47	5156	4716	Scaffold
GCA_015231505.1	Alphaproteobacteria_bacterium_nTSbin12	d__Bacteria;<br>p__Proteobacteria;<br>c__Alphaproteobacteria;<br>o__;<br>f__;<br>g__;<br>s__	d__Bacteria;<br>p__Pseudomonadota;<br>c__Alphaproteobacteria;<br>o__Rhodospirillales_A;<br>f__Magnetovibrionaceae;<br>g__JADGBG01;<br>s__JADGBG01 sp015231605	"<a href=""https://www.ncbi.nlm.nih.gov/datasets/genome/GCA_015231505.1"">NCBI</a>"	"<a href=""https://gtdb.ecogenomic.org/genome?gid=GCA_015231505.1"">GTDB</a>"	SAMN15005535	PRJNA400260	JADGBJ000000000	Illumina HiSeq	2020-11-04 00:00:00	Institute of Geology and Geophysics, Chinese Academy of Sciences	Expanding magnetic organelle biogenesis in the domain Bacteria	33126926.0	10.1186/s40168-020-00931-9	2020	W Lin, et al.	China: Qinghai	brackish	37.197953 N 96.868083 E	(37.2050575, 96.8548847, 0.0)	37.2050575	96.8548847	73.76	1.03	Medium	329	62503	2394161	63.33	10152	8677	Scaffold
GCA_015231515.1	Desulfobulbaceae_bacterium_nTSbin18	d__Bacteria;<br>p__Proteobacteria;<br>c__Deltaproteobacteria;<br>o__Desulfobacterales;<br>f__Desulfobulbaceae;<br>g__;<br>s__	d__Bacteria;<br>p__Desulfobacterota;<br>c__Desulfobulbia;<br>o__Desulfobulbales;<br>f__Desulfurivibrionaceae;<br>g__JADGBM01;<br>s__JADGBM01 sp015231515	"<a href=""https://www.ncbi.nlm.nih.gov/datasets/genome/GCA_015231515.1"">NCBI</a>"	"<a href=""https://gtdb.ecogenomic.org/genome?gid=GCA_015231515.1"">GTDB</a>"	SAMN15005479	PRJNA400260	JADGBM000000000	Illumina HiSeq	2020-11-04 00:00:00	Institute of Geology and Geophysics, Chinese Academy of Sciences	Expanding magnetic organelle biogenesis in the domain Bacteria	33126926.0	10.1186/s40168-020-00931-9	2020	W Lin, et al.	China: Qinghai	brackish	37.197953 N 96.868083 E	(37.2050575, 96.8548847, 0.0)	37.2050575	96.8548847	90.84	1.79	High	225	106673	3405799	45.02	24782	24737	Scaffold
GCA_015231525.1	Desulfamplus_sp._nTSbin15	d__Bacteria;<br>p__Proteobacteria;<br>c__Deltaproteobacteria;<br>o__Desulfobacterales;<br>f__Desulfobacteraceae;<br>g__Desulfamplus;<br>s__	d__Bacteria;<br>p__Desulfobacterota;<br>c__Desulfobacteria;<br>o__Desulfobacterales;<br>f__Desulfobacteraceae;<br>g__Desulfamplus;<br>s__Desulfamplus sp015231705	"<a href=""https://www.ncbi.nlm.nih.gov/datasets/genome/GCA_015231525.1"">NCBI</a>"	"<a href=""https://gtdb.ecogenomic.org/genome?gid=GCA_015231525.1"">GTDB</a>"	SAMN15005464	PRJNA400260	JADGBL000000000	Illumina HiSeq	2020-11-04 00:00:00	Institute of Geology and Geophysics, Chinese Academy of Sciences	Expanding magnetic organelle biogenesis in the domain Bacteria	33126926.0	10.1186/s40168-020-00931-9	2020	W Lin, et al.	China: Qinghai	brackish	37.197953 N 96.868083 E	(37.2050575, 96.8548847, 0.0)	37.2050575	96.8548847	73.57	1.94	Medium	851	44670	5493331	40.46	7452	6095	Scaffold
GCA_015231535.1	SAR324_cluster_bacterium_nTSbin10	d__Bacteria;<br>p__Proteobacteria;<br>c__Deltaproteobacteria;<br>o__;<br>f__;<br>g__;<br>s__	d__Bacteria;<br>p__SAR324;<br>c__SAR324;<br>o__SAR324;<br>f__JADFZZ01;<br>g__JADFZZ01;<br>s__JADFZZ01 sp015232315	"<a href=""https://www.ncbi.nlm.nih.gov/datasets/genome/GCA_015231535.1"">NCBI</a>"	"<a href=""https://gtdb.ecogenomic.org/genome?gid=GCA_015231535.1"">GTDB</a>"	SAMN15005611	PRJNA400260	JADGBI000000000	Illumina HiSeq	2020-11-04 00:00:00	Institute of Geology and Geophysics, Chinese Academy of Sciences	Expanding magnetic organelle biogenesis in the domain Bacteria	33126926.0	10.1186/s40168-020-00931-9	2020	W Lin, et al.	China: Qinghai	brackish	37.197953 N 96.868083 E	(37.2050575, 96.8548847, 0.0)	37.2050575	96.8548847	88.8	0.56	Medium	344	128004	5756581	44.87	28409	27633	Scaffold
GCA_015231595.1	Desulfobacterales_bacterium_nTSbin1	d__Bacteria;<br>p__Proteobacteria;<br>c__Deltaproteobacteria;<br>o__Desulfobacterales;<br>f__;<br>g__;<br>s__	d__Bacteria;<br>p__Desulfobacterota;<br>c__Desulfobacteria;<br>o__Desulfobacterales;<br>f__JADGBH01;<br>g__JADGBH01;<br>s__JADGBH01 sp015231595	"<a href=""https://www.ncbi.nlm.nih.gov/datasets/genome/GCA_015231595.1"">NCBI</a>"	"<a href=""https://gtdb.ecogenomic.org/genome?gid=GCA_015231595.1"">GTDB</a>"	SAMN15005475	PRJNA400260	JADGBH000000000	Illumina HiSeq	2020-11-04 00:00:00	Institute of Geology and Geophysics, Chinese Academy of Sciences	Expanding magnetic organelle biogenesis in the domain Bacteria	33126926.0	10.1186/s40168-020-00931-9	2020	W Lin, et al.	China: Qinghai	brackish	37.197953 N 96.868083 E	(37.2050575, 96.8548847, 0.0)	37.2050575	96.8548847	98.71	1.36	High	210	176123	5131725	32.05	47251	46195	Scaffold
GCA_015231605.1	Alphaproteobacteria_bacterium_nSSYDbin4	d__Bacteria;<br>p__Proteobacteria;<br>c__Alphaproteobacteria;<br>o__;<br>f__;<br>g__;<br>s__	d__Bacteria;<br>p__Pseudomonadota;<br>c__Alphaproteobacteria;<br>o__Rhodospirillales_A;<br>f__Magnetovibrionaceae;<br>g__JADGBG01;<br>s__JADGBG01 sp015231605	"<a href=""https://www.ncbi.nlm.nih.gov/datasets/genome/GCA_015231605.1"">NCBI</a>"	"<a href=""https://gtdb.ecogenomic.org/genome?gid=GCA_015231605.1"">GTDB</a>"	SAMN15005534	PRJNA400260	JADGBG000000000	Illumina HiSeq	2020-11-04 00:00:00	Institute of Geology and Geophysics, Chinese Academy of Sciences	Expanding magnetic organelle biogenesis in the domain Bacteria	33126926.0	10.1186/s40168-020-00931-9	2020	W Lin, et al.	China: Qinghai	brackish	37.624414 N 93.733812 E	(37.848687, 95.3600242, 0.0)	37.848687	95.3600242	94.65	0.33	High	213	99656	3182839	63.34	25241	19897	Scaffold
GCA_015231615.1	Desulfamplus_sp._nS315bin44	d__Bacteria;<br>p__Proteobacteria;<br>c__Deltaproteobacteria;<br>o__Desulfobacterales;<br>f__Desulfobacteraceae;<br>g__Desulfamplus;<br>s__	d__Bacteria;<br>p__Desulfobacterota;<br>c__Desulfobacteria;<br>o__Desulfobacterales;<br>f__Desulfobacteraceae;<br>g__Desulfamplus;<br>s__Desulfamplus sp015231615	"<a href=""https://www.ncbi.nlm.nih.gov/datasets/genome/GCA_015231615.1"">NCBI</a>"	"<a href=""https://gtdb.ecogenomic.org/genome?gid=GCA_015231615.1"">GTDB</a>"	SAMN15005462	PRJNA400260	JADGBE000000000	Illumina HiSeq	2020-11-04 00:00:00	Institute of Geology and Geophysics, Chinese Academy of Sciences	Expanding magnetic organelle biogenesis in the domain Bacteria	33126926.0	10.1186/s40168-020-00931-9	2020	W Lin, et al.	China: Qinghai	brackish	38.229771 N 90.697681 E	(38.2346574, 90.7079553, 0.0)	38.2346574	90.7079553	88.39	0.32	Medium	200	216132	3860279	36.17	49168	45269	Scaffold
GCA_015231655.1	Desulfamplus_sp._nS315bin9	d__Bacteria;<br>p__Proteobacteria;<br>c__Deltaproteobacteria;<br>o__Desulfobacterales;<br>f__Desulfobacteraceae;<br>g__Desulfamplus;<br>s__	d__Bacteria;<br>p__Desulfobacterota;<br>c__Desulfobacteria;<br>o__Desulfobacterales;<br>f__Desulfobacteraceae;<br>g__Desulfamplus;<br>s__Desulfamplus sp015232465	"<a href=""https://www.ncbi.nlm.nih.gov/datasets/genome/GCA_015231655.1"">NCBI</a>"	"<a href=""https://gtdb.ecogenomic.org/genome?gid=GCA_015231655.1"">GTDB</a>"	SAMN15005463	PRJNA400260	JADGBF000000000	Illumina HiSeq	2020-11-04 00:00:00	Institute of Geology and Geophysics, Chinese Academy of Sciences	Expanding magnetic organelle biogenesis in the domain Bacteria	33126926.0	10.1186/s40168-020-00931-9	2020	W Lin, et al.	China: Qinghai	brackish	38.229771 N 90.697681 E	(38.2346574, 90.7079553, 0.0)	38.2346574	90.7079553	96.77	1.75	High	195	107956	3171500	37.59	28298	27439	Scaffold
GCA_015231665.1	Gammaproteobacteria_bacterium_nS315bin38	d__Bacteria;<br>p__Proteobacteria;<br>c__Gammaproteobacteria;<br>o__;<br>f__;<br>g__;<br>s__	d__Bacteria;<br>p__Pseudomonadota;<br>c__Gammaproteobacteria;<br>o__Chromatiales;<br>f__Sedimenticolaceae;<br>g__JADGBD01;<br>s__JADGBD01 sp015231665	"<a href=""https://www.ncbi.nlm.nih.gov/datasets/genome/GCA_015231665.1"">NCBI</a>"	"<a href=""https://gtdb.ecogenomic.org/genome?gid=GCA_015231665.1"">GTDB</a>"	SAMN15005546	PRJNA400260	JADGBD000000000	Illumina HiSeq	2020-11-04 00:00:00	Institute of Geology and Geophysics, Chinese Academy of Sciences	Expanding magnetic organelle biogenesis in the domain Bacteria	33126926.0	10.1186/s40168-020-00931-9	2020	W Lin, et al.	China: Qinghai	brackish	38.229771 N 90.697681 E	(38.2346574, 90.7079553, 0.0)	38.2346574	90.7079553	68.97	0.0	Medium	429	35700	2468585	62.18	6964	5273	Scaffold
GCA_015231685.1	Candidatus_Omnitrophica_bacterium_nS315bin20	d__Bacteria;<br>p__Candidatus Omnitrophica;<br>c__;<br>o__;<br>f__;<br>g__;<br>s__	d__Bacteria;<br>p__Omnitrophota;<br>c__Koll11;<br>o__2-02-FULL-51-18;<br>f__JAGOUK01;<br>g__JADGBA01;<br>s__JADGBA01 sp015231685	"<a href=""https://www.ncbi.nlm.nih.gov/datasets/genome/GCA_015231685.1"">NCBI</a>"	"<a href=""https://gtdb.ecogenomic.org/genome?gid=GCA_015231685.1"">GTDB</a>"	SAMN15005510	PRJNA400260	JADGBA000000000	Illumina HiSeq	2020-11-04 00:00:00	Institute of Geology and Geophysics, Chinese Academy of Sciences	Expanding magnetic organelle biogenesis in the domain Bacteria	33126926.0	10.1186/s40168-020-00931-9	2020	W Lin, et al.	China: Qinghai	brackish	38.229771 N 90.697681 E	(38.2346574, 90.7079553, 0.0)	38.2346574	90.7079553	63.44	1.08	Medium	200	31349	1377317	56.96	8753	6810	Scaffold
GCA_015231705.1	Desulfamplus_sp._nS315bin3	d__Bacteria;<br>p__Proteobacteria;<br>c__Deltaproteobacteria;<br>o__Desulfobacterales;<br>f__Desulfobacteraceae;<br>g__Desulfamplus;<br>s__	d__Bacteria;<br>p__Desulfobacterota;<br>c__Desulfobacteria;<br>o__Desulfobacterales;<br>f__Desulfobacteraceae;<br>g__Desulfamplus;<br>s__Desulfamplus sp015231705	"<a href=""https://www.ncbi.nlm.nih.gov/datasets/genome/GCA_015231705.1"">NCBI</a>"	"<a href=""https://gtdb.ecogenomic.org/genome?gid=GCA_015231705.1"">GTDB</a>"	SAMN15005461	PRJNA400260	JADGBC000000000	Illumina HiSeq	2020-11-04 00:00:00	Institute of Geology and Geophysics, Chinese Academy of Sciences	Expanding magnetic organelle biogenesis in the domain Bacteria	33126926.0	10.1186/s40168-020-00931-9	2020	W Lin, et al.	China: Qinghai	brackish	38.229771 N 90.697681 E	(38.2346574, 90.7079553, 0.0)	38.2346574	90.7079553	84.62	0.16	Medium	282	75205	3601353	40.67	19749	19353	Scaffold
GCA_015231715.1	Candidatus_Omnitrophica_bacterium_nS315bin24	d__Bacteria;<br>p__Candidatus Omnitrophica;<br>c__;<br>o__;<br>f__;<br>g__;<br>s__	d__Bacteria;<br>p__Omnitrophota;<br>c__Koll11;<br>o__SKK-01;<br>f__SKK-01;<br>g__JADGBB01;<br>s__JADGBB01 sp015231715	"<a href=""https://www.ncbi.nlm.nih.gov/datasets/genome/GCA_015231715.1"">NCBI</a>"	"<a href=""https://gtdb.ecogenomic.org/genome?gid=GCA_015231715.1"">GTDB</a>"	SAMN15005528	PRJNA400260	JADGBB000000000	Illumina HiSeq	2020-11-04 00:00:00	Institute of Geology and Geophysics, Chinese Academy of Sciences	Expanding magnetic organelle biogenesis in the domain Bacteria	33126926.0	10.1186/s40168-020-00931-9	2020	W Lin, et al.	China: Qinghai	brackish	38.229771 N 90.697681 E	(38.2346574, 90.7079553, 0.0)	38.2346574	90.7079553	51.04	0.0	Medium	115	88017	1495357	37.11	25313	25099	Scaffold
GCA_015231755.1	Magnetococcales_bacterium_nQXH2bin5	d__Bacteria;<br>p__Proteobacteria;<br>c__Alphaproteobacteria;<br>o__Magnetococcales;<br>f__;<br>g__;<br>s__	d__Bacteria;<br>p__Pseudomonadota;<br>c__Magnetococcia;<br>o__Magnetococcales;<br>f__Magnetaquicoccaceae;<br>g__JAANAU01;<br>s__JAANAU01 sp015231755	"<a href=""https://www.ncbi.nlm.nih.gov/datasets/genome/GCA_015231755.1"">NCBI</a>"	"<a href=""https://gtdb.ecogenomic.org/genome?gid=GCA_015231755.1"">GTDB</a>"	SAMN15005597	PRJNA400260	JADGAZ000000000	Illumina HiSeq	2020-11-04 00:00:00	Institute of Geology and Geophysics, Chinese Academy of Sciences	Expanding magnetic organelle biogenesis in the domain Bacteria	33126926.0	10.1186/s40168-020-00931-9	2020	W Lin, et al.	China: Innermogolia	freshwater	47.69541 N 119.30422 E	(47.4701009, 119.4432198, 0.0)	47.4701009	119.4432198	98.62	2.52	High	44	309908	3842963	59.16	133818	132314	Scaffold
GCA_015231775.1	Magnetococcales_bacterium_nQXH2bin1	d__Bacteria;<br>p__Proteobacteria;<br>c__Alphaproteobacteria;<br>o__Magnetococcales;<br>f__;<br>g__;<br>s__	d__Bacteria;<br>p__Pseudomonadota;<br>c__Magnetococcia;<br>o__Magnetococcales;<br>f__Magnetaquicoccaceae;<br>g__JAANAU01;<br>s__JAANAU01 sp015231775	"<a href=""https://www.ncbi.nlm.nih.gov/datasets/genome/GCA_015231775.1"">NCBI</a>"	"<a href=""https://gtdb.ecogenomic.org/genome?gid=GCA_015231775.1"">GTDB</a>"	SAMN15005596	PRJNA400260	JADGAY000000000	Illumina HiSeq	2020-11-04 00:00:00	Institute of Geology and Geophysics, Chinese Academy of Sciences	Expanding magnetic organelle biogenesis in the domain Bacteria	33126926.0	10.1186/s40168-020-00931-9	2020	W Lin, et al.	China: Innermogolia	freshwater	47.69541 N 119.30422 E	(47.4701009, 119.4432198, 0.0)	47.4701009	119.4432198	92.24	1.68	High	389	55544	3820765	61.35	19017	18683	Scaffold
GCA_015231795.1	Alphaproteobacteria_bacterium_nQXH1bin1	d__Bacteria;<br>p__Proteobacteria;<br>c__Alphaproteobacteria;<br>o__;<br>f__;<br>g__;<br>s__	d__Bacteria;<br>p__Pseudomonadota;<br>c__Alphaproteobacteria;<br>o__Rhodospirillales;<br>f__WMHbin7;<br>g__WMHbin7;<br>s__WMHbin7 sp015231795	"<a href=""https://www.ncbi.nlm.nih.gov/datasets/genome/GCA_015231795.1"">NCBI</a>"	"<a href=""https://gtdb.ecogenomic.org/genome?gid=GCA_015231795.1"">GTDB</a>"	SAMN15005543	PRJNA400260	JADGAX000000000	Illumina HiSeq	2020-11-04 00:00:00	Institute of Geology and Geophysics, Chinese Academy of Sciences	Expanding magnetic organelle biogenesis in the domain Bacteria	33126926.0	10.1186/s40168-020-00931-9	2020	W Lin, et al.	China: Innermogolia	freshwater	47.74777 N 119.33694 E	(47.771781, 119.393191, 0.0)	47.771781	119.393191	98.51	0.5	High	23	869793	3628312	59.95	458012	458012	Contig
GCA_015231815.1	Nitrospinae_bacterium_nPCRbin9	d__Bacteria;<br>p__Nitrospinae;<br>c__;<br>o__;<br>f__;<br>g__;<br>s__	d__Bacteria;<br>p__Nitrospinota;<br>c__JADGAW01;<br>o__JADGAW01;<br>f__JADGAW01;<br>g__JADGAW01;<br>s__JADGAW01 sp015231815	"<a href=""https://www.ncbi.nlm.nih.gov/datasets/genome/GCA_015231815.1"">NCBI</a>"	"<a href=""https://gtdb.ecogenomic.org/genome?gid=GCA_015231815.1"">GTDB</a>"	SAMN15005483	PRJNA400260	JADGAW000000000	Illumina HiSeq	2020-11-04 00:00:00	Institute of Geology and Geophysics, Chinese Academy of Sciences	Expanding magnetic organelle biogenesis in the domain Bacteria	33126926.0	10.1186/s40168-020-00931-9	2020	W Lin, et al.	Australia: Punkally Creek	brackish	36.23413 S 150.06798 E	(-36.2319047, 150.0712607, 0.0)	-36.2319047	150.0712607	79.81	1.71	Medium	410	59515	2645008	37.05	7923	7923	Scaffold
GCA_015231825.1	SAR324_cluster_bacterium_nPCRbin7	d__Bacteria;<br>p__Proteobacteria;<br>c__Deltaproteobacteria;<br>o__;<br>f__;<br>g__;<br>s__	d__Bacteria;<br>p__SAR324;<br>c__SAR324;<br>o__SAR324;<br>f__GCA-2753255;<br>g__JADGAV01;<br>s__JADGAV01 sp015231825	"<a href=""https://www.ncbi.nlm.nih.gov/datasets/genome/GCA_015231825.1"">NCBI</a>"	"<a href=""https://gtdb.ecogenomic.org/genome?gid=GCA_015231825.1"">GTDB</a>"	SAMN15005612	PRJNA400260	JADGAV000000000	Illumina HiSeq	2020-11-04 00:00:00	Institute of Geology and Geophysics, Chinese Academy of Sciences	Expanding magnetic organelle biogenesis in the domain Bacteria	33126926.0	10.1186/s40168-020-00931-9	2020	W Lin, et al.	Australia: Punkally Creek	brackish	36.23413 S 150.06798 E	(-36.2319047, 150.0712607, 0.0)	-36.2319047	150.0712607	92.94	0.42	High	81	489404	5795165	44.77	123521	117423	Scaffold
GCA_015231855.1	Zetaproteobacteria_bacterium_nPCbin1	d__Bacteria;<br>p__Proteobacteria;<br>c__Zetaproteobacteria;<br>o__;<br>f__;<br>g__;<br>s__	d__Bacteria;<br>p__Pseudomonadota;<br>c__Zetaproteobacteria;<br>o__Mariprofundales;<br>f__Mariprofundaceae;<br>g__GCA-2753275;<br>s__GCA-2753275 sp002753275	"<a href=""https://www.ncbi.nlm.nih.gov/datasets/genome/GCA_015231855.1"">NCBI</a>"	"<a href=""https://gtdb.ecogenomic.org/genome?gid=GCA_015231855.1"">GTDB</a>"	SAMN15005606	PRJNA400260	JADGAS000000000	Illumina HiSeq	2020-11-04 00:00:00	Institute of Geology and Geophysics, Chinese Academy of Sciences	Expanding magnetic organelle biogenesis in the domain Bacteria	33126926.0	10.1186/s40168-020-00931-9	2020	W Lin, et al.	Australia: Painkalac Creek	brackish	38.46575 S 144.09288 E	(-38.4660057, 144.0924743, 0.0)	-38.4660057	144.0924743	99.58	0.84	High	68	276500	2016854	47.46	56539	40852	Scaffold
GCA_015231865.1	Gammaproteobacteria_bacterium_nPCRbin5	d__Bacteria;<br>p__Proteobacteria;<br>c__Gammaproteobacteria;<br>o__;<br>f__;<br>g__;<br>s__	d__Bacteria;<br>p__Pseudomonadota;<br>c__Gammaproteobacteria;<br>o__GRL18;<br>f__GRL18;<br>g__JADGAU01;<br>s__JADGAU01 sp015231865	"<a href=""https://www.ncbi.nlm.nih.gov/datasets/genome/GCA_015231865.1"">NCBI</a>"	"<a href=""https://gtdb.ecogenomic.org/genome?gid=GCA_015231865.1"">GTDB</a>"	SAMN15005545	PRJNA400260	JADGAU000000000	Illumina HiSeq	2020-11-04 00:00:00	Institute of Geology and Geophysics, Chinese Academy of Sciences	Expanding magnetic organelle biogenesis in the domain Bacteria	33126926.0	10.1186/s40168-020-00931-9	2020	W Lin, et al.	Australia: Punkally Creek	brackish	36.23413 S 150.06798 E	(-36.2319047, 150.0712607, 0.0)	-36.2319047	150.0712607	93.38	0.75	High	299	109170	3543812	34.87	21360	21360	Contig
GCA_015231885.1	SAR324_cluster_bacterium_nPCRbin10	d__Bacteria;<br>p__Proteobacteria;<br>c__Deltaproteobacteria;<br>o__;<br>f__;<br>g__;<br>s__	d__Bacteria;<br>p__SAR324;<br>c__SAR324;<br>o__SAR324;<br>f__GCA-2753255;<br>g__GCA-2753255;<br>s__GCA-2753255 sp002753255	"<a href=""https://www.ncbi.nlm.nih.gov/datasets/genome/GCA_015231885.1"">NCBI</a>"	"<a href=""https://gtdb.ecogenomic.org/genome?gid=GCA_015231885.1"">GTDB</a>"	SAMN15005613	PRJNA400260	JADGAT000000000	Illumina HiSeq	2020-11-04 00:00:00	Institute of Geology and Geophysics, Chinese Academy of Sciences	Expanding magnetic organelle biogenesis in the domain Bacteria	33126926.0	10.1186/s40168-020-00931-9	2020	W Lin, et al.	Australia: Punkally Creek	brackish	36.23413 S 150.06798 E	(-36.2319047, 150.0712607, 0.0)	-36.2319047	150.0712607	90.84	0.0	High	241	290123	5133600	42.0	50150	46184	Scaffold
GCA_015231915.1	Magnetococcales_bacterium_nNGHbin2	d__Bacteria;<br>p__Proteobacteria;<br>c__Alphaproteobacteria;<br>o__Magnetococcales;<br>f__;<br>g__;<br>s__	d__Bacteria;<br>p__Pseudomonadota;<br>c__Magnetococcia;<br>o__Magnetococcales;<br>f__Magnetaquicoccaceae;<br>g__WMHbin3;<br>s__WMHbin3 sp015231915	"<a href=""https://www.ncbi.nlm.nih.gov/datasets/genome/GCA_015231915.1"">NCBI</a>"	"<a href=""https://gtdb.ecogenomic.org/genome?gid=GCA_015231915.1"">GTDB</a>"	SAMN15005595	PRJNA400260	JADGAR000000000	Illumina HiSeq	2020-11-04 00:00:00	Institute of Geology and Geophysics, Chinese Academy of Sciences	Expanding magnetic organelle biogenesis in the domain Bacteria	33126926.0	10.1186/s40168-020-00931-9	2020	W Lin, et al.	China: Innermogolia	freshwater	47.9275 N 119.54638 E	(48.0676111, 119.0431367, 0.0)	48.0676111	119.0431367	96.47	3.36	High	133	144624	4022416	61.98	48446	48161	Scaffold
GCA_015231925.1	Magnetococcales_bacterium_nNGHbin14	d__Bacteria;<br>p__Proteobacteria;<br>c__Alphaproteobacteria;<br>o__Magnetococcales;<br>f__;<br>g__;<br>s__	d__Bacteria;<br>p__Pseudomonadota;<br>c__Magnetococcia;<br>o__Magnetococcales;<br>f__JADGAQ01;<br>g__JADGAQ01;<br>s__JADGAQ01 sp015231925	"<a href=""https://www.ncbi.nlm.nih.gov/datasets/genome/GCA_015231925.1"">NCBI</a>"	"<a href=""https://gtdb.ecogenomic.org/genome?gid=GCA_015231925.1"">GTDB</a>"	SAMN15005555	PRJNA400260	JADGAQ000000000	Illumina HiSeq	2020-11-04 00:00:00	Institute of Geology and Geophysics, Chinese Academy of Sciences	Expanding magnetic organelle biogenesis in the domain Bacteria	33126926.0	10.1186/s40168-020-00931-9	2020	W Lin, et al.	China: Innermogolia	freshwater	47.9275 N 119.54638 E	(48.0676111, 119.0431367, 0.0)	48.0676111	119.0431367	94.12	2.1	High	358	97151	4514666	60.22	20051	17861	Scaffold
GCA_015231955.1	Oligoflexia_bacterium_nN3bin31	d__Bacteria;<br>p__Proteobacteria;<br>c__Oligoflexia;<br>o__;<br>f__;<br>g__;<br>s__	d__Bacteria;<br>p__Bdellovibrionota;<br>c__Bacteriovoracia;<br>o__Bacteriovoracales;<br>f__Bacteriovoracaceae;<br>g__JADGAN01;<br>s__JADGAN01 sp015231955	"<a href=""https://www.ncbi.nlm.nih.gov/datasets/genome/GCA_015231955.1"">NCBI</a>"	"<a href=""https://gtdb.ecogenomic.org/genome?gid=GCA_015231955.1"">GTDB</a>"	SAMN15005451	PRJNA400260	JADGAN000000000	Illumina HiSeq	2020-11-04 00:00:00	Institute of Geology and Geophysics, Chinese Academy of Sciences	Expanding magnetic organelle biogenesis in the domain Bacteria	33126926.0	10.1186/s40168-020-00931-9	2020	W Lin, et al.	China: Innermogolia	freshwater	41.549487 N 109.05952 E	(41.5819857, 109.2005288, 0.0)	41.5819857	109.2005288	91.07	2.68	High	114	409610	5611739	40.9	99534	93036	Scaffold
GCA_015231965.1	Magnetococcales_bacterium_nNGHbin13	d__Bacteria;<br>p__Proteobacteria;<br>c__Alphaproteobacteria;<br>o__Magnetococcales;<br>f__;<br>g__;<br>s__	d__Bacteria;<br>p__Pseudomonadota;<br>c__Magnetococcia;<br>o__Magnetococcales;<br>f__JADGAP01;<br>g__JADGAP01;<br>s__JADGAP01 sp015231965	"<a href=""https://www.ncbi.nlm.nih.gov/datasets/genome/GCA_015231965.1"">NCBI</a>"	"<a href=""https://gtdb.ecogenomic.org/genome?gid=GCA_015231965.1"">GTDB</a>"	SAMN15005550	PRJNA400260	JADGAP000000000	Illumina HiSeq	2020-11-04 00:00:00	Institute of Geology and Geophysics, Chinese Academy of Sciences	Expanding magnetic organelle biogenesis in the domain Bacteria	33126926.0	10.1186/s40168-020-00931-9	2020	W Lin, et al.	China: Innermogolia	freshwater	47.9275 N 119.54638 E	(48.0676111, 119.0431367, 0.0)	48.0676111	119.0431367	95.66	0.0	High	314	55101	3824539	63.09	18740	18289	Scaffold
GCA_015231995.1	Nitrospinae_bacterium_nNGHbin12	d__Bacteria;<br>p__Nitrospinae;<br>c__;<br>o__;<br>f__;<br>g__;<br>s__	d__Bacteria;<br>p__Nitrospinota;<br>c__UBA7883;<br>o__UBA7883;<br>f__JACRLM01;<br>g__JADGAO01;<br>s__JADGAO01 sp015231995	"<a href=""https://www.ncbi.nlm.nih.gov/datasets/genome/GCA_015231995.1"">NCBI</a>"	"<a href=""https://gtdb.ecogenomic.org/genome?gid=GCA_015231995.1"">GTDB</a>"	SAMN15005485	PRJNA400260	JADGAO000000000	Illumina HiSeq	2020-11-04 00:00:00	Institute of Geology and Geophysics, Chinese Academy of Sciences	Expanding magnetic organelle biogenesis in the domain Bacteria	33126926.0	10.1186/s40168-020-00931-9	2020	W Lin, et al.	China: Innermogolia	freshwater	47.9275 N 119.54638 E	(48.0676111, 119.0431367, 0.0)	48.0676111	119.0431367	88.82	1.2	Medium	358	52612	3233461	54.84	12205	10659	Scaffold
GCA_015232015.1	Oligoflexia_bacterium_nN3bin16	d__Bacteria;<br>p__Proteobacteria;<br>c__Oligoflexia;<br>o__;<br>f__;<br>g__;<br>s__	d__Bacteria;<br>p__Bdellovibrionota;<br>c__Bacteriovoracia;<br>o__Bacteriovoracales;<br>f__Bacteriovoracaceae;<br>g__JADFZW01;<br>s__JADFZW01 sp015232015	"<a href=""https://www.ncbi.nlm.nih.gov/datasets/genome/GCA_015232015.1"">NCBI</a>"	"<a href=""https://gtdb.ecogenomic.org/genome?gid=GCA_015232015.1"">GTDB</a>"	SAMN15005450	PRJNA400260	JADGAM000000000	Illumina HiSeq	2020-11-04 00:00:00	Institute of Geology and Geophysics, Chinese Academy of Sciences	Expanding magnetic organelle biogenesis in the domain Bacteria	33126926.0	10.1186/s40168-020-00931-9	2020	W Lin, et al.	China: Innermogolia	freshwater	41.549487 N 109.05952 E	(41.5819857, 109.2005288, 0.0)	41.5819857	109.2005288	83.77	1.79	Medium	413	91339	4908165	31.52	18191	16199	Scaffold
GCA_015232025.1	Alphaproteobacteria_bacterium_nN3bin14	d__Bacteria;<br>p__Proteobacteria;<br>c__Alphaproteobacteria;<br>o__;<br>f__;<br>g__;<br>s__	d__Bacteria;<br>p__Pseudomonadota;<br>c__Alphaproteobacteria;<br>o__Rhodospirillales;<br>f__Magnetospirillaceae;<br>g__JADFZP01;<br>s__JADFZP01 sp015232025	"<a href=""https://www.ncbi.nlm.nih.gov/datasets/genome/GCA_015232025.1"">NCBI</a>"	"<a href=""https://gtdb.ecogenomic.org/genome?gid=GCA_015232025.1"">GTDB</a>"	SAMN15005540	PRJNA400260	JADGAL000000000	Illumina HiSeq	2020-11-04 00:00:00	Institute of Geology and Geophysics, Chinese Academy of Sciences	Expanding magnetic organelle biogenesis in the domain Bacteria	33126926.0	10.1186/s40168-020-00931-9	2020	W Lin, et al.	China: Innermogolia	freshwater	41.549487 N 109.05952 E	(41.5819857, 109.2005288, 0.0)	41.5819857	109.2005288	70.68	0.75	Medium	499	54722	3735703	67.66	9763	9548	Scaffold
GCA_015232035.1	Desulfamplus_sp._nN2-2bin5	d__Bacteria;<br>p__Proteobacteria;<br>c__Deltaproteobacteria;<br>o__Desulfobacterales;<br>f__Desulfobacteraceae;<br>g__Desulfamplus;<br>s__	d__Bacteria;<br>p__Desulfobacterota;<br>c__Desulfobacteria;<br>o__Desulfobacterales;<br>f__Desulfobacteraceae;<br>g__Desulfamplus;<br>s__Desulfamplus sp015232555	"<a href=""https://www.ncbi.nlm.nih.gov/datasets/genome/GCA_015232035.1"">NCBI</a>"	"<a href=""https://gtdb.ecogenomic.org/genome?gid=GCA_015232035.1"">GTDB</a>"	SAMN15005472	PRJNA400260	JADGAK000000000	Illumina HiSeq	2020-11-04 00:00:00	Institute of Geology and Geophysics, Chinese Academy of Sciences	Expanding magnetic organelle biogenesis in the domain Bacteria	33126926.0	10.1186/s40168-020-00931-9	2020	W Lin, et al.	China: Innermogolia	freshwater	41.549487 N 109.05952 E	(41.5819857, 109.2005288, 0.0)	41.5819857	109.2005288	80.97	0.65	Medium	215	66927	3179296	37.93	18110	12452	Scaffold
GCA_015232055.1	Alphaproteobacteria_bacterium_nN2-2bin2	d__Bacteria;<br>p__Proteobacteria;<br>c__Alphaproteobacteria;<br>o__;<br>f__;<br>g__;<br>s__	d__Bacteria;<br>p__Pseudomonadota;<br>c__Alphaproteobacteria;<br>o__Rhodospirillales;<br>f__Magnetospirillaceae;<br>g__JADFZP01;<br>s__JADFZP01 sp015232485	"<a href=""https://www.ncbi.nlm.nih.gov/datasets/genome/GCA_015232055.1"">NCBI</a>"	"<a href=""https://gtdb.ecogenomic.org/genome?gid=GCA_015232055.1"">GTDB</a>"	SAMN15005539	PRJNA400260	JADGAJ000000000	Illumina HiSeq	2020-11-04 00:00:00	Institute of Geology and Geophysics, Chinese Academy of Sciences	Expanding magnetic organelle biogenesis in the domain Bacteria	33126926.0	10.1186/s40168-020-00931-9	2020	W Lin, et al.	China: Innermogolia	freshwater	41.549487 N 109.05952 E	(41.5819857, 109.2005288, 0.0)	41.5819857	109.2005288	76.25	0.5	Medium	602	37326	4101610	67.51	8398	7096	Scaffold
GCA_015232095.1	Alphaproteobacteria_bacterium_nN2-2bin1	d__Bacteria;<br>p__Proteobacteria;<br>c__Alphaproteobacteria;<br>o__;<br>f__;<br>g__;<br>s__	d__Bacteria;<br>p__Pseudomonadota;<br>c__Alphaproteobacteria;<br>o__Rhodospirillales;<br>f__Magnetospirillaceae;<br>g__Magnetospirillum;<br>s__Magnetospirillum moscoviense	"<a href=""https://www.ncbi.nlm.nih.gov/datasets/genome/GCA_015232095.1"">NCBI</a>"	"<a href=""https://gtdb.ecogenomic.org/genome?gid=GCA_015232095.1"">GTDB</a>"	SAMN15005541	PRJNA400260	JADGAI000000000	Illumina HiSeq	2020-11-04 00:00:00	Institute of Geology and Geophysics, Chinese Academy of Sciences	Expanding magnetic organelle biogenesis in the domain Bacteria	33126926.0	10.1186/s40168-020-00931-9	2020	W Lin, et al.	China: Innermogolia	freshwater	41.549487 N 109.05952 E	(41.5819857, 109.2005288, 0.0)	41.5819857	109.2005288	99.5	0.5	High	129	189745	4326798	65.17	58814	58814	Scaffold
GCA_015232115.1	Nitrospirota_bacterium_nMYbin6	d__Bacteria;<br>p__Nitrospirae;<br>c__;<br>o__;<br>f__;<br>g__;<br>s__	d__Bacteria;<br>p__Nitrospirota;<br>c__Thermodesulfovibrionia;<br>o__Thermodesulfovibrionales;<br>f__Magnetobacteriaceae;<br>g__Magnetominusculus;<br>s__Magnetominusculus sp002753305	"<a href=""https://www.ncbi.nlm.nih.gov/datasets/genome/GCA_015232115.1"">NCBI</a>"	"<a href=""https://gtdb.ecogenomic.org/genome?gid=GCA_015232115.1"">GTDB</a>"	SAMN15005500	PRJNA400260	JADGAH000000000	Illumina HiSeq	2020-11-04 00:00:00	Institute of Geology and Geophysics, Chinese Academy of Sciences	Expanding magnetic organelle biogenesis in the domain Bacteria	33126926.0	10.1186/s40168-020-00931-9	2020	W Lin, et al.	China: Beijing, Lake Miyun	freshwater	40.48874 N 117.00714 E	(40.4759523, 117.018088, 0.0)	40.4759523	117.018088	85.64	5.45	Medium	171	159608	3404042	47.77	27655	25477	Scaffold
GCA_015232135.1	Magnetococcales_bacterium_nMYbin5	d__Bacteria;<br>p__Proteobacteria;<br>c__Alphaproteobacteria;<br>o__Magnetococcales;<br>f__;<br>g__;<br>s__	d__Bacteria;<br>p__Pseudomonadota;<br>c__Magnetococcia;<br>o__Magnetococcales;<br>f__DC0425bin3;<br>g__HA3dbin3;<br>s__HA3dbin3 sp015231175	"<a href=""https://www.ncbi.nlm.nih.gov/datasets/genome/GCA_015232135.1"">NCBI</a>"	"<a href=""https://gtdb.ecogenomic.org/genome?gid=GCA_015232135.1"">GTDB</a>"	SAMN15005561	PRJNA400260	JADGAG000000000	Illumina HiSeq	2020-11-04 00:00:00	Institute of Geology and Geophysics, Chinese Academy of Sciences	Expanding magnetic organelle biogenesis in the domain Bacteria	33126926.0	10.1186/s40168-020-00931-9	2020	W Lin, et al.	China: Beijing, Lake Miyun	freshwater	40.48874 N 117.00714 E	(40.4759523, 117.018088, 0.0)	40.4759523	117.018088	52.67	0.42	Medium	376	31340	2249923	56.15	6976	6377	Scaffold
GCA_015232145.1	Nitrospirota_bacterium_nMYbin4	d__Bacteria;<br>p__Nitrospirae;<br>c__;<br>o__;<br>f__;<br>g__;<br>s__	d__Bacteria;<br>p__Nitrospirota;<br>c__Thermodesulfovibrionia;<br>o__Thermodesulfovibrionales;<br>f__Magnetobacteriaceae;<br>g__Magnetobacterium;<br>s__Magnetobacterium sp002753395	"<a href=""https://www.ncbi.nlm.nih.gov/datasets/genome/GCA_015232145.1"">NCBI</a>"	"<a href=""https://gtdb.ecogenomic.org/genome?gid=GCA_015232145.1"">GTDB</a>"	SAMN15005505	PRJNA400260	JADGAF000000000	Illumina HiSeq	2020-11-04 00:00:00	Institute of Geology and Geophysics, Chinese Academy of Sciences	Expanding magnetic organelle biogenesis in the domain Bacteria	33126926.0	10.1186/s40168-020-00931-9	2020	W Lin, et al.	China: Beijing, Lake Miyun	freshwater	40.48874 N 117.00714 E	(40.4759523, 117.018088, 0.0)	40.4759523	117.018088	95.76	1.36	High	213	99834	3929094	44.04	34309	33625	Scaffold
GCA_015232165.1	Nitrospirota_bacterium_nMYbin3	d__Bacteria;<br>p__Nitrospirae;<br>c__;<br>o__;<br>f__;<br>g__;<br>s__	d__Bacteria;<br>p__Nitrospirota;<br>c__Thermodesulfovibrionia;<br>o__Thermodesulfovibrionales;<br>f__Magnetobacteriaceae;<br>g__Magnetobacterium;<br>s__Magnetobacterium sp015232165	"<a href=""https://www.ncbi.nlm.nih.gov/datasets/genome/GCA_015232165.1"">NCBI</a>"	"<a href=""https://gtdb.ecogenomic.org/genome?gid=GCA_015232165.1"">GTDB</a>"	SAMN15005503	PRJNA400260	JADGAE000000000	Illumina HiSeq	2020-11-04 00:00:00	Institute of Geology and Geophysics, Chinese Academy of Sciences	Expanding magnetic organelle biogenesis in the domain Bacteria	33126926.0	10.1186/s40168-020-00931-9	2020	W Lin, et al.	China: Beijing, Lake Miyun	freshwater	40.48874 N 117.00714 E	(40.4759523, 117.018088, 0.0)	40.4759523	117.018088	59.65	0.0	Medium	278	32451	1921906	49.89	8414	8157	Scaffold
GCA_015232185.1	Nitrospirota_bacterium_nMYbin2	d__Bacteria;<br>p__Nitrospirae;<br>c__;<br>o__;<br>f__;<br>g__;<br>s__	d__Bacteria;<br>p__Nitrospirota;<br>c__Thermodesulfovibrionia;<br>o__Thermodesulfovibrionales;<br>f__Magnetobacteriaceae;<br>g__Magnetobacterium;<br>s__Magnetobacterium casensis	"<a href=""https://www.ncbi.nlm.nih.gov/datasets/genome/GCA_015232185.1"">NCBI</a>"	"<a href=""https://gtdb.ecogenomic.org/genome?gid=GCA_015232185.1"">GTDB</a>"	SAMN15005504	PRJNA400260	JADGAD000000000	Illumina HiSeq	2020-11-04 00:00:00	Institute of Geology and Geophysics, Chinese Academy of Sciences	Expanding magnetic organelle biogenesis in the domain Bacteria	33126926.0	10.1186/s40168-020-00931-9	2020	W Lin, et al.	China: Beijing, Lake Miyun	freshwater	40.48874 N 117.00714 E	(40.4759523, 117.018088, 0.0)	40.4759523	117.018088	90.08	2.73	High	127	165208	3490049	49.0	45806	38947	Scaffold
GCA_015232195.1	Nitrospirota_bacterium_nMYbin1	d__Bacteria;<br>p__Nitrospirae;<br>c__;<br>o__;<br>f__;<br>g__;<br>s__	d__Bacteria;<br>p__Nitrospirota;<br>c__Thermodesulfovibrionia;<br>o__Thermodesulfovibrionales;<br>f__Dissulfurispiraceae;<br>g__MYbin3;<br>s__MYbin3 sp002753335	"<a href=""https://www.ncbi.nlm.nih.gov/datasets/genome/GCA_015232195.1"">NCBI</a>"	"<a href=""https://gtdb.ecogenomic.org/genome?gid=GCA_015232195.1"">GTDB</a>"	SAMN15005509	PRJNA400260	JADGAC000000000	Illumina HiSeq	2020-11-04 00:00:00	Institute of Geology and Geophysics, Chinese Academy of Sciences	Expanding magnetic organelle biogenesis in the domain Bacteria	33126926.0	10.1186/s40168-020-00931-9	2020	W Lin, et al.	China: Beijing, Lake Miyun	freshwater	40.48874 N 117.00714 E	(40.4759523, 117.018088, 0.0)	40.4759523	117.018088	97.06	0.91	High	48	204131	2908520	44.36	104491	95561	Scaffold
GCA_015232235.1	Candidatus_Omnitrophica_bacterium_nMBPbin3	d__Bacteria;<br>p__Candidatus Omnitrophica;<br>c__;<br>o__;<br>f__;<br>g__;<br>s__	d__Bacteria;<br>p__Omnitrophota;<br>c__Koll11;<br>o__Zapsychrales;<br>f__Fredricksoniimonadaceae;<br>g__Fredricksoniimonas;<br>s__Fredricksoniimonas sp002753465	"<a href=""https://www.ncbi.nlm.nih.gov/datasets/genome/GCA_015232235.1"">NCBI</a>"	"<a href=""https://gtdb.ecogenomic.org/genome?gid=GCA_015232235.1"">GTDB</a>"	SAMN15005516	PRJNA400260	JADGAA000000000	Illumina HiSeq	2020-11-04 00:00:00	Institute of Geology and Geophysics, Chinese Academy of Sciences	Expanding magnetic organelle biogenesis in the domain Bacteria	33126926.0	10.1186/s40168-020-00931-9	2020	W Lin, et al.	Australia: Mount Beauty Pondage	freshwater	36.73874 S 147.16443 E	(-36.7385789, 147.1642309, 0.0)	-36.7385789	147.1642309	67.5	1.08	Medium	41	312199	1969424	50.38	106662	106662	Scaffold
GCA_015232245.1	Magnetococcales_bacterium_nMBPbin6	d__Bacteria;<br>p__Proteobacteria;<br>c__Alphaproteobacteria;<br>o__Magnetococcales;<br>f__;<br>g__;<br>s__	d__Bacteria;<br>p__Pseudomonadota;<br>c__Magnetococcia;<br>o__Magnetococcales;<br>f__Magnetaquicoccaceae;<br>g__JAANAU01;<br>s__JAANAU01 sp015232245	"<a href=""https://www.ncbi.nlm.nih.gov/datasets/genome/GCA_015232245.1"">NCBI</a>"	"<a href=""https://gtdb.ecogenomic.org/genome?gid=GCA_015232245.1"">GTDB</a>"	SAMN15005594	PRJNA400260	JADGAB000000000	Illumina HiSeq	2020-11-04 00:00:00	Institute of Geology and Geophysics, Chinese Academy of Sciences	Expanding magnetic organelle biogenesis in the domain Bacteria	33126926.0	10.1186/s40168-020-00931-9	2020	W Lin, et al.	Australia: Mount Beauty Pondage	freshwater	36.73874 S 147.16443 E	(-36.7385789, 147.1642309, 0.0)	-36.7385789	147.1642309	73.26	1.37	Medium	481	65800	3695133	59.23	10704	10704	Scaffold
GCA_015232255.1	Oligoflexia_bacterium_nKLKbin5	d__Bacteria;<br>p__Proteobacteria;<br>c__Oligoflexia;<br>o__;<br>f__;<br>g__;<br>s__	d__Bacteria;<br>p__Bdellovibrionota;<br>c__Bacteriovoracia;<br>o__Bacteriovoracales;<br>f__Bacteriovoracaceae;<br>g__JADGAN01;<br>s__JADGAN01 sp015231955	"<a href=""https://www.ncbi.nlm.nih.gov/datasets/genome/GCA_015232255.1"">NCBI</a>"	"<a href=""https://gtdb.ecogenomic.org/genome?gid=GCA_015232255.1"">GTDB</a>"	SAMN15005449	PRJNA400260	JADFZY000000000	Illumina HiSeq	2020-11-04 00:00:00	Institute of Geology and Geophysics, Chinese Academy of Sciences	Expanding magnetic organelle biogenesis in the domain Bacteria	33126926.0	10.1186/s40168-020-00931-9	2020	W Lin, et al.	China: Qinghai, Keluke Lake	brackish	37.283722 N 96.859816 E	(37.289255, 96.8595345, 0.0)	37.289255	96.8595345	78.36	1.75	Medium	212	147700	4586144	41.45	36596	29937	Scaffold
GCA_015232265.1	Magnetococcales_bacterium_nKLKbin4	d__Bacteria;<br>p__Proteobacteria;<br>c__Alphaproteobacteria;<br>o__Magnetococcales;<br>f__;<br>g__;<br>s__	d__Bacteria;<br>p__Pseudomonadota;<br>c__Magnetococcia;<br>o__Magnetococcales;<br>f__UBA8363;<br>g__UBA8363;<br>s__UBA8363 sp002753735	"<a href=""https://www.ncbi.nlm.nih.gov/datasets/genome/GCA_015232265.1"">NCBI</a>"	"<a href=""https://gtdb.ecogenomic.org/genome?gid=GCA_015232265.1"">GTDB</a>"	SAMN15005580	PRJNA400260	JADFZX000000000	Illumina HiSeq	2020-11-04 00:00:00	Institute of Geology and Geophysics, Chinese Academy of Sciences	Expanding magnetic organelle biogenesis in the domain Bacteria	33126926.0	10.1186/s40168-020-00931-9	2020	W Lin, et al.	China: Qinghai, Keluke Lake	brackish	37.283722 N 96.859816 E	(37.289255, 96.8595345, 0.0)	37.289255	96.8595345	80.66	2.94	Medium	225	129112	4028132	54.24	26216	22359	Scaffold
GCA_015232315.1	SAR324_cluster_bacterium_nKLKbin6	d__Bacteria;<br>p__Proteobacteria;<br>c__Deltaproteobacteria;<br>o__;<br>f__;<br>g__;<br>s__	d__Bacteria;<br>p__SAR324;<br>c__SAR324;<br>o__SAR324;<br>f__JADFZZ01;<br>g__JADFZZ01;<br>s__JADFZZ01 sp015232315	"<a href=""https://www.ncbi.nlm.nih.gov/datasets/genome/GCA_015232315.1"">NCBI</a>"	"<a href=""https://gtdb.ecogenomic.org/genome?gid=GCA_015232315.1"">GTDB</a>"	SAMN15005610	PRJNA400260	JADFZZ000000000	Illumina HiSeq	2020-11-04 00:00:00	Institute of Geology and Geophysics, Chinese Academy of Sciences	Expanding magnetic organelle biogenesis in the domain Bacteria	33126926.0	10.1186/s40168-020-00931-9	2020	W Lin, et al.	China: Qinghai, Keluke Lake	brackish	37.283722 N 96.859816 E	(37.289255, 96.8595345, 0.0)	37.289255	96.8595345	90.48	0.0	High	88	377665	5251075	45.21	107714	107714	Scaffold
GCA_015232335.1	Alphaproteobacteria_bacterium_nKLKbin1	d__Bacteria;<br>p__Proteobacteria;<br>c__Alphaproteobacteria;<br>o__;<br>f__;<br>g__;<br>s__	d__Bacteria;<br>p__Pseudomonadota;<br>c__Alphaproteobacteria;<br>o__Rhodospirillales;<br>f__WMHbin7;<br>g__WMHbin7;<br>s__WMHbin7 sp015232335	"<a href=""https://www.ncbi.nlm.nih.gov/datasets/genome/GCA_015232335.1"">NCBI</a>"	"<a href=""https://gtdb.ecogenomic.org/genome?gid=GCA_015232335.1"">GTDB</a>"	SAMN15005542	PRJNA400260	JADFZV000000000	Illumina HiSeq	2020-11-04 00:00:00	Institute of Geology and Geophysics, Chinese Academy of Sciences	Expanding magnetic organelle biogenesis in the domain Bacteria	33126926.0	10.1186/s40168-020-00931-9	2020	W Lin, et al.	China: Qinghai, Keluke Lake	brackish	37.283722 N 96.859816 E	(37.289255, 96.8595345, 0.0)	37.289255	96.8595345	94.53	0.0	High	89	290812	3428751	59.34	60596	60596	Scaffold
GCA_015232355.1	Oligoflexia_bacterium_nKLKbin12	d__Bacteria;<br>p__Proteobacteria;<br>c__Oligoflexia;<br>o__;<br>f__;<br>g__;<br>s__	d__Bacteria;<br>p__Bdellovibrionota;<br>c__Bacteriovoracia;<br>o__Bacteriovoracales;<br>f__Bacteriovoracaceae;<br>g__JADFZW01;<br>s__JADFZW01 sp015232355	"<a href=""https://www.ncbi.nlm.nih.gov/datasets/genome/GCA_015232355.1"">NCBI</a>"	"<a href=""https://gtdb.ecogenomic.org/genome?gid=GCA_015232355.1"">GTDB</a>"	SAMN15005448	PRJNA400260	JADFZW000000000	Illumina HiSeq	2020-11-04 00:00:00	Institute of Geology and Geophysics, Chinese Academy of Sciences	Expanding magnetic organelle biogenesis in the domain Bacteria	33126926.0	10.1186/s40168-020-00931-9	2020	W Lin, et al.	China: Qinghai, Keluke Lake	brackish	37.283722 N 96.859816 E	(37.289255, 96.8595345, 0.0)	37.289255	96.8595345	90.62	0.89	High	96	384605	5633167	32.16	134958	133298	Scaffold
GCA_015232365.1	Magnetococcales_bacterium_nJSWbin3	d__Bacteria;<br>p__Proteobacteria;<br>c__Alphaproteobacteria;<br>o__Magnetococcales;<br>f__;<br>g__;<br>s__	d__Bacteria;<br>p__Pseudomonadota;<br>c__Magnetococcia;<br>o__Magnetococcales;<br>f__UBA8363;<br>g__GCA-2753565;<br>s__GCA-2753565 sp015232365	"<a href=""https://www.ncbi.nlm.nih.gov/datasets/genome/GCA_015232365.1"">NCBI</a>"	"<a href=""https://gtdb.ecogenomic.org/genome?gid=GCA_015232365.1"">GTDB</a>"	SAMN15005569	PRJNA400260	JADFZU000000000	Illumina HiSeq	2020-11-04 00:00:00	Institute of Geology and Geophysics, Chinese Academy of Sciences	Expanding magnetic organelle biogenesis in the domain Bacteria	33126926.0	10.1186/s40168-020-00931-9	2020	W Lin, et al.	China: Yingkou	brackish	40.223972 N 122.083844 E	(40.2220548, 122.0837375, 0.0)	40.2220548	122.0837375	90.55	1.68	High	103	161720	2838496	44.6	45395	45395	Scaffold
GCA_015232395.1	Magnetococcales_bacterium_nJSWbin2	d__Bacteria;<br>p__Proteobacteria;<br>c__Alphaproteobacteria;<br>o__Magnetococcales;<br>f__;<br>g__;<br>s__	d__Bacteria;<br>p__Pseudomonadota;<br>c__Magnetococcia;<br>o__Magnetococcales;<br>f__JADFZT01;<br>g__JADFZT01;<br>s__JADFZT01 sp015232395	"<a href=""https://www.ncbi.nlm.nih.gov/datasets/genome/GCA_015232395.1"">NCBI</a>"	"<a href=""https://gtdb.ecogenomic.org/genome?gid=GCA_015232395.1"">GTDB</a>"	SAMN15005551	PRJNA400260	JADFZT000000000	Illumina HiSeq	2020-11-04 00:00:00	Institute of Geology and Geophysics, Chinese Academy of Sciences	Expanding magnetic organelle biogenesis in the domain Bacteria	33126926.0	10.1186/s40168-020-00931-9	2020	W Lin, et al.	China: Yingkou	brackish	40.223972 N 122.083844 E	(40.2220548, 122.0837375, 0.0)	40.2220548	122.0837375	99.16	3.64	High	170	177271	4942843	55.33	50362	47690	Scaffold
GCA_015232405.1	Magnetococcales_bacterium_nJSWbin1	d__Bacteria;<br>p__Proteobacteria;<br>c__Alphaproteobacteria;<br>o__Magnetococcales;<br>f__;<br>g__;<br>s__	d__Bacteria;<br>p__Pseudomonadota;<br>c__Magnetococcia;<br>o__Magnetococcales;<br>f__UBA8363;<br>g__GCA-2753565;<br>s__GCA-2753565 sp015232405	"<a href=""https://www.ncbi.nlm.nih.gov/datasets/genome/GCA_015232405.1"">NCBI</a>"	"<a href=""https://gtdb.ecogenomic.org/genome?gid=GCA_015232405.1"">GTDB</a>"	SAMN15005568	PRJNA400260	JADFZS000000000	Illumina HiSeq	2020-11-04 00:00:00	Institute of Geology and Geophysics, Chinese Academy of Sciences	Expanding magnetic organelle biogenesis in the domain Bacteria	33126926.0	10.1186/s40168-020-00931-9	2020	W Lin, et al.	China: Yingkou	brackish	40.223972 N 122.083844 E	(40.2220548, 122.0837375, 0.0)	40.2220548	122.0837375	85.14	1.68	Medium	335	106146	5862517	42.2	33993	33993	Scaffold
GCA_015232435.1	Alphaproteobacteria_bacterium_nJC2bin54	d__Bacteria;<br>p__Proteobacteria;<br>c__Alphaproteobacteria;<br>o__;<br>f__;<br>g__;<br>s__	d__Bacteria;<br>p__Pseudomonadota;<br>c__Alphaproteobacteria;<br>o__Rhodospirillales;<br>f__Magnetospirillaceae;<br>g__JADFZP01;<br>s__JADFZP01 sp015232485	"<a href=""https://www.ncbi.nlm.nih.gov/datasets/genome/GCA_015232435.1"">NCBI</a>"	"<a href=""https://gtdb.ecogenomic.org/genome?gid=GCA_015232435.1"">GTDB</a>"	SAMN15005538	PRJNA400260	JADFZR000000000	Illumina HiSeq	2020-11-04 00:00:00	Institute of Geology and Geophysics, Chinese Academy of Sciences	Expanding magnetic organelle biogenesis in the domain Bacteria	33126926.0	10.1186/s40168-020-00931-9	2020	W Lin, et al.	China: Innermogolia	freshwater	41.686682 N 108.39418 E	(41.6866428, 108.3977172, 0.0)	41.6866428	108.3977172	81.55	0.25	Medium	694	58916	3885447	67.6	6643	5266	Scaffold
GCA_015232455.1	Desulfamplus_sp._nJC1bin9	d__Bacteria;<br>p__Proteobacteria;<br>c__Deltaproteobacteria;<br>o__Desulfobacterales;<br>f__Desulfobacteraceae;<br>g__Desulfamplus;<br>s__	d__Bacteria;<br>p__Desulfobacterota;<br>c__Desulfobacteria;<br>o__Desulfobacterales;<br>f__Desulfobacteraceae;<br>g__Desulfamplus;<br>s__Desulfamplus sp015232455	"<a href=""https://www.ncbi.nlm.nih.gov/datasets/genome/GCA_015232455.1"">NCBI</a>"	"<a href=""https://gtdb.ecogenomic.org/genome?gid=GCA_015232455.1"">GTDB</a>"	SAMN15005471	PRJNA400260	JADFZQ000000000	Illumina HiSeq	2020-11-04 00:00:00	Institute of Geology and Geophysics, Chinese Academy of Sciences	Expanding magnetic organelle biogenesis in the domain Bacteria	33126926.0	10.1186/s40168-020-00931-9	2020	W Lin, et al.	China: Innermogolia	freshwater	41.687541 N 108.393862 E	(41.6866428, 108.3977172, 0.0)	41.6866428	108.3977172	99.68	1.61	High	82	545051	4348730	35.99	138975	138975	Scaffold
GCA_015232465.1	Desulfamplus_sp._nHLHbin7	d__Bacteria;<br>p__Proteobacteria;<br>c__Deltaproteobacteria;<br>o__Desulfobacterales;<br>f__Desulfobacteraceae;<br>g__Desulfamplus;<br>s__	d__Bacteria;<br>p__Desulfobacterota;<br>c__Desulfobacteria;<br>o__Desulfobacterales;<br>f__Desulfobacteraceae;<br>g__Desulfamplus;<br>s__Desulfamplus sp015232465	"<a href=""https://www.ncbi.nlm.nih.gov/datasets/genome/GCA_015232465.1"">NCBI</a>"	"<a href=""https://gtdb.ecogenomic.org/genome?gid=GCA_015232465.1"">GTDB</a>"	SAMN15005470	PRJNA400260	JADFZO000000000	Illumina HiSeq	2020-11-04 00:00:00	Institute of Geology and Geophysics, Chinese Academy of Sciences	Expanding magnetic organelle biogenesis in the domain Bacteria	33126926.0	10.1186/s40168-020-00931-9	2020	W Lin, et al.	China: Innermogolia	freshwater	49.06944 N 117.75694 E	(48.9662, 117.76, 0.0)	48.9662	117.76	95.67	1.29	High	147	86214	3017047	37.75	34217	33534	Scaffold
GCA_015232485.1	Alphaproteobacteria_bacterium_nJC1bin3	d__Bacteria;<br>p__Proteobacteria;<br>c__Alphaproteobacteria;<br>o__;<br>f__;<br>g__;<br>s__	d__Bacteria;<br>p__Pseudomonadota;<br>c__Alphaproteobacteria;<br>o__Rhodospirillales;<br>f__Magnetospirillaceae;<br>g__JADFZP01;<br>s__JADFZP01 sp015232485	"<a href=""https://www.ncbi.nlm.nih.gov/datasets/genome/GCA_015232485.1"">NCBI</a>"	"<a href=""https://gtdb.ecogenomic.org/genome?gid=GCA_015232485.1"">GTDB</a>"	SAMN15005537	PRJNA400260	JADFZP000000000	Illumina HiSeq	2020-11-04 00:00:00	Institute of Geology and Geophysics, Chinese Academy of Sciences	Expanding magnetic organelle biogenesis in the domain Bacteria	33126926.0	10.1186/s40168-020-00931-9	2020	W Lin, et al.	China: Innermogolia	freshwater	41.687541 N 108.393862 E	(41.6866428, 108.3977172, 0.0)	41.6866428	108.3977172	84.69	0.5	Medium	698	34368	3955622	67.27	6954	6115	Scaffold
GCA_015232515.1	Desulfobacterales_bacterium_nHLHbin5	d__Bacteria;<br>p__Proteobacteria;<br>c__Deltaproteobacteria;<br>o__Desulfobacterales;<br>f__;<br>g__;<br>s__	d__Bacteria;<br>p__Desulfobacterota;<br>c__Desulfobacteria;<br>o__Desulfobacterales;<br>f__YD0425bin51;<br>g__YD0425bin51;<br>s__YD0425bin51 sp002753225	"<a href=""https://www.ncbi.nlm.nih.gov/datasets/genome/GCA_015232515.1"">NCBI</a>"	"<a href=""https://gtdb.ecogenomic.org/genome?gid=GCA_015232515.1"">GTDB</a>"	SAMN15005477	PRJNA400260	JADFZN000000000	Illumina HiSeq	2020-11-04 00:00:00	Institute of Geology and Geophysics, Chinese Academy of Sciences	Expanding magnetic organelle biogenesis in the domain Bacteria	33126926.0	10.1186/s40168-020-00931-9	2020	W Lin, et al.	China: Innermogolia	freshwater	49.06944 N 117.75694 E	(48.9662, 117.76, 0.0)	48.9662	117.76	82.29	0.81	Medium	421	75920	4582957	32.52	15842	14597	Scaffold
GCA_015232535.1	Candidatus_Omnitrophica_bacterium_nHLHbin2	d__Bacteria;<br>p__Candidatus Omnitrophica;<br>c__;<br>o__;<br>f__;<br>g__;<br>s__	d__Bacteria;<br>p__Omnitrophota;<br>c__Koll11;<br>o__Zapsychrales;<br>f__Zapsychraceae;<br>g__JADFZM01;<br>s__JADFZM01 sp015232535	"<a href=""https://www.ncbi.nlm.nih.gov/datasets/genome/GCA_015232535.1"">NCBI</a>"	"<a href=""https://gtdb.ecogenomic.org/genome?gid=GCA_015232535.1"">GTDB</a>"	SAMN15005526	PRJNA400260	JADFZM000000000	Illumina HiSeq	2020-11-04 00:00:00	Institute of Geology and Geophysics, Chinese Academy of Sciences	Expanding magnetic organelle biogenesis in the domain Bacteria	33126926.0	10.1186/s40168-020-00931-9	2020	W Lin, et al.	China: Innermogolia	freshwater	49.06944 N 117.75694 E	(48.9662, 117.76, 0.0)	48.9662	117.76	73.59	2.21	Medium	210	112777	2207473	42.78	15244	14116	Scaffold
GCA_015232555.1	Desulfamplus_sp._nHGRbin17	d__Bacteria;<br>p__Proteobacteria;<br>c__Deltaproteobacteria;<br>o__Desulfobacterales;<br>f__Desulfobacteraceae;<br>g__Desulfamplus;<br>s__	d__Bacteria;<br>p__Desulfobacterota;<br>c__Desulfobacteria;<br>o__Desulfobacterales;<br>f__Desulfobacteraceae;<br>g__Desulfamplus;<br>s__Desulfamplus sp015232555	"<a href=""https://www.ncbi.nlm.nih.gov/datasets/genome/GCA_015232555.1"">NCBI</a>"	"<a href=""https://gtdb.ecogenomic.org/genome?gid=GCA_015232555.1"">GTDB</a>"	SAMN15005469	PRJNA400260	JADFZJ000000000	Illumina HiSeq	2020-11-04 00:00:00	Institute of Geology and Geophysics, Chinese Academy of Sciences	Expanding magnetic organelle biogenesis in the domain Bacteria	33126926.0	10.1186/s40168-020-00931-9	2020	W Lin, et al.	China: Innermogolia	freshwater	41.573047 N 108.313566 E	(41.5801479, 108.3476293, 0.0)	41.5801479	108.3476293	95.65	1.97	High	106	182570	3818984	37.82	58122	55450	Scaffold
GCA_015232565.1	Candidatus_Omnitrophica_bacterium_nHGRbin18	d__Bacteria;<br>p__Candidatus Omnitrophica;<br>c__;<br>o__;<br>f__;<br>g__;<br>s__	d__Bacteria;<br>p__Omnitrophota;<br>c__Koll11;<br>o__Zapsychrales;<br>f__Fredricksoniimonadaceae;<br>g__GCA-2753745;<br>s__GCA-2753745 sp015232565	"<a href=""https://www.ncbi.nlm.nih.gov/datasets/genome/GCA_015232565.1"">NCBI</a>"	"<a href=""https://gtdb.ecogenomic.org/genome?gid=GCA_015232565.1"">GTDB</a>"	SAMN15005519	PRJNA400260	JADFZK000000000	Illumina HiSeq	2020-11-04 00:00:00	Institute of Geology and Geophysics, Chinese Academy of Sciences	Expanding magnetic organelle biogenesis in the domain Bacteria	33126926.0	10.1186/s40168-020-00931-9	2020	W Lin, et al.	China: Innermogolia	freshwater	41.573047 N 108.313566 E	(41.5801479, 108.3476293, 0.0)	41.5801479	108.3476293	88.29	2.15	Medium	80	141577	2643610	51.11	53313	51814	Scaffold
GCA_015232575.1	Candidatus_Riflebacteria_bacterium_nHGRbin4	d__Bacteria;<br>p__Candidatus Riflebacteria;<br>c__;<br>o__;<br>f__;<br>g__;<br>s__	d__Bacteria;<br>p__Riflebacteria;<br>c__Ozemobacteria;<br>o__Ozemobacterales;<br>f__Ozemobacteraceae;<br>g__JADFXM01;<br>s__JADFXM01 sp015232575	"<a href=""https://www.ncbi.nlm.nih.gov/datasets/genome/GCA_015232575.1"">NCBI</a>"	"<a href=""https://gtdb.ecogenomic.org/genome?gid=GCA_015232575.1"">GTDB</a>"	SAMN15005609	PRJNA400260	JADFZL000000000	Illumina HiSeq	2020-11-04 00:00:00	Institute of Geology and Geophysics, Chinese Academy of Sciences	Expanding magnetic organelle biogenesis in the domain Bacteria	33126926.0	10.1186/s40168-020-00931-9	2020	W Lin, et al.	China: Innermogolia	freshwater	41.573047 N 108.313566 E	(41.5801479, 108.3476293, 0.0)	41.5801479	108.3476293	96.0	0.0	High	54	713530	7047312	40.28	283247	262589	Scaffold
GCA_015232615.1	Nitrospirota_bacterium_nHCHbin2	d__Bacteria;<br>p__Nitrospirae;<br>c__;<br>o__;<br>f__;<br>g__;<br>s__	d__Bacteria;<br>p__Nitrospirota;<br>c__Thermodesulfovibrionia;<br>o__Thermodesulfovibrionales;<br>f__Magnetobacteriaceae;<br>g__Magnetominusculus;<br>s__Magnetominusculus xianensis	"<a href=""https://www.ncbi.nlm.nih.gov/datasets/genome/GCA_015232615.1"">NCBI</a>"	"<a href=""https://gtdb.ecogenomic.org/genome?gid=GCA_015232615.1"">GTDB</a>"	SAMN15005499	PRJNA400260	JADFZI000000000	Illumina HiSeq	2020-11-04 00:00:00	Institute of Geology and Geophysics, Chinese Academy of Sciences	Expanding magnetic organelle biogenesis in the domain Bacteria	33126926.0	10.1186/s40168-020-00931-9	2020	W Lin, et al.	China: Xian city moat	freshwater	34.25287 N 108.92187 E	(34.252492, 108.9220092, 0.0)	34.252492	108.9220092	98.18	0.91	High	99	185786	3701936	45.24	57400	57400	Scaffold
GCA_015232635.1	Magnetococcales_bacterium_nHCHbin1	d__Bacteria;<br>p__Proteobacteria;<br>c__Alphaproteobacteria;<br>o__Magnetococcales;<br>f__;<br>g__;<br>s__	d__Bacteria;<br>p__Pseudomonadota;<br>c__Magnetococcia;<br>o__Magnetococcales;<br>f__Magnetaquicoccaceae;<br>g__HCHbin5;<br>s__HCHbin5 sp002753505	"<a href=""https://www.ncbi.nlm.nih.gov/datasets/genome/GCA_015232635.1"">NCBI</a>"	"<a href=""https://gtdb.ecogenomic.org/genome?gid=GCA_015232635.1"">GTDB</a>"	SAMN15005589	PRJNA400260	JADFZH000000000	Illumina HiSeq	2020-11-04 00:00:00	Institute of Geology and Geophysics, Chinese Academy of Sciences	Expanding magnetic organelle biogenesis in the domain Bacteria	33126926.0	10.1186/s40168-020-00931-9	2020	W Lin, et al.	China: Xian city moat	freshwater	34.25287 N 108.92187 E	(34.252492, 108.9220092, 0.0)	34.252492	108.9220092	94.79	2.1	High	295	185742	3805225	56.77	22140	21864	Scaffold
GCA_015232645.1	Magnetococcales_bacterium_nHA5abin3	d__Bacteria;<br>p__Proteobacteria;<br>c__Alphaproteobacteria;<br>o__Magnetococcales;<br>f__;<br>g__;<br>s__	d__Bacteria;<br>p__Pseudomonadota;<br>c__Magnetococcia;<br>o__Magnetococcales;<br>f__UBA8363;<br>g__UBA8363;<br>s__UBA8363 sp015232645	"<a href=""https://www.ncbi.nlm.nih.gov/datasets/genome/GCA_015232645.1"">NCBI</a>"	"<a href=""https://gtdb.ecogenomic.org/genome?gid=GCA_015232645.1"">GTDB</a>"	SAMN15005572	PRJNA400260	JADFZF000000000	Illumina HiSeq	2020-11-04 00:00:00	Institute of Geology and Geophysics, Chinese Academy of Sciences	Expanding magnetic organelle biogenesis in the domain Bacteria	33126926.0	10.1186/s40168-020-00931-9	2020	W Lin, et al.	China: Hongan	freshwater	31.290556 N 114.913333 E	(31.2843334, 114.9102795, 0.0)	31.2843334	114.9102795	70.28	1.68	Medium	426	77980	3385412	54.67	12490	12254	Scaffold
GCA_015232675.1	Magnetococcales_bacterium_nHAa3bin1	d__Bacteria;<br>p__Proteobacteria;<br>c__Alphaproteobacteria;<br>o__Magnetococcales;<br>f__;<br>g__;<br>s__	d__Bacteria;<br>p__Pseudomonadota;<br>c__Magnetococcia;<br>o__Magnetococcales;<br>f__UBA8363;<br>g__UBA8363;<br>s__UBA8363 sp002753515	"<a href=""https://www.ncbi.nlm.nih.gov/datasets/genome/GCA_015232675.1"">NCBI</a>"	"<a href=""https://gtdb.ecogenomic.org/genome?gid=GCA_015232675.1"">GTDB</a>"	SAMN15005578	PRJNA400260	JADFZG000000000	Illumina HiSeq	2020-11-04 00:00:00	Institute of Geology and Geophysics, Chinese Academy of Sciences	Expanding magnetic organelle biogenesis in the domain Bacteria	33126926.0	10.1186/s40168-020-00931-9	2020	W Lin, et al.	China: Hongan	freshwater	31.174289 N 114.543941 E	(31.1779391, 114.5464272, 0.0)	31.1779391	114.5464272	81.86	1.68	Medium	97	201489	3004780	53.21	84180	84180	Scaffold
GCA_015232685.1	Magnetococcales_bacterium_nHA5abin2	d__Bacteria;<br>p__Proteobacteria;<br>c__Alphaproteobacteria;<br>o__Magnetococcales;<br>f__;<br>g__;<br>s__	d__Bacteria;<br>p__Pseudomonadota;<br>c__Magnetococcia;<br>o__Magnetococcales;<br>f__UBA8363;<br>g__UBA8363;<br>s__UBA8363 sp002753515	"<a href=""https://www.ncbi.nlm.nih.gov/datasets/genome/GCA_015232685.1"">NCBI</a>"	"<a href=""https://gtdb.ecogenomic.org/genome?gid=GCA_015232685.1"">GTDB</a>"	SAMN15005577	PRJNA400260	JADFZE000000000	Illumina HiSeq	2020-11-04 00:00:00	Institute of Geology and Geophysics, Chinese Academy of Sciences	Expanding magnetic organelle biogenesis in the domain Bacteria	33126926.0	10.1186/s40168-020-00931-9	2020	W Lin, et al.	China: Hongan	freshwater	31.290556 N 114.913333 E	(31.2843334, 114.9102795, 0.0)	31.2843334	114.9102795	84.03	4.62	Medium	229	71658	3237156	52.36	25023	20704	Scaffold
GCA_015232705.1	Magnetococcales_bacterium_nHA4bin8	d__Bacteria;<br>p__Proteobacteria;<br>c__Alphaproteobacteria;<br>o__Magnetococcales;<br>f__;<br>g__;<br>s__	d__Bacteria;<br>p__Pseudomonadota;<br>c__Magnetococcia;<br>o__Magnetococcales;<br>f__Magnetaquicoccaceae;<br>g__JAANAU01;<br>s__JAANAU01 sp015232705	"<a href=""https://www.ncbi.nlm.nih.gov/datasets/genome/GCA_015232705.1"">NCBI</a>"	"<a href=""https://gtdb.ecogenomic.org/genome?gid=GCA_015232705.1"">GTDB</a>"	SAMN15005585	PRJNA400260	JADFZD000000000	Illumina HiSeq	2020-11-04 00:00:00	Institute of Geology and Geophysics, Chinese Academy of Sciences	Expanding magnetic organelle biogenesis in the domain Bacteria	33126926.0	10.1186/s40168-020-00931-9	2020	W Lin, et al.	China: Hongan	freshwater	31.292222 N 114.921667 E	(31.292127, 114.918476, 0.0)	31.292127	114.918476	53.73	0.05	Medium	382	47826	2053645	58.19	6996	6996	Contig
GCA_015232735.1	Oligoflexales_bacterium_nHA4bin4	d__Bacteria;<br>p__Proteobacteria;<br>c__Oligoflexia;<br>o__Oligoflexales;<br>f__;<br>g__;<br>s__	d__Bacteria;<br>p__Bdellovibrionota;<br>c__Oligoflexia;<br>o__Oligoflexales;<br>f__Oligoflexaceae;<br>g__JADFZC01;<br>s__JADFZC01 sp015232735	"<a href=""https://www.ncbi.nlm.nih.gov/datasets/genome/GCA_015232735.1"">NCBI</a>"	"<a href=""https://gtdb.ecogenomic.org/genome?gid=GCA_015232735.1"">GTDB</a>"	SAMN15005453	PRJNA400260	JADFZC000000000	Illumina HiSeq	2020-11-04 00:00:00	Institute of Geology and Geophysics, Chinese Academy of Sciences	Expanding magnetic organelle biogenesis in the domain Bacteria	33126926.0	10.1186/s40168-020-00931-9	2020	W Lin, et al.	China: Hongan	freshwater	31.292222 N 114.921667 E	(31.292127, 114.918476, 0.0)	31.292127	114.918476	63.54	0.93	Medium	942	61771	4285564	43.67	5119	5023	Scaffold
GCA_015232755.1	Magnetococcales_bacterium_nHA3dbin2	d__Bacteria;<br>p__Proteobacteria;<br>c__Alphaproteobacteria;<br>o__Magnetococcales;<br>f__;<br>g__;<br>s__	d__Bacteria;<br>p__Pseudomonadota;<br>c__Magnetococcia;<br>o__Magnetococcales;<br>f__DC0425bin3;<br>g__HA3dbin3;<br>s__HA3dbin3 sp002753495	"<a href=""https://www.ncbi.nlm.nih.gov/datasets/genome/GCA_015232755.1"">NCBI</a>"	"<a href=""https://gtdb.ecogenomic.org/genome?gid=GCA_015232755.1"">GTDB</a>"	SAMN15005565	PRJNA400260	JADFZA000000000	Illumina HiSeq	2020-11-04 00:00:00	Institute of Geology and Geophysics, Chinese Academy of Sciences	Expanding magnetic organelle biogenesis in the domain Bacteria	33126926.0	10.1186/s40168-020-00931-9	2020	W Lin, et al.	China: Hongan	freshwater	31.173819 N 114.547642 E	(31.1779391, 114.5464272, 0.0)	31.1779391	114.5464272	86.97	3.78	Medium	358	109622	3545338	61.56	17432	17415	Scaffold
GCA_015232765.1	Magnetococcales_bacterium_nHA4bin1	d__Bacteria;<br>p__Proteobacteria;<br>c__Alphaproteobacteria;<br>o__Magnetococcales;<br>f__;<br>g__;<br>s__	d__Bacteria;<br>p__Pseudomonadota;<br>c__Magnetococcia;<br>o__Magnetococcales;<br>f__Magnetaquicoccaceae;<br>g__JAANAU01;<br>s__JAANAU01 sp015232825	"<a href=""https://www.ncbi.nlm.nih.gov/datasets/genome/GCA_015232765.1"">NCBI</a>"	"<a href=""https://gtdb.ecogenomic.org/genome?gid=GCA_015232765.1"">GTDB</a>"	SAMN15005593	PRJNA400260	JADFZB000000000	Illumina HiSeq	2020-11-04 00:00:00	Institute of Geology and Geophysics, Chinese Academy of Sciences	Expanding magnetic organelle biogenesis in the domain Bacteria	33126926.0	10.1186/s40168-020-00931-9	2020	W Lin, et al.	China: Hongan	freshwater	31.292222 N 114.921667 E	(31.292127, 114.918476, 0.0)	31.292127	114.918476	56.19	0.0	Medium	414	30892	2438036	50.34	7694	7694	Contig
GCA_015232795.1	Magnetococcales_bacterium_nGRbin4	d__Bacteria;<br>p__Proteobacteria;<br>c__Alphaproteobacteria;<br>o__Magnetococcales;<br>f__;<br>g__;<br>s__	d__Bacteria;<br>p__Pseudomonadota;<br>c__Magnetococcia;<br>o__Magnetococcales;<br>f__UBA8363;<br>g__GCA-2753565;<br>s__GCA-2753565 sp015232795	"<a href=""https://www.ncbi.nlm.nih.gov/datasets/genome/GCA_015232795.1"">NCBI</a>"	"<a href=""https://gtdb.ecogenomic.org/genome?gid=GCA_015232795.1"">GTDB</a>"	SAMN15005567	PRJNA400260	JADFYX000000000	Illumina HiSeq	2020-11-04 00:00:00	Institute of Geology and Geophysics, Chinese Academy of Sciences	Expanding magnetic organelle biogenesis in the domain Bacteria	33126926.0	10.1186/s40168-020-00931-9	2020	W Lin, et al.	Australia: Gellibrand River	brackish	38.69715 S 143.15477 E	(-38.6970859, 143.1549351, 0.0)	-38.6970859	143.1549351	61.47	1.68	Medium	466	32025	2868494	42.0	7505	7505	Contig
GCA_015232815.1	Magnetococcales_bacterium_nHA3dbin1	d__Bacteria;<br>p__Proteobacteria;<br>c__Alphaproteobacteria;<br>o__Magnetococcales;<br>f__;<br>g__;<br>s__	d__Bacteria;<br>p__Pseudomonadota;<br>c__Magnetococcia;<br>o__Magnetococcales;<br>f__UBA8363;<br>g__UBA8363;<br>s__UBA8363 sp002753515	"<a href=""https://www.ncbi.nlm.nih.gov/datasets/genome/GCA_015232815.1"">NCBI</a>"	"<a href=""https://gtdb.ecogenomic.org/genome?gid=GCA_015232815.1"">GTDB</a>"	SAMN15005576	PRJNA400260	JADFYZ000000000	Illumina HiSeq	2020-11-04 00:00:00	Institute of Geology and Geophysics, Chinese Academy of Sciences	Expanding magnetic organelle biogenesis in the domain Bacteria	33126926.0	10.1186/s40168-020-00931-9	2020	W Lin, et al.	China: Hongan	freshwater	31.173819 N 114.547642 E	(31.1779391, 114.5464272, 0.0)	31.1779391	114.5464272	96.57	2.94	High	203	189792	4465439	52.89	43128	41853	Scaffold
GCA_015232825.1	Magnetococcales_bacterium_nHA1bin2	d__Bacteria;<br>p__Proteobacteria;<br>c__Alphaproteobacteria;<br>o__Magnetococcales;<br>f__;<br>g__;<br>s__	d__Bacteria;<br>p__Pseudomonadota;<br>c__Magnetococcia;<br>o__Magnetococcales;<br>f__Magnetaquicoccaceae;<br>g__JAANAU01;<br>s__JAANAU01 sp015232825	"<a href=""https://www.ncbi.nlm.nih.gov/datasets/genome/GCA_015232825.1"">NCBI</a>"	"<a href=""https://gtdb.ecogenomic.org/genome?gid=GCA_015232825.1"">GTDB</a>"	SAMN15005592	PRJNA400260	JADFYY000000000	Illumina HiSeq	2020-11-04 00:00:00	Institute of Geology and Geophysics, Chinese Academy of Sciences	Expanding magnetic organelle biogenesis in the domain Bacteria	33126926.0	10.1186/s40168-020-00931-9	2020	W Lin, et al.	China: Hongan	freshwater	31.295 N 114.916944 E	(31.292127, 114.918476, 0.0)	31.292127	114.918476	76.53	3.36	Medium	270	89738	3028638	50.29	17143	16842	Scaffold
GCA_015232855.1	Fibrobacteria_bacterium_nGRbin1	d__Bacteria;<br>p__Fibrobacteres;<br>c__Fibrobacteria;<br>o__;<br>f__;<br>g__;<br>s__	d__Bacteria;<br>p__Fibrobacterota;<br>c__Fibrobacteria;<br>o__UBA11236;<br>f__JADFYW01;<br>g__JADFYW01;<br>s__JADFYW01 sp015232855	"<a href=""https://www.ncbi.nlm.nih.gov/datasets/genome/GCA_015232855.1"">NCBI</a>"	"<a href=""https://gtdb.ecogenomic.org/genome?gid=GCA_015232855.1"">GTDB</a>"	SAMN15005482	PRJNA400260	JADFYW000000000	Illumina HiSeq	2020-11-04 00:00:00	Institute of Geology and Geophysics, Chinese Academy of Sciences	Expanding magnetic organelle biogenesis in the domain Bacteria	33126926.0	10.1186/s40168-020-00931-9	2020	W Lin, et al.	Australia: Gellibrand River	brackish	38.69715 S 143.15477 E	(-38.6970859, 143.1549351, 0.0)	-38.6970859	143.1549351	88.69	1.1	Medium	350	195322	5376203	40.73	27450	26648	Scaffold
GCA_015232865.1	Magnetococcales_bacterium_nER1bin6	d__Bacteria;<br>p__Proteobacteria;<br>c__Alphaproteobacteria;<br>o__Magnetococcales;<br>f__;<br>g__;<br>s__	d__Bacteria;<br>p__Pseudomonadota;<br>c__Magnetococcia;<br>o__Magnetococcales;<br>f__UBA8363;<br>g__GCA-2753565;<br>s__GCA-2753565 sp015232865	"<a href=""https://www.ncbi.nlm.nih.gov/datasets/genome/GCA_015232865.1"">NCBI</a>"	"<a href=""https://gtdb.ecogenomic.org/genome?gid=GCA_015232865.1"">GTDB</a>"	SAMN15005566	PRJNA400260	JADFYU000000000	Illumina HiSeq	2020-11-04 00:00:00	Institute of Geology and Geophysics, Chinese Academy of Sciences	Expanding magnetic organelle biogenesis in the domain Bacteria	33126926.0	10.1186/s40168-020-00931-9	2020	W Lin, et al.	Australia: Erskine River	brackish	38.5338 S 143.97832 E	(-38.53488, 143.9771079, 0.0)	-38.53488	143.9771079	73.79	1.72	Medium	102	225238	3093236	51.04	51978	50743	Scaffold
GCA_015232875.1	Candidatus_Magnetomorum_sp._nER2bin1	d__Bacteria;<br>p__Proteobacteria;<br>c__Deltaproteobacteria;<br>o__Desulfobacterales;<br>f__Desulfobacteraceae;<br>g__Candidatus Magnetomorum;<br>s__	d__Bacteria;<br>p__Desulfobacterota;<br>c__Desulfobacteria;<br>o__Desulfobacterales;<br>f__Magnetomoraceae;<br>g__Magnetomorum;<br>s__Magnetomorum sp002753725	"<a href=""https://www.ncbi.nlm.nih.gov/datasets/genome/GCA_015232875.1"">NCBI</a>"	"<a href=""https://gtdb.ecogenomic.org/genome?gid=GCA_015232875.1"">GTDB</a>"	SAMN15005474	PRJNA400260	JADFYV000000000	Illumina HiSeq	2020-11-04 00:00:00	Institute of Geology and Geophysics, Chinese Academy of Sciences	Expanding magnetic organelle biogenesis in the domain Bacteria	33126926.0	10.1186/s40168-020-00931-9	2020	W Lin, et al.	Australia: Erskine River	brackish	38.5359 S 143.97478 E	(-38.53542755, 143.97471728567393, 0.0)	-38.53542755	143.974717285674	93.82	0.0	High	393	107480	6162735	38.94	22709	21090	Scaffold
GCA_015232915.1	Magnetococcales_bacterium_nER1bin1	d__Bacteria;<br>p__Proteobacteria;<br>c__Alphaproteobacteria;<br>o__Magnetococcales;<br>f__;<br>g__;<br>s__	d__Bacteria;<br>p__Pseudomonadota;<br>c__Magnetococcia;<br>o__Magnetococcales;<br>f__UBA8363;<br>g__GCA-2753565;<br>s__GCA-2753565 sp002753565	"<a href=""https://www.ncbi.nlm.nih.gov/datasets/genome/GCA_015232915.1"">NCBI</a>"	"<a href=""https://gtdb.ecogenomic.org/genome?gid=GCA_015232915.1"">GTDB</a>"	SAMN15005571	PRJNA400260	JADFYR000000000	Illumina HiSeq	2020-11-04 00:00:00	Institute of Geology and Geophysics, Chinese Academy of Sciences	Expanding magnetic organelle biogenesis in the domain Bacteria	33126926.0	10.1186/s40168-020-00931-9	2020	W Lin, et al.	Australia: Erskine River	brackish	38.5338 S 143.97832 E	(-38.53488, 143.9771079, 0.0)	-38.53488	143.9771079	99.11	1.68	High	47	309656	3664887	52.32	113822	108432	Scaffold
GCA_015232935.1	Desulfamplus_sp._nER1bin2	d__Bacteria;<br>p__Proteobacteria;<br>c__Deltaproteobacteria;<br>o__Desulfobacterales;<br>f__Desulfobacteraceae;<br>g__Desulfamplus;<br>s__	d__Bacteria;<br>p__Desulfobacterota;<br>c__Desulfobacteria;<br>o__Desulfobacterales;<br>f__Desulfobacteraceae;<br>g__Desulfamplus;<br>s__Desulfamplus sp015232935	"<a href=""https://www.ncbi.nlm.nih.gov/datasets/genome/GCA_015232935.1"">NCBI</a>"	"<a href=""https://gtdb.ecogenomic.org/genome?gid=GCA_015232935.1"">GTDB</a>"	SAMN15005460	PRJNA400260	JADFYT000000000	Illumina HiSeq	2020-11-04 00:00:00	Institute of Geology and Geophysics, Chinese Academy of Sciences	Expanding magnetic organelle biogenesis in the domain Bacteria	33126926.0	10.1186/s40168-020-00931-9	2020	W Lin, et al.	Australia: Erskine River	brackish	38.5338 S 143.97832 E	(-38.53488, 143.9771079, 0.0)	-38.53488	143.9771079	73.13	0.97	Medium	486	62816	2882814	42.66	7321	7321	Contig
GCA_015232945.1	Nitrospirota_bacterium_nDJH8bin7	d__Bacteria;<br>p__Nitrospirae;<br>c__;<br>o__;<br>f__;<br>g__;<br>s__	d__Bacteria;<br>p__Nitrospirota;<br>c__Thermodesulfovibrionia;<br>o__Thermodesulfovibrionales;<br>f__Magnetobacteriaceae;<br>g__JADFXP01;<br>s__JADFXP01 sp015233465	"<a href=""https://www.ncbi.nlm.nih.gov/datasets/genome/GCA_015232945.1"">NCBI</a>"	"<a href=""https://gtdb.ecogenomic.org/genome?gid=GCA_015232945.1"">GTDB</a>"	SAMN15005492	PRJNA400260	JADFYP000000000	Illumina HiSeq	2020-11-04 00:00:00	Institute of Geology and Geophysics, Chinese Academy of Sciences	Expanding magnetic organelle biogenesis in the domain Bacteria	33126926.0	10.1186/s40168-020-00931-9	2020	W Lin, et al.	China: Dajiu Lake	Acidic Peatland	31.48944 N 109.99638 E	(31.5415029, 110.016347, 0.0)	31.5415029	110.016347	55.23	0.0	Medium	354	42065	1912965	35.14	6641	5150	Scaffold
GCA_015232955.1	Gammaproteobacteria_bacterium_nER1bin10	d__Bacteria;<br>p__Proteobacteria;<br>c__Gammaproteobacteria;<br>o__;<br>f__;<br>g__;<br>s__	d__Bacteria;<br>p__Pseudomonadota;<br>c__Gammaproteobacteria;<br>o__BW-2;<br>f__BW-2;<br>g__JADFYS01;<br>s__JADFYS01 sp015232955	"<a href=""https://www.ncbi.nlm.nih.gov/datasets/genome/GCA_015232955.1"">NCBI</a>"	"<a href=""https://gtdb.ecogenomic.org/genome?gid=GCA_015232955.1"">GTDB</a>"	SAMN15005547	PRJNA400260	JADFYS000000000	Illumina HiSeq	2020-11-04 00:00:00	Institute of Geology and Geophysics, Chinese Academy of Sciences	Expanding magnetic organelle biogenesis in the domain Bacteria	33126926.0	10.1186/s40168-020-00931-9	2020	W Lin, et al.	Australia: Erskine River	brackish	38.5338 S 143.97832 E	(-38.53488, 143.9771079, 0.0)	-38.53488	143.9771079	68.81	0.62	Medium	485	29143	2595233	54.7	6203	6203	Contig
GCA_015232995.1	Nitrospirota_bacterium_nDJH8bin8	d__Bacteria;<br>p__Nitrospirae;<br>c__;<br>o__;<br>f__;<br>g__;<br>s__	d__Bacteria;<br>p__Nitrospirota;<br>c__Thermodesulfovibrionia;<br>o__Thermodesulfovibrionales;<br>f__Magnetobacteriaceae;<br>g__JADFXG01;<br>s__JADFXG01 sp015233895	"<a href=""https://www.ncbi.nlm.nih.gov/datasets/genome/GCA_015232995.1"">NCBI</a>"	"<a href=""https://gtdb.ecogenomic.org/genome?gid=GCA_015232995.1"">GTDB</a>"	SAMN15005493	PRJNA400260	JADFYQ000000000	Illumina HiSeq	2020-11-04 00:00:00	Institute of Geology and Geophysics, Chinese Academy of Sciences	Expanding magnetic organelle biogenesis in the domain Bacteria	33126926.0	10.1186/s40168-020-00931-9	2020	W Lin, et al.	China: Dajiu Lake	Acidic Peatland	31.48944 N 109.99638 E	(31.5415029, 110.016347, 0.0)	31.5415029	110.016347	98.58	0.91	High	111	217288	4187783	41.49	60346	60346	Scaffold
GCA_015233015.1	Nitrospirota_bacterium_nDJH8bin6	d__Bacteria;<br>p__Nitrospirae;<br>c__;<br>o__;<br>f__;<br>g__;<br>s__	d__Bacteria;<br>p__Nitrospirota;<br>c__Thermodesulfovibrionia;<br>o__Thermodesulfovibrionales;<br>f__Magnetobacteriaceae;<br>g__Magnetominusculus;<br>s__Magnetominusculus sp015233015	"<a href=""https://www.ncbi.nlm.nih.gov/datasets/genome/GCA_015233015.1"">NCBI</a>"	"<a href=""https://gtdb.ecogenomic.org/genome?gid=GCA_015233015.1"">GTDB</a>"	SAMN15005498	PRJNA400260	JADFYO000000000	Illumina HiSeq	2020-11-04 00:00:00	Institute of Geology and Geophysics, Chinese Academy of Sciences	Expanding magnetic organelle biogenesis in the domain Bacteria	33126926.0	10.1186/s40168-020-00931-9	2020	W Lin, et al.	China: Dajiu Lake	Acidic Peatland	31.48944 N 109.99638 E	(31.5415029, 110.016347, 0.0)	31.5415029	110.016347	98.03	0.91	High	149	138495	3781477	46.6	45032	45032	Scaffold
GCA_015233035.1	Magnetococcales_bacterium_nDJH8bin2	d__Bacteria;<br>p__Proteobacteria;<br>c__Alphaproteobacteria;<br>o__Magnetococcales;<br>f__;<br>g__;<br>s__	d__Bacteria;<br>p__Pseudomonadota;<br>c__Magnetococcia;<br>o__Magnetococcales;<br>f__Magnetaquicoccaceae;<br>g__HCHbin5;<br>s__HCHbin5 sp015233035	"<a href=""https://www.ncbi.nlm.nih.gov/datasets/genome/GCA_015233035.1"">NCBI</a>"	"<a href=""https://gtdb.ecogenomic.org/genome?gid=GCA_015233035.1"">GTDB</a>"	SAMN15005586	PRJNA400260	JADFYM000000000	Illumina HiSeq	2020-11-04 00:00:00	Institute of Geology and Geophysics, Chinese Academy of Sciences	Expanding magnetic organelle biogenesis in the domain Bacteria	33126926.0	10.1186/s40168-020-00931-9	2020	W Lin, et al.	China: Dajiu Lake	Acidic Peatland	31.48944 N 109.99638 E	(31.5415029, 110.016347, 0.0)	31.5415029	110.016347	98.99	3.99	High	434	142806	4525783	57.45	14666	14266	Scaffold
GCA_015233045.1	Nitrospirota_bacterium_nDJH8bin13	d__Bacteria;<br>p__Nitrospirae;<br>c__;<br>o__;<br>f__;<br>g__;<br>s__	d__Bacteria;<br>p__Nitrospirota;<br>c__Thermodesulfovibrionia;<br>o__Thermodesulfovibrionales;<br>f__Magnetobacteriaceae;<br>g__Magnetominusculus;<br>s__Magnetominusculus sp015233045	"<a href=""https://www.ncbi.nlm.nih.gov/datasets/genome/GCA_015233045.1"">NCBI</a>"	"<a href=""https://gtdb.ecogenomic.org/genome?gid=GCA_015233045.1"">GTDB</a>"	SAMN15005497	PRJNA400260	JADFYL000000000	Illumina HiSeq	2020-11-04 00:00:00	Institute of Geology and Geophysics, Chinese Academy of Sciences	Expanding magnetic organelle biogenesis in the domain Bacteria	33126926.0	10.1186/s40168-020-00931-9	2020	W Lin, et al.	China: Dajiu Lake	Acidic Peatland	31.48944 N 109.99638 E	(31.5415029, 110.016347, 0.0)	31.5415029	110.016347	71.27	1.82	Medium	190	68691	2611585	47.66	19254	18920	Scaffold
GCA_015233055.1	Deltaproteobacteria_bacterium_nDJH8bin5	d__Bacteria;<br>p__Proteobacteria;<br>c__Deltaproteobacteria;<br>o__;<br>f__;<br>g__;<br>s__	d__Bacteria;<br>p__Desulfobacterota;<br>c__JADFXK01;<br>o__JADFXK01;<br>f__JADFXK01;<br>g__JADFXK01;<br>s__JADFXK01 sp015233055	"<a href=""https://www.ncbi.nlm.nih.gov/datasets/genome/GCA_015233055.1"">NCBI</a>"	"<a href=""https://gtdb.ecogenomic.org/genome?gid=GCA_015233055.1"">GTDB</a>"	SAMN15005458	PRJNA400260	JADFYN000000000	Illumina HiSeq	2020-11-04 00:00:00	Institute of Geology and Geophysics, Chinese Academy of Sciences	Expanding magnetic organelle biogenesis in the domain Bacteria	33126926.0	10.1186/s40168-020-00931-9	2020	W Lin, et al.	China: Dajiu Lake	Acidic Peatland	31.48944 N 109.99638 E	(31.5415029, 110.016347, 0.0)	31.5415029	110.016347	81.25	0.65	Medium	527	64082	4054746	51.56	10433	8598	Scaffold
GCA_015233065.1	Desulfovibrionaceae_bacterium_nDJH8bin10	d__Bacteria;<br>p__Proteobacteria;<br>c__Deltaproteobacteria;<br>o__Desulfovibrionales;<br>f__Desulfovibrionaceae;<br>g__;<br>s__	d__Bacteria;<br>p__Desulfobacterota;<br>c__Desulfovibrionia;<br>o__Desulfovibrionales;<br>f__Desulfovibrionaceae;<br>g__JADFXV01;<br>s__JADFXV01 sp015233395	"<a href=""https://www.ncbi.nlm.nih.gov/datasets/genome/GCA_015233065.1"">NCBI</a>"	"<a href=""https://gtdb.ecogenomic.org/genome?gid=GCA_015233065.1"">GTDB</a>"	SAMN15005481	PRJNA400260	JADFYK000000000	Illumina HiSeq	2020-11-04 00:00:00	Institute of Geology and Geophysics, Chinese Academy of Sciences	Expanding magnetic organelle biogenesis in the domain Bacteria	33126926.0	10.1186/s40168-020-00931-9	2020	W Lin, et al.	China: Dajiu Lake	Acidic Peatland	31.48944 N 109.99638 E	(31.5415029, 110.016347, 0.0)	31.5415029	110.016347	95.77	0.0	High	255	122233	3285386	62.71	21540	20359	Scaffold
GCA_015233115.1	Candidatus_Omnitrophica_bacterium_nDJH6bin5	d__Bacteria;<br>p__Candidatus Omnitrophica;<br>c__;<br>o__;<br>f__;<br>g__;<br>s__	d__Bacteria;<br>p__Omnitrophota;<br>c__Koll11;<br>o__Zapsychrales;<br>f__Zapsychraceae;<br>g__JADFYE01;<br>s__JADFYE01 sp015233115	"<a href=""https://www.ncbi.nlm.nih.gov/datasets/genome/GCA_015233115.1"">NCBI</a>"	"<a href=""https://gtdb.ecogenomic.org/genome?gid=GCA_015233115.1"">GTDB</a>"	SAMN15005525	PRJNA400260	JADFYJ000000000	Illumina HiSeq	2020-11-04 00:00:00	Institute of Geology and Geophysics, Chinese Academy of Sciences	Expanding magnetic organelle biogenesis in the domain Bacteria	33126926.0	10.1186/s40168-020-00931-9	2020	W Lin, et al.	China: Dajiu Lake	Acidic Peatland	31.49055 N 109.99611 E	(31.5415029, 110.016347, 0.0)	31.5415029	110.016347	82.8	3.23	Medium	37	269155	2393593	40.68	108715	94061	Scaffold
GCA_015233135.1	Deltaproteobacteria_bacterium_nDJH6bin20	d__Bacteria;<br>p__Proteobacteria;<br>c__Deltaproteobacteria;<br>o__;<br>f__;<br>g__;<br>s__	d__Bacteria;<br>p__UBA10199;<br>c__UBA10199;<br>o__DSSB01;<br>f__JADFYH01;<br>g__JADFYH01;<br>s__JADFYH01 sp015233135	"<a href=""https://www.ncbi.nlm.nih.gov/datasets/genome/GCA_015233135.1"">NCBI</a>"	"<a href=""https://gtdb.ecogenomic.org/genome?gid=GCA_015233135.1"">GTDB</a>"	SAMN15005614	PRJNA400260	JADFYH000000000	Illumina HiSeq	2020-11-04 00:00:00	Institute of Geology and Geophysics, Chinese Academy of Sciences	Expanding magnetic organelle biogenesis in the domain Bacteria	33126926.0	10.1186/s40168-020-00931-9	2020	W Lin, et al.	China: Dajiu Lake	Acidic Peatland	31.49055 N 109.99611 E	(31.5415029, 110.016347, 0.0)	31.5415029	110.016347	94.84	0.83	High	64	162140	2614640	45.14	63680	63680	Scaffold
GCA_015233145.1	Candidatus_Omnitrophica_bacterium_nDJH6bin28	d__Bacteria;<br>p__Candidatus Omnitrophica;<br>c__;<br>o__;<br>f__;<br>g__;<br>s__	d__Bacteria;<br>p__Omnitrophota;<br>c__Koll11;<br>o__Zapsychrales;<br>f__Fredricksoniimonadaceae;<br>g__JADFYI01;<br>s__JADFYI01 sp015233145	"<a href=""https://www.ncbi.nlm.nih.gov/datasets/genome/GCA_015233145.1"">NCBI</a>"	"<a href=""https://gtdb.ecogenomic.org/genome?gid=GCA_015233145.1"">GTDB</a>"	SAMN15005515	PRJNA400260	JADFYI000000000	Illumina HiSeq	2020-11-04 00:00:00	Institute of Geology and Geophysics, Chinese Academy of Sciences	Expanding magnetic organelle biogenesis in the domain Bacteria	33126926.0	10.1186/s40168-020-00931-9	2020	W Lin, et al.	China: Dajiu Lake	Acidic Peatland	31.49055 N 109.99611 E	(31.5415029, 110.016347, 0.0)	31.5415029	110.016347	65.52	0.0	Medium	58	231325	1814028	47.32	63386	50451	Scaffold
GCA_015233155.1	Candidatus_Riflebacteria_bacterium_nDJH6bin19	d__Bacteria;<br>p__Candidatus Riflebacteria;<br>c__;<br>o__;<br>f__;<br>g__;<br>s__	d__Bacteria;<br>p__Riflebacteria;<br>c__Ozemobacteria;<br>o__Ozemobacterales;<br>f__Ozemobacteraceae;<br>g__JADFYG01;<br>s__JADFYG01 sp015233155	"<a href=""https://www.ncbi.nlm.nih.gov/datasets/genome/GCA_015233155.1"">NCBI</a>"	"<a href=""https://gtdb.ecogenomic.org/genome?gid=GCA_015233155.1"">GTDB</a>"	SAMN15005608	PRJNA400260	JADFYG000000000	Illumina HiSeq	2020-11-04 00:00:00	Institute of Geology and Geophysics, Chinese Academy of Sciences	Expanding magnetic organelle biogenesis in the domain Bacteria	33126926.0	10.1186/s40168-020-00931-9	2020	W Lin, et al.	China: Dajiu Lake	Acidic Peatland	31.49055 N 109.99611 E	(31.5415029, 110.016347, 0.0)	31.5415029	110.016347	77.53	1.69	Medium	185	268319	6314079	49.32	78585	63754	Scaffold
GCA_015233165.1	Candidatus_Omnitrophica_bacterium_nDJH6bin18	d__Bacteria;<br>p__Candidatus Omnitrophica;<br>c__;<br>o__;<br>f__;<br>g__;<br>s__	d__Bacteria;<br>p__Omnitrophota;<br>c__Koll11;<br>o__Zapsychrales;<br>f__Fredricksoniimonadaceae;<br>g__JACQCF01;<br>s__JACQCF01 sp015233165	"<a href=""https://www.ncbi.nlm.nih.gov/datasets/genome/GCA_015233165.1"">NCBI</a>"	"<a href=""https://gtdb.ecogenomic.org/genome?gid=GCA_015233165.1"">GTDB</a>"	SAMN15005514	PRJNA400260	JADFYF000000000	Illumina HiSeq	2020-11-04 00:00:00	Institute of Geology and Geophysics, Chinese Academy of Sciences	Expanding magnetic organelle biogenesis in the domain Bacteria	33126926.0	10.1186/s40168-020-00931-9	2020	W Lin, et al.	China: Dajiu Lake	Acidic Peatland	31.49055 N 109.99611 E	(31.5415029, 110.016347, 0.0)	31.5415029	110.016347	76.15	3.23	Medium	187	113774	2287963	41.64	23939	22172	Scaffold
GCA_015233195.1	Candidatus_Omnitrophica_bacterium_nDJH6bin14	d__Bacteria;<br>p__Candidatus Omnitrophica;<br>c__;<br>o__;<br>f__;<br>g__;<br>s__	d__Bacteria;<br>p__Omnitrophota;<br>c__Koll11;<br>o__Zapsychrales;<br>f__Zapsychraceae;<br>g__JADFYE01;<br>s__JADFYE01 sp015233195	"<a href=""https://www.ncbi.nlm.nih.gov/datasets/genome/GCA_015233195.1"">NCBI</a>"	"<a href=""https://gtdb.ecogenomic.org/genome?gid=GCA_015233195.1"">GTDB</a>"	SAMN15005524	PRJNA400260	JADFYE000000000	Illumina HiSeq	2020-11-04 00:00:00	Institute of Geology and Geophysics, Chinese Academy of Sciences	Expanding magnetic organelle biogenesis in the domain Bacteria	33126926.0	10.1186/s40168-020-00931-9	2020	W Lin, et al.	China: Dajiu Lake	Acidic Peatland	31.49055 N 109.99611 E	(31.5415029, 110.016347, 0.0)	31.5415029	110.016347	66.9	1.72	Medium	50	165984	1979993	37.49	86148	83955	Scaffold
GCA_015233235.1	Candidatus_Omnitrophica_bacterium_nDJH6bin13	d__Bacteria;<br>p__Candidatus Omnitrophica;<br>c__;<br>o__;<br>f__;<br>g__;<br>s__	d__Bacteria;<br>p__Omnitrophota;<br>c__Koll11;<br>o__SKK-01;<br>f__SKK-01;<br>g__JADFYD01;<br>s__JADFYD01 sp015233235	"<a href=""https://www.ncbi.nlm.nih.gov/datasets/genome/GCA_015233235.1"">NCBI</a>"	"<a href=""https://gtdb.ecogenomic.org/genome?gid=GCA_015233235.1"">GTDB</a>"	SAMN15005527	PRJNA400260	JADFYD000000000	Illumina HiSeq	2020-11-04 00:00:00	Institute of Geology and Geophysics, Chinese Academy of Sciences	Expanding magnetic organelle biogenesis in the domain Bacteria	33126926.0	10.1186/s40168-020-00931-9	2020	W Lin, et al.	China: Dajiu Lake	Acidic Peatland	31.49055 N 109.99611 E	(31.5415029, 110.016347, 0.0)	31.5415029	110.016347	73.12	0.1	Medium	175	88575	1591307	47.17	11632	10363	Scaffold
GCA_015233245.1	Nitrospirota_bacterium_nDJH6bin1	d__Bacteria;<br>p__Nitrospirae;<br>c__;<br>o__;<br>f__;<br>g__;<br>s__	d__Bacteria;<br>p__Nitrospirota;<br>c__Thermodesulfovibrionia;<br>o__Thermodesulfovibrionales;<br>f__Magnetobacteriaceae;<br>g__JADFXG01;<br>s__JADFXG01 sp015233245	"<a href=""https://www.ncbi.nlm.nih.gov/datasets/genome/GCA_015233245.1"">NCBI</a>"	"<a href=""https://gtdb.ecogenomic.org/genome?gid=GCA_015233245.1"">GTDB</a>"	SAMN15005491	PRJNA400260	JADFYB000000000	Illumina HiSeq	2020-11-04 00:00:00	Institute of Geology and Geophysics, Chinese Academy of Sciences	Expanding magnetic organelle biogenesis in the domain Bacteria	33126926.0	10.1186/s40168-020-00931-9	2020	W Lin, et al.	China: Dajiu Lake	Acidic Peatland	31.49055 N 109.99611 E	(31.5415029, 110.016347, 0.0)	31.5415029	110.016347	95.17	1.97	High	318	88236	3469571	41.13	17243	13632	Scaffold
GCA_015233265.1	Nitrospirota_bacterium_nDJH5bin4	d__Bacteria;<br>p__Nitrospirae;<br>c__;<br>o__;<br>f__;<br>g__;<br>s__	d__Bacteria;<br>p__Nitrospirota;<br>c__Thermodesulfovibrionia;<br>o__Thermodesulfovibrionales;<br>f__Magnetobacteriaceae;<br>g__Magnetominusculus;<br>s__Magnetominusculus sp015233265	"<a href=""https://www.ncbi.nlm.nih.gov/datasets/genome/GCA_015233265.1"">NCBI</a>"	"<a href=""https://gtdb.ecogenomic.org/genome?gid=GCA_015233265.1"">GTDB</a>"	SAMN15005496	PRJNA400260	JADFXZ000000000	Illumina HiSeq	2020-11-04 00:00:00	Institute of Geology and Geophysics, Chinese Academy of Sciences	Expanding magnetic organelle biogenesis in the domain Bacteria	33126926.0	10.1186/s40168-020-00931-9	2020	W Lin, et al.	China: Dajiu Lake	Acidic Peatland	31.490422 N 109.995886 E	(31.5415029, 110.016347, 0.0)	31.5415029	110.016347	69.64	0.0	Medium	344	40054	2541747	47.41	11135	8760	Scaffold
GCA_015233285.1	Deltaproteobacteria_bacterium_nDJH5bin8	d__Bacteria;<br>p__Proteobacteria;<br>c__Deltaproteobacteria;<br>o__;<br>f__;<br>g__;<br>s__	d__Bacteria;<br>p__Desulfobacterota;<br>c__JADFXK01;<br>o__JADFXK01;<br>f__JADFXK01;<br>g__JADFXK01;<br>s__JADFXK01 sp015233285	"<a href=""https://www.ncbi.nlm.nih.gov/datasets/genome/GCA_015233285.1"">NCBI</a>"	"<a href=""https://gtdb.ecogenomic.org/genome?gid=GCA_015233285.1"">GTDB</a>"	SAMN15005456	PRJNA400260	JADFYA000000000	Illumina HiSeq	2020-11-04 00:00:00	Institute of Geology and Geophysics, Chinese Academy of Sciences	Expanding magnetic organelle biogenesis in the domain Bacteria	33126926.0	10.1186/s40168-020-00931-9	2020	W Lin, et al.	China: Dajiu Lake	Acidic Peatland	31.490422 N 109.995886 E	(31.5415029, 110.016347, 0.0)	31.5415029	110.016347	67.24	0.65	Medium	521	39776	3747650	51.53	8844	8199	Scaffold
GCA_015233295.1	Deltaproteobacteria_bacterium_nDJH6bin12	d__Bacteria;<br>p__Proteobacteria;<br>c__Deltaproteobacteria;<br>o__;<br>f__;<br>g__;<br>s__	d__Bacteria;<br>p__Desulfobacterota;<br>c__JADFXK01;<br>o__JADFXK01;<br>f__JADFXK01;<br>g__JADFXK01;<br>s__JADFXK01 sp015233295	"<a href=""https://www.ncbi.nlm.nih.gov/datasets/genome/GCA_015233295.1"">NCBI</a>"	"<a href=""https://gtdb.ecogenomic.org/genome?gid=GCA_015233295.1"">GTDB</a>"	SAMN15005457	PRJNA400260	JADFYC000000000	Illumina HiSeq	2020-11-04 00:00:00	Institute of Geology and Geophysics, Chinese Academy of Sciences	Expanding magnetic organelle biogenesis in the domain Bacteria	33126926.0	10.1186/s40168-020-00931-9	2020	W Lin, et al.	China: Dajiu Lake	Acidic Peatland	31.49055 N 109.99611 E	(31.5415029, 110.016347, 0.0)	31.5415029	110.016347	66.54	0.97	Medium	569	48544	3952371	51.41	9135	8254	Scaffold
GCA_015233335.1	Candidatus_Omnitrophica_bacterium_nDJH2bin18	d__Bacteria;<br>p__Candidatus Omnitrophica;<br>c__;<br>o__;<br>f__;<br>g__;<br>s__	d__Bacteria;<br>p__Omnitrophota;<br>c__Koll11;<br>o__Zapsychrales;<br>f__Fredricksoniimonadaceae;<br>g__JABDGZ01;<br>s__JABDGZ01 sp015233335	"<a href=""https://www.ncbi.nlm.nih.gov/datasets/genome/GCA_015233335.1"">NCBI</a>"	"<a href=""https://gtdb.ecogenomic.org/genome?gid=GCA_015233335.1"">GTDB</a>"	SAMN15005513	PRJNA400260	JADFXX000000000	Illumina HiSeq	2020-11-04 00:00:00	Institute of Geology and Geophysics, Chinese Academy of Sciences	Expanding magnetic organelle biogenesis in the domain Bacteria	33126926.0	10.1186/s40168-020-00931-9	2020	W Lin, et al.	China: Dajiu Lake	Acidic Peatland	31.49194 N 109.99472 E	(31.5415029, 110.016347, 0.0)	31.5415029	110.016347	62.54	1.08	Medium	38	212303	1845990	44.09	102146	102146	Scaffold
GCA_015233355.1	Deltaproteobacteria_bacterium_nDJH2bin9	d__Bacteria;<br>p__Proteobacteria;<br>c__Deltaproteobacteria;<br>o__;<br>f__;<br>g__;<br>s__	d__Bacteria;<br>p__Desulfobacterota;<br>c__JADFXK01;<br>o__JADFXK01;<br>f__JADFXK01;<br>g__JADFXK01;<br>s__JADFXK01 sp015233285	"<a href=""https://www.ncbi.nlm.nih.gov/datasets/genome/GCA_015233355.1"">NCBI</a>"	"<a href=""https://gtdb.ecogenomic.org/genome?gid=GCA_015233355.1"">GTDB</a>"	SAMN15005455	PRJNA400260	JADFXY000000000	Illumina HiSeq	2020-11-04 00:00:00	Institute of Geology and Geophysics, Chinese Academy of Sciences	Expanding magnetic organelle biogenesis in the domain Bacteria	33126926.0	10.1186/s40168-020-00931-9	2020	W Lin, et al.	China: Dajiu Lake	Acidic Peatland	31.49194 N 109.99472 E	(31.5415029, 110.016347, 0.0)	31.5415029	110.016347	72.63	1.06	Medium	633	46331	4762695	51.72	10360	9387	Scaffold
GCA_015233365.1	Nitrospirota_bacterium_nDJH15bin8	d__Bacteria;<br>p__Nitrospirae;<br>c__;<br>o__;<br>f__;<br>g__;<br>s__	d__Bacteria;<br>p__Nitrospirota;<br>c__Thermodesulfovibrionia;<br>o__Thermodesulfovibrionales;<br>f__Dissulfurispiraceae;<br>g__JADFXI01;<br>s__JADFXI01 sp015233365	"<a href=""https://www.ncbi.nlm.nih.gov/datasets/genome/GCA_015233365.1"">NCBI</a>"	"<a href=""https://gtdb.ecogenomic.org/genome?gid=GCA_015233365.1"">GTDB</a>"	SAMN15005508	PRJNA400260	JADFXU000000000	Illumina HiSeq	2020-11-04 00:00:00	Institute of Geology and Geophysics, Chinese Academy of Sciences	Expanding magnetic organelle biogenesis in the domain Bacteria	33126926.0	10.1186/s40168-020-00931-9	2020	W Lin, et al.	China: Dajiu Lake	Acidic Peatland	31.485181 N 110.001483 E	(31.4745221, 110.0105023, 0.0)	31.4745221	110.0105023	64.82	1.82	Medium	62	155282	2181452	48.65	52271	51564	Scaffold
GCA_015233375.1	Candidatus_Omnitrophica_bacterium_nDJH2bin13	d__Bacteria;<br>p__Candidatus Omnitrophica;<br>c__;<br>o__;<br>f__;<br>g__;<br>s__	d__Bacteria;<br>p__Omnitrophota;<br>c__Koll11;<br>o__Zapsychrales;<br>f__Fredricksoniimonadaceae;<br>g__JABDGZ01;<br>s__JABDGZ01 sp015233375	"<a href=""https://www.ncbi.nlm.nih.gov/datasets/genome/GCA_015233375.1"">NCBI</a>"	"<a href=""https://gtdb.ecogenomic.org/genome?gid=GCA_015233375.1"">GTDB</a>"	SAMN15005512	PRJNA400260	JADFXW000000000	Illumina HiSeq	2020-11-04 00:00:00	Institute of Geology and Geophysics, Chinese Academy of Sciences	Expanding magnetic organelle biogenesis in the domain Bacteria	33126926.0	10.1186/s40168-020-00931-9	2020	W Lin, et al.	China: Dajiu Lake	Acidic Peatland	31.49194 N 109.99472 E	(31.5415029, 110.016347, 0.0)	31.5415029	110.016347	70.95	0.0	Medium	209	47316	1763723	42.08	11646	10188	Scaffold
GCA_015233395.1	Desulfovibrionaceae_bacterium_nDJH2bin10	d__Bacteria;<br>p__Proteobacteria;<br>c__Deltaproteobacteria;<br>o__Desulfovibrionales;<br>f__Desulfovibrionaceae;<br>g__;<br>s__	d__Bacteria;<br>p__Desulfobacterota;<br>c__Desulfovibrionia;<br>o__Desulfovibrionales;<br>f__Desulfovibrionaceae;<br>g__JADFXV01;<br>s__JADFXV01 sp015233395	"<a href=""https://www.ncbi.nlm.nih.gov/datasets/genome/GCA_015233395.1"">NCBI</a>"	"<a href=""https://gtdb.ecogenomic.org/genome?gid=GCA_015233395.1"">GTDB</a>"	SAMN15005480	PRJNA400260	JADFXV000000000	Illumina HiSeq	2020-11-04 00:00:00	Institute of Geology and Geophysics, Chinese Academy of Sciences	Expanding magnetic organelle biogenesis in the domain Bacteria	33126926.0	10.1186/s40168-020-00931-9	2020	W Lin, et al.	China: Dajiu Lake	Acidic Peatland	31.49194 N 109.99472 E	(31.5415029, 110.016347, 0.0)	31.5415029	110.016347	97.32	0.0	High	158	125371	3372092	62.81	36054	36054	Scaffold
GCA_015233405.1	Candidatus_Omnitrophica_bacterium_nDJH15bin6	d__Bacteria;<br>p__Candidatus Omnitrophica;<br>c__;<br>o__;<br>f__;<br>g__;<br>s__	d__Bacteria;<br>p__Omnitrophota;<br>c__Koll11;<br>o__Zapsychrales;<br>f__Zapsychraceae;<br>g__JADFXT01;<br>s__JADFXT01 sp015233405	"<a href=""https://www.ncbi.nlm.nih.gov/datasets/genome/GCA_015233405.1"">NCBI</a>"	"<a href=""https://gtdb.ecogenomic.org/genome?gid=GCA_015233405.1"">GTDB</a>"	SAMN15005523	PRJNA400260	JADFXT000000000	Illumina HiSeq	2020-11-04 00:00:00	Institute of Geology and Geophysics, Chinese Academy of Sciences	Expanding magnetic organelle biogenesis in the domain Bacteria	33126926.0	10.1186/s40168-020-00931-9	2020	W Lin, et al.	China: Dajiu Lake	Acidic Peatland	31.485181 N 110.001483 E	(31.4745221, 110.0105023, 0.0)	31.4745221	110.0105023	79.69	2.15	Medium	47	304738	2379669	43.25	130162	130162	Scaffold
GCA_015233455.1	Nitrospirota_bacterium_nDJH15bin2	d__Bacteria;<br>p__Nitrospirae;<br>c__;<br>o__;<br>f__;<br>g__;<br>s__	d__Bacteria;<br>p__Nitrospirota;<br>c__Thermodesulfovibrionia;<br>o__Thermodesulfovibrionales;<br>f__Magnetobacteriaceae;<br>g__Magnetobacterium;<br>s__Magnetobacterium sp015233725	"<a href=""https://www.ncbi.nlm.nih.gov/datasets/genome/GCA_015233455.1"">NCBI</a>"	"<a href=""https://gtdb.ecogenomic.org/genome?gid=GCA_015233455.1"">GTDB</a>"	SAMN15005502	PRJNA400260	JADFXR000000000	Illumina HiSeq	2020-11-04 00:00:00	Institute of Geology and Geophysics, Chinese Academy of Sciences	Expanding magnetic organelle biogenesis in the domain Bacteria	33126926.0	10.1186/s40168-020-00931-9	2020	W Lin, et al.	China: Dajiu Lake	Acidic Peatland	31.485181 N 110.001483 E	(31.4745221, 110.0105023, 0.0)	31.4745221	110.0105023	92.02	0.91	High	245	111317	3580043	49.18	21641	20096	Scaffold
GCA_015233465.1	Nitrospirota_bacterium_nDJH14bin9	d__Bacteria;<br>p__Nitrospirae;<br>c__;<br>o__;<br>f__;<br>g__;<br>s__	d__Bacteria;<br>p__Nitrospirota;<br>c__Thermodesulfovibrionia;<br>o__Thermodesulfovibrionales;<br>f__Magnetobacteriaceae;<br>g__JADFXP01;<br>s__JADFXP01 sp015233465	"<a href=""https://www.ncbi.nlm.nih.gov/datasets/genome/GCA_015233465.1"">NCBI</a>"	"<a href=""https://gtdb.ecogenomic.org/genome?gid=GCA_015233465.1"">GTDB</a>"	SAMN15005490	PRJNA400260	JADFXP000000000	Illumina HiSeq	2020-11-04 00:00:00	Institute of Geology and Geophysics, Chinese Academy of Sciences	Expanding magnetic organelle biogenesis in the domain Bacteria	33126926.0	10.1186/s40168-020-00931-9	2020	W Lin, et al.	China: Dajiu Lake	Acidic Peatland	31.483503 N 110.000844 E	(31.4745221, 110.0105023, 0.0)	31.4745221	110.0105023	95.95	0.91	High	75	256720	3130381	35.21	93402	88729	Scaffold
GCA_015233485.1	Nitrospirota_bacterium_nDJH14bin7	d__Bacteria;<br>p__Nitrospirae;<br>c__;<br>o__;<br>f__;<br>g__;<br>s__	d__Bacteria;<br>p__Nitrospirota;<br>c__Thermodesulfovibrionia;<br>o__Thermodesulfovibrionales;<br>f__Magnetobacteriaceae;<br>g__Magnetominusculus;<br>s__Magnetominusculus sp015233485	"<a href=""https://www.ncbi.nlm.nih.gov/datasets/genome/GCA_015233485.1"">NCBI</a>"	"<a href=""https://gtdb.ecogenomic.org/genome?gid=GCA_015233485.1"">GTDB</a>"	SAMN15005495	PRJNA400260	JADFXO000000000	Illumina HiSeq	2020-11-04 00:00:00	Institute of Geology and Geophysics, Chinese Academy of Sciences	Expanding magnetic organelle biogenesis in the domain Bacteria	33126926.0	10.1186/s40168-020-00931-9	2020	W Lin, et al.	China: Dajiu Lake	Acidic Peatland	31.483503 N 110.000844 E	(31.4745221, 110.0105023, 0.0)	31.4745221	110.0105023	85.56	0.45	Medium	565	37924	4238609	44.94	10032	9449	Scaffold
GCA_015233495.1	Candidatus_Omnitrophica_bacterium_nDJH15bin13	d__Bacteria;<br>p__Candidatus Omnitrophica;<br>c__;<br>o__;<br>f__;<br>g__;<br>s__	d__Bacteria;<br>p__Omnitrophota;<br>c__Koll11;<br>o__Zapsychrales;<br>f__Zapsychraceae;<br>g__JADFXQ01;<br>s__JADFXQ01 sp015233495	"<a href=""https://www.ncbi.nlm.nih.gov/datasets/genome/GCA_015233495.1"">NCBI</a>"	"<a href=""https://gtdb.ecogenomic.org/genome?gid=GCA_015233495.1"">GTDB</a>"	SAMN15005522	PRJNA400260	JADFXQ000000000	Illumina HiSeq	2020-11-04 00:00:00	Institute of Geology and Geophysics, Chinese Academy of Sciences	Expanding magnetic organelle biogenesis in the domain Bacteria	33126926.0	10.1186/s40168-020-00931-9	2020	W Lin, et al.	China: Dajiu Lake	Acidic Peatland	31.485181 N 110.001483 E	(31.4745221, 110.0105023, 0.0)	31.4745221	110.0105023	83.33	1.08	Medium	111	187318	2101230	49.08	34545	30714	Scaffold
GCA_015233515.1	Deltaproteobacteria_bacterium_nDJH15bin4	d__Bacteria;<br>p__Proteobacteria;<br>c__Deltaproteobacteria;<br>o__;<br>f__;<br>g__;<br>s__	d__Bacteria;<br>p__Desulfobacterota;<br>c__Desulfarculia;<br>o__Adiutricales;<br>f__JAGVGV01;<br>g__JADFXS01;<br>s__JADFXS01 sp015233515	"<a href=""https://www.ncbi.nlm.nih.gov/datasets/genome/GCA_015233515.1"">NCBI</a>"	"<a href=""https://gtdb.ecogenomic.org/genome?gid=GCA_015233515.1"">GTDB</a>"	SAMN15005454	PRJNA400260	JADFXS000000000	Illumina HiSeq	2020-11-04 00:00:00	Institute of Geology and Geophysics, Chinese Academy of Sciences	Expanding magnetic organelle biogenesis in the domain Bacteria	33126926.0	10.1186/s40168-020-00931-9	2020	W Lin, et al.	China: Dajiu Lake	Acidic Peatland	31.485181 N 110.001483 E	(31.4745221, 110.0105023, 0.0)	31.4745221	110.0105023	60.62	0.32	Medium	701	64630	4200208	51.2	7756	5625	Scaffold
GCA_015233555.1	Nitrospirota_bacterium_nDJH14bin5	d__Bacteria;<br>p__Nitrospirae;<br>c__;<br>o__;<br>f__;<br>g__;<br>s__	d__Bacteria;<br>p__Nitrospirota;<br>c__Thermodesulfovibrionia;<br>o__Thermodesulfovibrionales;<br>f__Magnetobacteriaceae;<br>g__JADFXG01;<br>s__JADFXG01 sp015233895	"<a href=""https://www.ncbi.nlm.nih.gov/datasets/genome/GCA_015233555.1"">NCBI</a>"	"<a href=""https://gtdb.ecogenomic.org/genome?gid=GCA_015233555.1"">GTDB</a>"	SAMN15005489	PRJNA400260	JADFXN000000000	Illumina HiSeq	2020-11-04 00:00:00	Institute of Geology and Geophysics, Chinese Academy of Sciences	Expanding magnetic organelle biogenesis in the domain Bacteria	33126926.0	10.1186/s40168-020-00931-9	2020	W Lin, et al.	China: Dajiu Lake	Acidic Peatland	31.483503 N 110.000844 E	(31.4745221, 110.0105023, 0.0)	31.4745221	110.0105023	95.85	0.91	High	69	359807	3591102	41.5	83655	83655	Scaffold
GCA_015233565.1	Candidatus_Riflebacteria_bacterium_nDJH14bin3	d__Bacteria;<br>p__Candidatus Riflebacteria;<br>c__;<br>o__;<br>f__;<br>g__;<br>s__	d__Bacteria;<br>p__Riflebacteria;<br>c__Ozemobacteria;<br>o__Ozemobacterales;<br>f__Ozemobacteraceae;<br>g__JADFXM01;<br>s__JADFXM01 sp015233565	"<a href=""https://www.ncbi.nlm.nih.gov/datasets/genome/GCA_015233565.1"">NCBI</a>"	"<a href=""https://gtdb.ecogenomic.org/genome?gid=GCA_015233565.1"">GTDB</a>"	SAMN15005607	PRJNA400260	JADFXM000000000	Illumina HiSeq	2020-11-04 00:00:00	Institute of Geology and Geophysics, Chinese Academy of Sciences	Expanding magnetic organelle biogenesis in the domain Bacteria	33126926.0	10.1186/s40168-020-00931-9	2020	W Lin, et al.	China: Dajiu Lake	Acidic Peatland	31.483503 N 110.000844 E	(31.4745221, 110.0105023, 0.0)	31.4745221	110.0105023	96.0	1.33	High	185	380595	8297085	40.61	109594	109594	Scaffold
GCA_015233585.1	Alphaproteobacteria_bacterium_nDJH14bin10	d__Bacteria;<br>p__Proteobacteria;<br>c__Alphaproteobacteria;<br>o__;<br>f__;<br>g__;<br>s__	d__Bacteria;<br>p__Pseudomonadota;<br>c__Alphaproteobacteria;<br>o__Rhodospirillales;<br>f__Rhodospirillaceae;<br>g__JADFXL01;<br>s__JADFXL01 sp015233585	"<a href=""https://www.ncbi.nlm.nih.gov/datasets/genome/GCA_015233585.1"">NCBI</a>"	"<a href=""https://gtdb.ecogenomic.org/genome?gid=GCA_015233585.1"">GTDB</a>"	SAMN15005536	PRJNA400260	JADFXL000000000	Illumina HiSeq	2020-11-04 00:00:00	Institute of Geology and Geophysics, Chinese Academy of Sciences	Expanding magnetic organelle biogenesis in the domain Bacteria	33126926.0	10.1186/s40168-020-00931-9	2020	W Lin, et al.	China: Dajiu Lake	Acidic Peatland	31.483503 N 110.000844 E	(31.4745221, 110.0105023, 0.0)	31.4745221	110.0105023	73.86	1.33	Medium	435	52301	3326350	60.2	11257	10004	Scaffold
GCA_015233615.1	Nitrospirota_bacterium_nDJH13bin3	d__Bacteria;<br>p__Nitrospirae;<br>c__;<br>o__;<br>f__;<br>g__;<br>s__	d__Bacteria;<br>p__Nitrospirota;<br>c__Thermodesulfovibrionia;<br>o__Thermodesulfovibrionales;<br>f__Magnetobacteriaceae;<br>g__JADFXJ01;<br>s__JADFXJ01 sp015233615	"<a href=""https://www.ncbi.nlm.nih.gov/datasets/genome/GCA_015233615.1"">NCBI</a>"	"<a href=""https://gtdb.ecogenomic.org/genome?gid=GCA_015233615.1"">GTDB</a>"	SAMN15005488	PRJNA400260	JADFXJ000000000	Illumina HiSeq	2020-11-04 00:00:00	Institute of Geology and Geophysics, Chinese Academy of Sciences	Expanding magnetic organelle biogenesis in the domain Bacteria	33126926.0	10.1186/s40168-020-00931-9	2020	W Lin, et al.	China: Dajiu Lake	Acidic Peatland	31.483672 N 110.000694 E	(31.4745221, 110.0105023, 0.0)	31.4745221	110.0105023	77.94	1.82	Medium	220	106824	4006792	47.81	25191	23873	Scaffold
GCA_015233625.1	Deltaproteobacteria_bacterium_nDJH13bin5	d__Bacteria;<br>p__Proteobacteria;<br>c__Deltaproteobacteria;<br>o__;<br>f__;<br>g__;<br>s__	d__Bacteria;<br>p__Desulfobacterota;<br>c__JADFXK01;<br>o__JADFXK01;<br>f__JADFXK01;<br>g__JADFXK01;<br>s__JADFXK01 sp015233625	"<a href=""https://www.ncbi.nlm.nih.gov/datasets/genome/GCA_015233625.1"">NCBI</a>"	"<a href=""https://gtdb.ecogenomic.org/genome?gid=GCA_015233625.1"">GTDB</a>"	SAMN15005459	PRJNA400260	JADFXK000000000	Illumina HiSeq	2020-11-04 00:00:00	Institute of Geology and Geophysics, Chinese Academy of Sciences	Expanding magnetic organelle biogenesis in the domain Bacteria	33126926.0	10.1186/s40168-020-00931-9	2020	W Lin, et al.	China: Dajiu Lake	Acidic Peatland	31.483672 N 110.000694 E	(31.4745221, 110.0105023, 0.0)	31.4745221	110.0105023	56.21	0.0	Medium	619	51923	4587119	51.85	9499	8801	Scaffold
GCA_015233655.1	Nitrospirota_bacterium_nDJH13bin21	d__Bacteria;<br>p__Nitrospirae;<br>c__;<br>o__;<br>f__;<br>g__;<br>s__	d__Bacteria;<br>p__Nitrospirota;<br>c__Thermodesulfovibrionia;<br>o__Thermodesulfovibrionales;<br>f__Dissulfurispiraceae;<br>g__JADFXI01;<br>s__JADFXI01 sp015233655	"<a href=""https://www.ncbi.nlm.nih.gov/datasets/genome/GCA_015233655.1"">NCBI</a>"	"<a href=""https://gtdb.ecogenomic.org/genome?gid=GCA_015233655.1"">GTDB</a>"	SAMN15005507	PRJNA400260	JADFXI000000000	Illumina HiSeq	2020-11-04 00:00:00	Institute of Geology and Geophysics, Chinese Academy of Sciences	Expanding magnetic organelle biogenesis in the domain Bacteria	33126926.0	10.1186/s40168-020-00931-9	2020	W Lin, et al.	China: Dajiu Lake	Acidic Peatland	31.483672 N 110.000694 E	(31.4745221, 110.0105023, 0.0)	31.4745221	110.0105023	85.99	2.25	Medium	262	98345	3287085	47.98	20424	18976	Scaffold
GCA_015233675.1	Candidatus_Omnitrophica_bacterium_nDJH13bin20	d__Bacteria;<br>p__Candidatus Omnitrophica;<br>c__;<br>o__;<br>f__;<br>g__;<br>s__	d__Bacteria;<br>p__Omnitrophota;<br>c__Koll11;<br>o__Zapsychrales;<br>f__Fredricksoniimonadaceae;<br>g__JABDGZ01;<br>s__JABDGZ01 sp015233675	"<a href=""https://www.ncbi.nlm.nih.gov/datasets/genome/GCA_015233675.1"">NCBI</a>"	"<a href=""https://gtdb.ecogenomic.org/genome?gid=GCA_015233675.1"">GTDB</a>"	SAMN15005511	PRJNA400260	JADFXH000000000	Illumina HiSeq	2020-11-04 00:00:00	Institute of Geology and Geophysics, Chinese Academy of Sciences	Expanding magnetic organelle biogenesis in the domain Bacteria	33126926.0	10.1186/s40168-020-00931-9	2020	W Lin, et al.	China: Dajiu Lake	Acidic Peatland	31.483672 N 110.000694 E	(31.4745221, 110.0105023, 0.0)	31.4745221	110.0105023	60.34	0.0	Medium	31	321724	2119943	42.8	179029	179029	Scaffold
GCA_015233685.1	Nitrospirota_bacterium_nDJH13bin15	d__Bacteria;<br>p__Nitrospirae;<br>c__;<br>o__;<br>f__;<br>g__;<br>s__	d__Bacteria;<br>p__Nitrospirota;<br>c__Thermodesulfovibrionia;<br>o__Thermodesulfovibrionales;<br>f__Magnetobacteriaceae;<br>g__Magnetominusculus;<br>s__Magnetominusculus sp015233685	"<a href=""https://www.ncbi.nlm.nih.gov/datasets/genome/GCA_015233685.1"">NCBI</a>"	"<a href=""https://gtdb.ecogenomic.org/genome?gid=GCA_015233685.1"">GTDB</a>"	SAMN15005494	PRJNA400260	JADFXF000000000	Illumina HiSeq	2020-11-04 00:00:00	Institute of Geology and Geophysics, Chinese Academy of Sciences	Expanding magnetic organelle biogenesis in the domain Bacteria	33126926.0	10.1186/s40168-020-00931-9	2020	W Lin, et al.	China: Dajiu Lake	Acidic Peatland	31.483672 N 110.000694 E	(31.4745221, 110.0105023, 0.0)	31.4745221	110.0105023	66.54	0.0	Medium	121	58913	2034618	48.07	27741	24800	Scaffold
GCA_015233705.1	Candidatus_Omnitrophica_bacterium_nDJH13bin13	d__Bacteria;<br>p__Candidatus Omnitrophica;<br>c__;<br>o__;<br>f__;<br>g__;<br>s__	d__Bacteria;<br>p__Omnitrophota;<br>c__Koll11;<br>o__Zapsychrales;<br>f__Fredricksoniimonadaceae;<br>g__JAAYZZ01;<br>s__JAAYZZ01 sp015233705	"<a href=""https://www.ncbi.nlm.nih.gov/datasets/genome/GCA_015233705.1"">NCBI</a>"	"<a href=""https://gtdb.ecogenomic.org/genome?gid=GCA_015233705.1"">GTDB</a>"	SAMN15005517	PRJNA400260	JADFXE000000000	Illumina HiSeq	2020-11-04 00:00:00	Institute of Geology and Geophysics, Chinese Academy of Sciences	Expanding magnetic organelle biogenesis in the domain Bacteria	33126926.0	10.1186/s40168-020-00931-9	2020	W Lin, et al.	China: Dajiu Lake	Acidic Peatland	31.483672 N 110.000694 E	(31.4745221, 110.0105023, 0.0)	31.4745221	110.0105023	54.51	0.0	Medium	97	48009	1173747	54.15	15478	11167	Scaffold
GCA_015233725.1	Nitrospirota_bacterium_nDJH13bin1	d__Bacteria;<br>p__Nitrospirae;<br>c__;<br>o__;<br>f__;<br>g__;<br>s__	d__Bacteria;<br>p__Nitrospirota;<br>c__Thermodesulfovibrionia;<br>o__Thermodesulfovibrionales;<br>f__Magnetobacteriaceae;<br>g__Magnetobacterium;<br>s__Magnetobacterium sp015233725	"<a href=""https://www.ncbi.nlm.nih.gov/datasets/genome/GCA_015233725.1"">NCBI</a>"	"<a href=""https://gtdb.ecogenomic.org/genome?gid=GCA_015233725.1"">GTDB</a>"	SAMN15005501	PRJNA400260	JADFXD000000000	Illumina HiSeq	2020-11-04 00:00:00	Institute of Geology and Geophysics, Chinese Academy of Sciences	Expanding magnetic organelle biogenesis in the domain Bacteria	33126926.0	10.1186/s40168-020-00931-9	2020	W Lin, et al.	China: Dajiu Lake	Acidic Peatland	31.483672 N 110.000694 E	(31.4745221, 110.0105023, 0.0)	31.4745221	110.0105023	85.91	0.45	Medium	168	88709	3320021	49.07	29980	28984	Scaffold
GCA_015233755.1	Desulfamplus_sp._nDH2bin3	d__Bacteria;<br>p__Proteobacteria;<br>c__Deltaproteobacteria;<br>o__Desulfobacterales;<br>f__Desulfobacteraceae;<br>g__Desulfamplus;<br>s__	d__Bacteria;<br>p__Desulfobacterota;<br>c__Desulfobacteria;<br>o__Desulfobacterales;<br>f__Desulfobacteraceae;<br>g__Desulfamplus;<br>s__Desulfamplus sp015233755	"<a href=""https://www.ncbi.nlm.nih.gov/datasets/genome/GCA_015233755.1"">NCBI</a>"	"<a href=""https://gtdb.ecogenomic.org/genome?gid=GCA_015233755.1"">GTDB</a>"	SAMN15005468	PRJNA400260	JADFXA000000000	Illumina HiSeq	2020-11-04 00:00:00	Institute of Geology and Geophysics, Chinese Academy of Sciences	Expanding magnetic organelle biogenesis in the domain Bacteria	33126926.0	10.1186/s40168-020-00931-9	2020	W Lin, et al.	China: Lake East	freshwater	30.555833 N 114.411389 E	(30.552824, 114.4096587, 0.0)	30.552824	114.4096587	75.5	1.29	Medium	407	39022	2540888	35.65	7726	7162	Scaffold
GCA_015233765.1	Candidatus_Omnitrophica_bacterium_nCal1bin2	d__Bacteria;<br>p__Candidatus Omnitrophica;<br>c__;<br>o__;<br>f__;<br>g__;<br>s__	d__Bacteria;<br>p__Omnitrophota;<br>c__Koll11;<br>o__Zapsychrales;<br>f__Fredricksoniimonadaceae;<br>g__GCA-2753745;<br>s__GCA-2753745 sp002753745	"<a href=""https://www.ncbi.nlm.nih.gov/datasets/genome/GCA_015233765.1"">NCBI</a>"	"<a href=""https://gtdb.ecogenomic.org/genome?gid=GCA_015233765.1"">GTDB</a>"	SAMN15005521	PRJNA400260	JADFWR000000000	Illumina HiSeq	2020-11-04 00:00:00	Institute of Geology and Geophysics, Chinese Academy of Sciences	Expanding magnetic organelle biogenesis in the domain Bacteria	33126926.0	10.1186/s40168-020-00931-9	2020	W Lin, et al.	Australia: Lake Catani	freshwater	36.73426 S 146.81119 E	(-36.735271, 146.8112389, 0.0)	-36.735271	146.8112389	88.29	2.15	Medium	196	108977	2952830	49.66	25022	19117	Scaffold
GCA_015233785.1	Magnetococcales_bacterium_nCLbin10	d__Bacteria;<br>p__Proteobacteria;<br>c__Alphaproteobacteria;<br>o__Magnetococcales;<br>f__;<br>g__;<br>s__	d__Bacteria;<br>p__Pseudomonadota;<br>c__Magnetococcia;<br>o__Magnetococcales;<br>f__JADFWT01;<br>g__JADFWT01;<br>s__JADFWT01 sp015233785	"<a href=""https://www.ncbi.nlm.nih.gov/datasets/genome/GCA_015233785.1"">NCBI</a>"	"<a href=""https://gtdb.ecogenomic.org/genome?gid=GCA_015233785.1"">GTDB</a>"	SAMN15005552	PRJNA400260	JADFWT000000000	Illumina HiSeq	2020-11-04 00:00:00	Institute of Geology and Geophysics, Chinese Academy of Sciences	Expanding magnetic organelle biogenesis in the domain Bacteria	33126926.0	10.1186/s40168-020-00931-9	2020	W Lin, et al.	Australia: Corunna Lake	freshwater	38.23694 S 144.42936 E	(-38.2382179, 144.4285999, 0.0)	-38.2382179	144.4285999	61.19	2.1	Medium	364	93268	3357974	55.62	18428	18428	Contig
GCA_015233895.1	Nitrospirota_bacterium_nDJH13bin19	d__Bacteria;<br>p__Nitrospirae;<br>c__;<br>o__;<br>f__;<br>g__;<br>s__	d__Bacteria;<br>p__Nitrospirota;<br>c__Thermodesulfovibrionia;<br>o__Thermodesulfovibrionales;<br>f__Magnetobacteriaceae;<br>g__JADFXG01;<br>s__JADFXG01 sp015233895	"<a href=""https://www.ncbi.nlm.nih.gov/datasets/genome/GCA_015233895.1"">NCBI</a>"	"<a href=""https://gtdb.ecogenomic.org/genome?gid=GCA_015233895.1"">GTDB</a>"	SAMN15005487	PRJNA400260	JADFXG000000000	Illumina HiSeq	2020-11-04 00:00:00	Institute of Geology and Geophysics, Chinese Academy of Sciences	Expanding magnetic organelle biogenesis in the domain Bacteria	33126926.0	10.1186/s40168-020-00931-9	2020	W Lin, et al.	China: Dajiu Lake	Acidic Peatland	31.483672 N 110.000694 E	(31.4745221, 110.0105023, 0.0)	31.4745221	110.0105023	99.03	0.91	High	65	477006	3711429	41.57	125510	124990	Scaffold
GCA_015233905.1	Magnetococcales_bacterium_nDH2bin7	d__Bacteria;<br>p__Proteobacteria;<br>c__Alphaproteobacteria;<br>o__Magnetococcales;<br>f__;<br>g__;<br>s__	d__Bacteria;<br>p__Pseudomonadota;<br>c__Magnetococcia;<br>o__Magnetococcales;<br>f__Magnetaquicoccaceae;<br>g__JAANAU01;<br>s__JAANAU01 sp011089965	"<a href=""https://www.ncbi.nlm.nih.gov/datasets/genome/GCA_015233905.1"">NCBI</a>"	"<a href=""https://gtdb.ecogenomic.org/genome?gid=GCA_015233905.1"">GTDB</a>"	SAMN15005591	PRJNA400260	JADFXC000000000	Illumina HiSeq	2020-11-04 00:00:00	Institute of Geology and Geophysics, Chinese Academy of Sciences	Expanding magnetic organelle biogenesis in the domain Bacteria	33126926.0	10.1186/s40168-020-00931-9	2020	W Lin, et al.	China: Lake East	freshwater	30.555833 N 114.411389 E	(30.552824, 114.4096587, 0.0)	30.552824	114.4096587	54.48	0.0	Medium	74	184375	1952691	56.31	45589	45589	Scaffold
GCA_015233935.1	Magnetococcales_bacterium_nDH2bin6	d__Bacteria;<br>p__Proteobacteria;<br>c__Alphaproteobacteria;<br>o__Magnetococcales;<br>f__;<br>g__;<br>s__	d__Bacteria;<br>p__Pseudomonadota;<br>c__Magnetococcia;<br>o__Magnetococcales;<br>f__JADFXB01;<br>g__JADFXB01;<br>s__JADFXB01 sp015233935	"<a href=""https://www.ncbi.nlm.nih.gov/datasets/genome/GCA_015233935.1"">NCBI</a>"	"<a href=""https://gtdb.ecogenomic.org/genome?gid=GCA_015233935.1"">GTDB</a>"	SAMN15005554	PRJNA400260	JADFXB000000000	Illumina HiSeq	2020-11-04 00:00:00	Institute of Geology and Geophysics, Chinese Academy of Sciences	Expanding magnetic organelle biogenesis in the domain Bacteria	33126926.0	10.1186/s40168-020-00931-9	2020	W Lin, et al.	China: Lake East	freshwater	30.555833 N 114.411389 E	(30.552824, 114.4096587, 0.0)	30.552824	114.4096587	80.77	2.1	Medium	414	83996	4543171	52.7	21120	19502	Scaffold
GCA_015233945.1	Magnetococcales_bacterium_nDC0425bin2	d__Bacteria;<br>p__Proteobacteria;<br>c__Alphaproteobacteria;<br>o__Magnetococcales;<br>f__;<br>g__;<br>s__	d__Bacteria;<br>p__Pseudomonadota;<br>c__Magnetococcia;<br>o__Magnetococcales;<br>f__Magnetaquicoccaceae;<br>g__HCHbin5;<br>s__HCHbin5 sp002753505	"<a href=""https://www.ncbi.nlm.nih.gov/datasets/genome/GCA_015233945.1"">NCBI</a>"	"<a href=""https://gtdb.ecogenomic.org/genome?gid=GCA_015233945.1"">GTDB</a>"	SAMN15005588	PRJNA400260	JADFWY000000000	Illumina HiSeq	2020-11-04 00:00:00	Institute of Geology and Geophysics, Chinese Academy of Sciences	Expanding magnetic organelle biogenesis in the domain Bacteria	33126926.0	10.1186/s40168-020-00931-9	2020	W Lin, et al.	China: Lake Dianchi	freshwater	24.908133 N 102.74605 E	(24.9033068, 102.7596249, 0.0)	24.9033068	102.7596249	71.32	1.79	Medium	364	59974	3037792	55.86	10610	10610	Scaffold
GCA_015233965.1	Magnetococcales_bacterium_nDC0425bin4	d__Bacteria;<br>p__Proteobacteria;<br>c__Alphaproteobacteria;<br>o__Magnetococcales;<br>f__;<br>g__;<br>s__	d__Bacteria;<br>p__Pseudomonadota;<br>c__Magnetococcia;<br>o__Magnetococcales;<br>f__DC0425bin3;<br>g__DC0425bin3;<br>s__DC0425bin3 sp002753665	"<a href=""https://www.ncbi.nlm.nih.gov/datasets/genome/GCA_015233965.1"">NCBI</a>"	"<a href=""https://gtdb.ecogenomic.org/genome?gid=GCA_015233965.1"">GTDB</a>"	SAMN15005560	PRJNA400260	JADFWZ000000000	Illumina HiSeq	2020-11-04 00:00:00	Institute of Geology and Geophysics, Chinese Academy of Sciences	Expanding magnetic organelle biogenesis in the domain Bacteria	33126926.0	10.1186/s40168-020-00931-9	2020	W Lin, et al.	China: Lake Dianchi	freshwater	24.908133 N 102.74605 E	(24.9033068, 102.7596249, 0.0)	24.9033068	102.7596249	98.32	1.68	High	165	135657	3892739	65.39	49112	49112	Scaffold
GCA_015233985.1	Nitrospirota_bacterium_nDC0425bin1	d__Bacteria;<br>p__Nitrospirae;<br>c__;<br>o__;<br>f__;<br>g__;<br>s__	d__Bacteria;<br>p__Nitrospirota;<br>c__Thermodesulfovibrionia;<br>o__Thermodesulfovibrionales;<br>f__Magnetobacteriaceae;<br>g__Magnetobacterium;<br>s__Magnetobacterium sp002753685	"<a href=""https://www.ncbi.nlm.nih.gov/datasets/genome/GCA_015233985.1"">NCBI</a>"	"<a href=""https://gtdb.ecogenomic.org/genome?gid=GCA_015233985.1"">GTDB</a>"	SAMN15005506	PRJNA400260	JADFWX000000000	Illumina HiSeq	2020-11-04 00:00:00	Institute of Geology and Geophysics, Chinese Academy of Sciences	Expanding magnetic organelle biogenesis in the domain Bacteria	33126926.0	10.1186/s40168-020-00931-9	2020	W Lin, et al.	China: Lake Dianchi	freshwater	24.908133 N 102.74605 E	(24.9033068, 102.7596249, 0.0)	24.9033068	102.7596249	96.97	1.82	High	178	169563	4037545	49.09	35907	34916	Scaffold
GCA_015234015.1	Magnetococcales_bacterium_nDCbin4	d__Bacteria;<br>p__Proteobacteria;<br>c__Alphaproteobacteria;<br>o__Magnetococcales;<br>f__;<br>g__;<br>s__	d__Bacteria;<br>p__Pseudomonadota;<br>c__Magnetococcia;<br>o__Magnetococcales;<br>f__UBA8363;<br>g__UBA8363;<br>s__UBA8363 sp002753735	"<a href=""https://www.ncbi.nlm.nih.gov/datasets/genome/GCA_015234015.1"">NCBI</a>"	"<a href=""https://gtdb.ecogenomic.org/genome?gid=GCA_015234015.1"">GTDB</a>"	SAMN15005581	PRJNA400260	JADFWW000000000	Illumina HiSeq	2020-11-04 00:00:00	Institute of Geology and Geophysics, Chinese Academy of Sciences	Expanding magnetic organelle biogenesis in the domain Bacteria	33126926.0	10.1186/s40168-020-00931-9	2020	W Lin, et al.	China: Lake Dianchi	freshwater	24.908133 N 102.74605 E	(24.9033068, 102.7596249, 0.0)	24.9033068	102.7596249	97.48	2.1	High	149	180801	4493558	54.13	47506	47143	Scaffold
GCA_015234035.1	Magnetococcales_bacterium_nDCbin2	d__Bacteria;<br>p__Proteobacteria;<br>c__Alphaproteobacteria;<br>o__Magnetococcales;<br>f__;<br>g__;<br>s__	d__Bacteria;<br>p__Pseudomonadota;<br>c__Magnetococcia;<br>o__Magnetococcales;<br>f__UBA8363;<br>g__UBA8363;<br>s__UBA8363 sp002753615	"<a href=""https://www.ncbi.nlm.nih.gov/datasets/genome/GCA_015234035.1"">NCBI</a>"	"<a href=""https://gtdb.ecogenomic.org/genome?gid=GCA_015234035.1"">GTDB</a>"	SAMN15005579	PRJNA400260	JADFWV000000000	Illumina HiSeq	2020-11-04 00:00:00	Institute of Geology and Geophysics, Chinese Academy of Sciences	Expanding magnetic organelle biogenesis in the domain Bacteria	33126926.0	10.1186/s40168-020-00931-9	2020	W Lin, et al.	China: Lake Dianchi	freshwater	24.908133 N 102.74605 E	(24.9033068, 102.7596249, 0.0)	24.9033068	102.7596249	94.91	2.52	High	311	95666	4466229	51.87	24333	22226	Scaffold
GCA_015234045.1	Magnetococcales_bacterium_nCLbin6	d__Bacteria;<br>p__Proteobacteria;<br>c__Alphaproteobacteria;<br>o__Magnetococcales;<br>f__;<br>g__;<br>s__	d__Bacteria;<br>p__Pseudomonadota;<br>c__Magnetococcia;<br>o__Magnetococcales;<br>f__JADFWU01;<br>g__JADFWU01;<br>s__JADFWU01 sp015234045	"<a href=""https://www.ncbi.nlm.nih.gov/datasets/genome/GCA_015234045.1"">NCBI</a>"	"<a href=""https://gtdb.ecogenomic.org/genome?gid=GCA_015234045.1"">GTDB</a>"	SAMN15005553	PRJNA400260	JADFWU000000000	Illumina HiSeq	2020-11-04 00:00:00	Institute of Geology and Geophysics, Chinese Academy of Sciences	Expanding magnetic organelle biogenesis in the domain Bacteria	33126926.0	10.1186/s40168-020-00931-9	2020	W Lin, et al.	Australia: Corunna Lake	freshwater	38.23694 S 144.42936 E	(-38.2382179, 144.4285999, 0.0)	-38.2382179	144.4285999	86.9	2.94	Medium	117	324607	3646512	47.56	61959	59251	Scaffold
GCA_015234065.1	Candidatus_Omnitrophica_bacterium_nCal2bin1	d__Bacteria;<br>p__Candidatus Omnitrophica;<br>c__;<br>o__;<br>f__;<br>g__;<br>s__	d__Bacteria;<br>p__Omnitrophota;<br>c__Koll11;<br>o__Zapsychrales;<br>f__Fredricksoniimonadaceae;<br>g__JADFWS01;<br>s__JADFWS01 sp015234065	"<a href=""https://www.ncbi.nlm.nih.gov/datasets/genome/GCA_015234065.1"">NCBI</a>"	"<a href=""https://gtdb.ecogenomic.org/genome?gid=GCA_015234065.1"">GTDB</a>"	SAMN15005518	PRJNA400260	JADFWS000000000	Illumina HiSeq	2020-11-04 00:00:00	Institute of Geology and Geophysics, Chinese Academy of Sciences	Expanding magnetic organelle biogenesis in the domain Bacteria	33126926.0	10.1186/s40168-020-00931-9	2020	W Lin, et al.	Australia: Lake Catani	freshwater	36.73274 S 146.81226 E	(-36.7361569, 146.8096375, 0.0)	-36.7361569	146.8096375	83.95	3.23	Medium	176	47664	1746582	51.48	15478	15478	Contig
GCA_015234085.1	Nitrospinae_bacterium_nARSLQbin3	d__Bacteria;<br>p__Nitrospinae;<br>c__;<br>o__;<br>f__;<br>g__;<br>s__	d__Bacteria;<br>p__Nitrospinota;<br>c__UBA7883;<br>o__UBA7883;<br>f__JACRLM01;<br>g__JADGAO01;<br>s__JADGAO01 sp015231995	"<a href=""https://www.ncbi.nlm.nih.gov/datasets/genome/GCA_015234085.1"">NCBI</a>"	"<a href=""https://gtdb.ecogenomic.org/genome?gid=GCA_015234085.1"">GTDB</a>"	SAMN15005484	PRJNA400260	JADFWQ000000000	Illumina HiSeq	2020-11-04 00:00:00	Institute of Geology and Geophysics, Chinese Academy of Sciences	Expanding magnetic organelle biogenesis in the domain Bacteria	33126926.0	10.1186/s40168-020-00931-9	2020	W Lin, et al.	China: Innermogolia	freshwater	47.19788 N 119.92877 E	(47.20458, 119.92181, 0.0)	47.20458	119.92181	76.98	0.05	Medium	440	43549	2637238	54.88	7942	7917	Scaffold
GCA_015234115.1	Magnetococcales_bacterium_nARSLQbin1	d__Bacteria;<br>p__Proteobacteria;<br>c__Alphaproteobacteria;<br>o__Magnetococcales;<br>f__;<br>g__;<br>s__	d__Bacteria;<br>p__Pseudomonadota;<br>c__Magnetococcia;<br>o__Magnetococcales;<br>f__Magnetaquicoccaceae;<br>g__JAANAU01;<br>s__JAANAU01 sp015234115	"<a href=""https://www.ncbi.nlm.nih.gov/datasets/genome/GCA_015234115.1"">NCBI</a>"	"<a href=""https://gtdb.ecogenomic.org/genome?gid=GCA_015234115.1"">GTDB</a>"	SAMN15005590	PRJNA400260	JADFWP000000000	Illumina HiSeq	2020-11-04 00:00:00	Institute of Geology and Geophysics, Chinese Academy of Sciences	Expanding magnetic organelle biogenesis in the domain Bacteria	33126926.0	10.1186/s40168-020-00931-9	2020	W Lin, et al.	China: Innermogolia	freshwater	47.19788 N 119.92877 E	(47.20458, 119.92181, 0.0)	47.20458	119.92181	70.17	0.0	Medium	161	188805	3310492	58.83	41237	37642	Scaffold
GCA_018606785.1	Candidatus_Magnetobacterium_sp._XYR	d__Bacteria;<br>p__Nitrospirae;<br>c__Nitrospira;<br>o__Nitrospirales;<br>f__Nitrospiraceae;<br>g__Candidatus Magnetobacterium;<br>s__	d__Bacteria;<br>p__Nitrospirota;<br>c__Thermodesulfovibrionia;<br>o__Thermodesulfovibrionales;<br>f__Magnetobacteriaceae;<br>g__Magnetobacterium;<br>s__Magnetobacterium sp002753685	"<a href=""https://www.ncbi.nlm.nih.gov/datasets/genome/GCA_018606785.1"">NCBI</a>"	"<a href=""https://gtdb.ecogenomic.org/genome?gid=GCA_018606785.1"">GTDB</a>"	SAMN18384533	PRJNA400260	JAGYWH000000000	Illumina HiSeq	2021-06-01 00:00:00	Institute of Geology and Geophysics, Chinese Academy of Sciences	Identification and Genomic Characterization of Two Previously Unknown Magnetotactic Nitrospirae	34385986.0	10.3389/fmicb.2021.690052	2021	Wensi Zhang	China: Shaanxi, Xianyang Lake	freshwater	34.33 N 108.72 E	(34.3287908, 108.7211303, 0.0)	34.3287908	108.7211303	96.06	2.73	High	195	210971	4233998	48.61	61028	61028	Scaffold
GCA_018606805.1	Candidatus_Magnetobacterium_sp._XYC	d__Bacteria;<br>p__Nitrospirae;<br>c__Nitrospira;<br>o__Nitrospirales;<br>f__Nitrospiraceae;<br>g__Candidatus Magnetobacterium;<br>s__	d__Bacteria;<br>p__Nitrospirota;<br>c__Thermodesulfovibrionia;<br>o__Thermodesulfovibrionales;<br>f__Magnetobacteriaceae;<br>g__XYC;<br>s__XYC sp018606805	"<a href=""https://www.ncbi.nlm.nih.gov/datasets/genome/GCA_018606805.1"">NCBI</a>"	"<a href=""https://gtdb.ecogenomic.org/genome?gid=GCA_018606805.1"">GTDB</a>"	SAMN18384534	PRJNA400260	JAGYWI000000000	Illumina HiSeq	2021-06-01 00:00:00	Institute of Geology and Geophysics, Chinese Academy of Sciences	Identification and Genomic Characterization of Two Previously Unknown Magnetotactic Nitrospirae	34385986.0	10.3389/fmicb.2021.690052	2021	Wensi Zhang	China: Shaanxi, Xianyang Lake	freshwater	34.33 N 108.72 E	(34.3287908, 108.7211303, 0.0)	34.3287908	108.7211303	99.94	1.82	High	91	361266	3588292	37.75	130433	130433	Scaffold
GCA_020523885.1	Candidatus_Liberimonas_magnetica_DUR002	d__Bacteria;<br>p__Elusimicrobia;<br>c__;<br>o__;<br>f__;<br>g__;<br>s__	d__Bacteria;<br>p__Elusimicrobiota;<br>c__Endomicrobia;<br>o__Endomicrobiales;<br>f__JAFGIL01;<br>g__JAJAPY01;<br>s__JAJAPY01 sp020523885	"<a href=""https://www.ncbi.nlm.nih.gov/datasets/genome/GCA_020523885.1"">NCBI</a>"	"<a href=""https://gtdb.ecogenomic.org/genome?gid=GCA_020523885.1"">GTDB</a>"	SAMN22164178	PRJNA769424	JAJAPY000000000	Oxford Nanopore MinION	2021-10-18 00:00:00	Research Center of Biotechnology RAS	Recovery and genome reconstruction of novel magnetotactic Elusimicrobiota from bog soil	36302955.0	10.1038/s41396-022-01339-z	2022	Maria Uzun	Russia: Moscow Region, Durykino ravine	bog soil	56.048889 N 37.164722 E	(56.0504784, 37.1536644, 0.0)	56.0504784	37.1536644	94.38	0.0	High	29	432506	3394123	39.76	185704	119702	Scaffold
GCA_020523905.1	Candidatus_Obscuribacterium_magneticum_DUR003	d__Bacteria;<br>p__Elusimicrobia;<br>c__;<br>o__;<br>f__;<br>g__;<br>s__	d__Bacteria;<br>p__Elusimicrobiota;<br>c__Elusimicrobia;<br>o__F11;<br>f__F11;<br>g__FEN-1177;<br>s__FEN-1177 sp020523905	"<a href=""https://www.ncbi.nlm.nih.gov/datasets/genome/GCA_020523905.1"">NCBI</a>"	"<a href=""https://gtdb.ecogenomic.org/genome?gid=GCA_020523905.1"">GTDB</a>"	SAMN22164179	PRJNA769424	JAJAPZ000000000	Oxford Nanopore MinION	2021-10-18 00:00:00	Research Center of Biotechnology RAS	Recovery and genome reconstruction of novel magnetotactic Elusimicrobiota from bog soil	36302955.0	10.1038/s41396-022-01339-z	2022	Maria Uzun	Russia: Moscow Region, Durykino ravine	bog soil	56.048889 N 37.164722 E	(56.0504784, 37.1536644, 0.0)	56.0504784	37.1536644	75.84	3.37	Medium	137	184798	2891406	52.84	46489	46489	Scaffold
GCA_022321325.1	Candidatus_Magnetominusculus_sp._LBB02	d__Bacteria;<br>p__Nitrospirae;<br>c__Nitrospira;<br>o__Nitrospirales;<br>f__Nitrospiraceae;<br>g__Candidatus Magnetominusculus;<br>s__	d__Bacteria;<br>p__Nitrospirota;<br>c__Thermodesulfovibrionia;<br>o__Thermodesulfovibrionales;<br>f__Magnetobacteriaceae;<br>g__Magnetominusculus;<br>s__Magnetominusculus sp022321325	"<a href=""https://www.ncbi.nlm.nih.gov/datasets/genome/GCA_022321325.1"">NCBI</a>"	"<a href=""https://gtdb.ecogenomic.org/genome?gid=GCA_022321325.1"">GTDB</a>"	SAMN25538131	PRJNA802353	JAKOEO000000000	DNBSEQ (MGI); Oxford Nanopore Technologies (ONT)	2022-02-17 00:00:00	SciBear OU	Detection of interphylum transfers of the magnetosome gene cluster in magnetotactic bacteria	35979495.0	10.3389/fmicb.2022.945734	2022	Maria Uzun	Russia: Moscow region, Shatura district, Lake Beloe Bordukovskoe	freshwater	55.63 N 39.74 E	(55.6201778, 39.7283484, 0.0)	55.6201778	39.7283484	91.52	0.0	High	142	137133	3471208	47.48	44214	19684	Scaffold
GCA_022321425.1	Syntrophales_bacterium_LBB04			"<a href=""https://www.ncbi.nlm.nih.gov/datasets/genome/GCA_022321425.1"">NCBI</a>"	"<a href=""https://gtdb.ecogenomic.org/genome?gid=GCA_022321425.1"">GTDB</a>"	SAMN25538218	PRJNA802356	JAKOEP000000000	DNBSEQ (MGI); Oxford Nanopore Technologies (ONT)	2022-02-17 00:00:00	SciBear OU	Detection of interphylum transfers of the magnetosome gene cluster in magnetotactic bacteria	35979495.0	10.3389/fmicb.2022.945734	2022	Maria Uzun	Russia: Moscow region, Shatura district, Lake Beloe Bordukovskoe	freshwater	55.63 N 39.74 E	(55.6201778, 39.7283484, 0.0)	55.6201778	39.7283484	60.18	0.0	Medium	2129	31737	4495917	50.45	2222	2212	Scaffold
GCA_024275975.1	Nitrospirota_bacterium_Dive96_bin3.242	d__Bacteria;<br>p__Nitrospirae;<br>c__;<br>o__;<br>f__;<br>g__;<br>s__	d__Bacteria;<br>p__Nitrospirota;<br>c__Thermodesulfovibrionia;<br>o__Thermodesulfovibrionales;<br>f__UBA6898;<br>g__JAJRYC01;<br>s__JAJRYC01 sp024275975	"<a href=""https://www.ncbi.nlm.nih.gov/datasets/genome/GCA_024275975.1"">NCBI</a>"	"<a href=""https://gtdb.ecogenomic.org/genome?gid=GCA_024275975.1"">GTDB</a>"	SAMN22253383	PRJNA771178	JAJRYC000000000	Illumina Hiseq X-ten	2022-07-15 00:00:00	Second Organization of Oceanography, State Oceanic Administration	Metagenomic Features Characterized with Microbial Iron Oxidoreduction and Mineral Interaction in Southwest Indian Ridge	36286994.0	10.1128/spectrum.00614-22	2022	YW Zhong, et al.	Indian Ocean: Longqi hydrothermal vent field, ultraslow-spreading Southwestern Indian Ridge	hydrothermal vent microbiome	37.78 S 49.64 E		-37.78	49.64	98.06	0.91	High	111	118029	2513600	46.6	32562	32562	Contig
GCA_900093605.1	Candidatus_Terasakiella_magnetica_PR-1			"<a href=""https://www.ncbi.nlm.nih.gov/datasets/genome/GCA_900093605.1"">NCBI</a>"	"<a href=""https://gtdb.ecogenomic.org/genome?gid=GCA_900093605.1"">GTDB</a>"	SAMEA4346298	PRJEB14583	FLYE00000000	-	2016-08-26 00:00:00	CNRS	Genomic study of a novel magnetotactic Alphaproteobacteria uncovers the multiple ancestry of magnetotaxis	30043533.0	10.1111/1462-2920.14364	2018	Caroline L Monteil	France: Pointe Rouge Marina in Marseille	marine	43.24398450838104, 5.365513234566837	(43.243975649999996, 5.365716371842706, 0.0)	43.24397565	5.36571637184271	100.0	0.62	High	32	710783	3682454	45.97	253666	253666	Contig
GCA_900170035.1	Desulfamplus_magnetovallimortis_BW-1			"<a href=""https://www.ncbi.nlm.nih.gov/datasets/genome/GCA_900170035.1"">NCBI</a>"	"<a href=""https://gtdb.ecogenomic.org/genome?gid=GCA_900170035.1"">GTDB</a>"	SAMEA100367668	PRJEB14757	FWEV00000000	-	2017-03-29 00:00:00	CNRS	Desulfamplus magnetovallimortis gen. nov., sp. nov., a magnetotactic bacterium from a brackish desert spring able to biomineralize greigite and magnetite, that represents a novel lineage in the Desulfobacteraceae	28622795.0	10.1016/j.syapm.2017.05.001	2017	Elodie C T Descamps	USA: Death Valley National Park	brackish	36.51174265397417, -117.07949679803254	(36.29256785, -117.19885209898713, 0.0)	36.29256785	-117.198852098987	95.97	2.15	High	108	1093269	6677998	40.72	274785	52376	Scaffold
GCA_900659855.1	uncultured_Desulfobacteraceae_bacterium_CR-1	d__Bacteria;<br>p__Proteobacteria;<br>c__Deltaproteobacteria;<br>o__Desulfobacterales;<br>f__Desulfobacteraceae;<br>g__;<br>s__	d__Bacteria;<br>p__Desulfobacterota;<br>c__Desulfobacteria;<br>o__Desulfobacterales;<br>f__CR-1;<br>g__CR-1;<br>s__CR-1 sp900659855	"<a href=""https://www.ncbi.nlm.nih.gov/datasets/genome/GCA_900659855.1"">NCBI</a>"	"<a href=""https://gtdb.ecogenomic.org/genome?gid=GCA_900659855.1"">GTDB</a>"	SAMEA5216008	PRJEB30760	CAACVI000000000	-	2019-04-11 00:00:00	Genoscope CEA	Ectosymbiotic bacteria at the origin of magnetoreception in a marine protist	31036911.0	10.1038/s41564-019-0432-7	2019	CL Monteil, et al.	France: Carry-le-Rouet	marine	43.334222° N, 5.175278° E	(43.3347308, 5.1751194913, 0.0)	43.3347308	5.1751194913	98.06	1.29	High	46	505962	3253206	54.03	317600	317600	Contig
GCA_902725215.1	Rhodospirillaceae_bacterium_LM-1	d__Bacteria;<br>p__Proteobacteria;<br>c__Alphaproteobacteria;<br>o__Rhodospirillales;<br>f__Rhodospirillaceae;<br>g__;<br>s__	d__Bacteria;<br>p__Pseudomonadota;<br>c__Alphaproteobacteria;<br>o__Rhodospirillales;<br>f__WMHbin7;<br>g__WMHbin7;<br>s__WMHbin7 sp902725215	"<a href=""https://www.ncbi.nlm.nih.gov/datasets/genome/GCA_902725215.1"">NCBI</a>"	"<a href=""https://gtdb.ecogenomic.org/genome?gid=GCA_902725215.1"">GTDB</a>"	SAMEA6378407	PRJEB35448	CACUVI000000000	-	2020-01-16 00:00:00	CNRS	Repeated horizontal gene transfers triggered parallel evolution of magnetotaxis in two evolutionary divergent lineages of magnetotactic bacteria	32296121.0	10.1038/s41396-020-0647-x	2020	CL Monteil, et al.	Boulder Beach, Lake Mead, Nevada	freshwater	"36.0461°N
114.7965°W"	(36.0427571, -114.7999856, 0.0)	36.0427571	-114.7999856	98.51	0.0	High	24	535938	3571800	59.52	364589	364589	Contig
GCA_902729415.1	Candidatus_Terasakiella_magnetica_PR1	d__Bacteria;<br>p__Proteobacteria;<br>c__Alphaproteobacteria;<br>o__Rhodospirillales;<br>f__Terasakiellaceae;<br>g__Terasakiella;<br>s__Candidatus Terasakiella magnetica	d__Bacteria;<br>p__Pseudomonadota;<br>c__Alphaproteobacteria;<br>o__Rhodospirillales;<br>f__Magnetospirillaceae;<br>g__Phaeospirillum;<br>s__Phaeospirillum magnetica_A	"<a href=""https://www.ncbi.nlm.nih.gov/datasets/genome/GCA_902729415.1"">NCBI</a>"	"<a href=""https://gtdb.ecogenomic.org/genome?gid=GCA_902729415.1"">GTDB</a>"	SAMEA4346298	PRJEB35444	CACVCF000000000	-	2020-02-27 00:00:00	CNRS	Repeated horizontal gene transfers triggered parallel evolution of magnetotaxis in two evolutionary divergent lineages of magnetotactic bacteria	32296121.0	10.1038/s41396-020-0647-x	2020	CL Monteil, et al.	France: Couze Pavin, Auvergne	freshwater	45°30′35.0″N, 2°54′12.6″E	(45.5088229, 2.9018778, 0.0)	45.5088229	2.9018778	100.0	1.26	High	122	287696	4205848	62.83	100312	97241	Scaffold
GCA_902729425.1	Magnetospirillum_sp._SS-4			"<a href=""https://www.ncbi.nlm.nih.gov/datasets/genome/GCA_902729425.1"">NCBI</a>"	"<a href=""https://gtdb.ecogenomic.org/genome?gid=GCA_902729425.1"">GTDB</a>"	SAMEA6378406	PRJEB35447	CACVCH000000000	-	2020-02-12 00:00:00	CNRS	Repeated horizontal gene transfers triggered parallel evolution of magnetotaxis in two evolutionary divergent lineages of magnetotactic bacteria	32296121.0	10.1038/s41396-020-0647-x	2020	CL Monteil, et al.	"Alamo River near the
Salton Sea, California"	brackish	"33.1993° N
115.5973° W"	(33.201109, -115.602421, 0.0)	33.201109	-115.602421	100.0	0.25	High	101	443645	4518863	66.03	175174	145995	Scaffold
GCA_902729435.1	Magnetospirillum_sp._UT-4			"<a href=""https://www.ncbi.nlm.nih.gov/datasets/genome/GCA_902729435.1"">NCBI</a>"	"<a href=""https://gtdb.ecogenomic.org/genome?gid=GCA_902729435.1"">GTDB</a>"	SAMEA6378405	PRJEB35446	CACVCG000000000	-	2020-02-12 00:00:00	CNRS	Repeated horizontal gene transfers triggered parallel evolution of magnetotaxis in two evolutionary divergent lineages of magnetotactic bacteria	32296121.0	10.1038/s41396-020-0647-x	2020	CL Monteil, et al.	"Pond near Zion National
Park, Utah"	freshwater	"37.2399°N
113.1497°W"	(37.2452462, -113.1446629, 0.0)	37.2452462	-113.1446629	99.5	0.5	High	94	233061	4005051	68.88	92932	80597	Scaffold
GCA_902729445.1	Magnetospirillum_sp._LM-5			"<a href=""https://www.ncbi.nlm.nih.gov/datasets/genome/GCA_902729445.1"">NCBI</a>"	"<a href=""https://gtdb.ecogenomic.org/genome?gid=GCA_902729445.1"">GTDB</a>"	SAMEA6378404	PRJEB35445	CACVCE000000000	-	2020-02-12 00:00:00	CNRS	Repeated horizontal gene transfers triggered parallel evolution of magnetotaxis in two evolutionary divergent lineages of magnetotactic bacteria	32296121.0	10.1038/s41396-020-0647-x	2020	CL Monteil, et al.	"Boulder Beach,
Lake Mead, Nevada"	freshwater	"36.0461°N
114.7965°W"	(36.0427571, -114.7999856, 0.0)	36.0427571	-114.7999856	100.0	1.0	High	71	323312	3903923	65.48	141579	141579	Scaffold
GCA_937425535.1	Rhodovastum_atsumiense_G2-11			"<a href=""https://www.ncbi.nlm.nih.gov/datasets/genome/GCA_937425535.1"">NCBI</a>"	"<a href=""https://gtdb.ecogenomic.org/genome?gid=GCA_937425535.1"">GTDB</a>"	SAMEA13915331	PRJEB52102		-	2022-05-03 00:00:00	Genoscope CEA	Silent gene clusters encode magnetic organelle biosynthesis in a non-magnetotactic phototrophic bacterium	36517527.0	10.1038/s41396-022-01348-y	2023	M V Dziuba	Japan: Atsumi Peninsula	freshwater	34°43′N, 137°22′E	34.716389, 137.366607	34.716389	137.366607	99.5	0.54	High	9	6482810	7423543	68.56	6482810	6482810	Complete Genome
IMG_2264265205	Planctomycetes_bacterium_SCGC_JGI090-P21			"<a href=""https://www.ncbi.nlm.nih.gov/datasets/genome/IMG_2264265205"">NCBI</a>"	"<a href=""https://gtdb.ecogenomic.org/genome?gid=IMG_2264265205"">GTDB</a>"	SAMN02745919	PRJNA165609	-	-	2015-08-06 00:00:00	-	Unravelling the diversity of magnetotactic bacteria through analysis of open genomic databases	32737307.0	10.1038/s41597-020-00593-0	2020	Maria Uzun	Greece: Aitoliko Lagoon	brackish	38.4825 N 21.315 E	(38.4884872, 21.2875175, 0.0)	38.4884872	21.2875175	38.87	2.19	Low	242	43469	1230646	49.2	12722	-	-
IMG_2651870060	Unclassified_Nitrospina_Bin_25			"<a href=""https://www.ncbi.nlm.nih.gov/datasets/genome/IMG_2651870060"">NCBI</a>"	"<a href=""https://gtdb.ecogenomic.org/genome?gid=IMG_2651870060"">GTDB</a>"	-	-	-	-	2016-12-19 00:00:00	-	Unravelling the diversity of magnetotactic bacteria through analysis of open genomic databases	32737307.0	10.1038/s41597-020-00593-0	2020	Maria Uzun	northern gulf of mexico hypoxic zone	brackish	25.559724256587067, -90.38104391023542		25.55972	-90.381043	92.31	4.27	High	431	56394	4158979	37.69	11956	-	-
IMG_3300001419	Rhodospirillaceae_bacterium_MAG_01419_mvb_30			"<a href=""https://www.ncbi.nlm.nih.gov/datasets/genome/IMG_3300001419"">NCBI</a>"	"<a href=""https://gtdb.ecogenomic.org/genome?gid=IMG_3300001419"">GTDB</a>"	SAMN13494278	PRJNA593847		-	-	-	Unravelling the diversity of magnetotactic bacteria through analysis of open genomic databases	32737307.0	10.1038/s41597-020-00593-0	2020	M Uzun, et al.	Greece: Etoliko Lagoon	brackish	38.4825 N 21.315 E	(38.4884872, 21.2875175, 0.0)	38.4884872	21.2875175	94.58	4.1	High	477	31874	2811682	55.72	7268	-	-
IMG_3300015153	Omnitrophica_bacterium_SCGC_AG-290-C17			"<a href=""https://www.ncbi.nlm.nih.gov/datasets/genome/IMG_3300015153"">NCBI</a>"	"<a href=""https://gtdb.ecogenomic.org/genome?gid=IMG_3300015153"">GTDB</a>"	SAMN07630144	PRJNA404658	-	Illumina NextSeq-HO	2017-06-04 00:00:00	-	Unravelling the diversity of magnetotactic bacteria through analysis of open genomic databases	32737307.0	10.1038/s41597-020-00593-0	2020	Maria Uzun	USA: Nevada	freshwater, cold creek	36.9648 N 116.7241 W	(37.1312714, -116.8425033, 0.0)	37.1312714	-116.8425033	62.84	0.0	Medium	171	37668	1712617	48.6	13921	-	-
IMG_3300022116	Uncultured_microorganism_SbSrfc_SA12_01_D19			"<a href=""https://www.ncbi.nlm.nih.gov/datasets/genome/IMG_3300022116"">NCBI</a>"	"<a href=""https://gtdb.ecogenomic.org/genome?gid=IMG_3300022116"">GTDB</a>"	SAMN08778123	PRJNA441863	-	Illumina NextSeq-HO	2018-02-10 00:00:00	-	Unravelling the diversity of magnetotactic bacteria through analysis of open genomic databases	32737307.0	10.1038/s41597-020-00593-0	2020	Maria Uzun	Sweden: Oskarshamn	groundwater	57.4344 N 16.6600 E	(57.4354483, 16.6691272, 0.0)	57.4354483	16.6691272	49.13	0.0	Low	175	102060	2501480	52.6	25257	-	-
