Accession,ID,GTDB_r220_classification,Number_of_contigs,Size (bp),GC (%),N50,Number of CDS,Number of tRNAs,tRNAs,Number of rRNA genes,Number of 5S rRNA gene,Number of 16S rRNA gene,Number of 23S rRNA gene,CheckM completeness(%),CheckM contamination(%),CheckM2 completeness(%)(GB_model),CheckM2 completeness(%)(NN_model),CheckM2 contamination(%),BUSCO completeness(%),BUSCO contamination(%),pass.GUNC,Organism Name,Bioproject accession,Biosample accession,WGS accession,Assembly level,Sequencing platform,Submission date,Submitter,PMID,Publish_date,Title,Author,DOI,Journal,Geographic location,Geographic coordinates,latitude,longitude,Geographic coordinates_reports_origin,Environment,Environment (note),recognized_as_MTB_through_magnetic_cell_enrichment,recognized_as_putative_MTB_through_MGC_identification
GCA_000009985.1,GCA_000009985.1_Magnetospirillum_magneticum_AMB-1,d__Bacteria;p__Pseudomonadota;c__Alphaproteobacteria;o__Rhodospirillales;f__Magnetospirillaceae;g__Phaeospirillum;s__Phaeospirillum magneticum,1,4967148,65.09,4967148,4617,20,"{'Ala', 'Lys', 'Thr', 'Val', 'Trp', 'Ile', 'Met', 'Gln', 'Leu', 'Asn', 'Glu', 'Pro', 'Ser', 'Cys', 'Arg', 'Asp', 'Gly', 'Phe', 'His', 'Tyr'}",6,2,2,2,99,0,100,100,1.31,94.3,0.8,TRUE,Paramagnetospirillum_magneticum_AMB-1,PRJNA16217,SAMD00061077,-,Complete Genome,-,2016/9/28,"Tokyo University of Agriculture and Technology, Japan",16303747,2005,Complete genome sequence of the facultative anaerobic magnetotactic bacterium Magnetospirillum sp. strain AMB-1,"T Matsunaga, et al.",10.1093/dnares/dsi002,DNA Res,"Japan: Koganei, Tokyo",35.69322019924865 N 139.51000916768828 E,35.6932202,139.5100092,Google map,freshwater,freshwater,Yes,No
GCA_000010665.1,GCA_000010665.1_Solidesulfovibrio_magneticus_RS-1,d__Bacteria;p__Desulfobacterota;c__Desulfovibrionia;o__Desulfovibrionales;f__Desulfovibrionaceae;g__Solidesulfovibrio;s__Solidesulfovibrio magneticus,3,5315620,62.67,5248049,4554,21,"{'Ala', 'Lys', 'Thr', 'Val', 'Trp', 'Ile', 'Met', 'Gln', 'Leu', 'Asn', 'Glu', 'Pro', 'Ser', 'Cys', 'Arg', 'Asp', 'Gly', 'SeC', 'Phe', 'His', 'Tyr'}",9,3,3,3,100,0,98.92,100,0.53,93.5,0.8,TRUE,Solidesulfovibrio_magneticus_RS-1,PRJDA32105,SAMD00060954,-,Complete Genome,-,2016/9/28,National Institute of Technology and Evaluation,19675025,2009,Whole genome sequence of Desulfovibrio magneticus strain RS-1 revealed common gene clusters in magnetotactic bacteria,"H Nakazawa, et al.",10.1101/gr.088906.108,Genome Res,Japan: Kameno river,34.174844027425266 N 135.23713936732472 E,34.17484403,135.2371394,Google map,freshwater,freshwater,Yes,No
GCA_000014865.1,GCA_000014865.1_Magnetococcus_marinus_MC-1,d__Bacteria;p__Pseudomonadota;c__Magnetococcia;o__Magnetococcales;f__Magnetococcaceae;g__Magnetococcus;s__Magnetococcus marinus,1,4719581,54.17,4719581,3912,20,"{'Ala', 'Lys', 'Thr', 'Val', 'Trp', 'Ile', 'Met', 'Gln', 'Leu', 'Asn', 'Glu', 'Pro', 'Ser', 'Cys', 'Arg', 'Asp', 'Gly', 'Phe', 'His', 'Tyr'}",9,3,3,3,98.32,0.84,100,99.99,0.28,99.2,0,TRUE,Magnetococcus_marinus_MC-1,PRJNA262,SAMN02598452,-,Complete Genome,-,2014/1/28,US DOE Joint Genome Institute,22581902,2012,"Magnetococcus marinus gen. nov., sp. nov., a marine, magnetotactic bacterium that represents a novel lineage (Magnetococcaceae fam. nov., Magnetococcales ord. nov.) at the base of the Alphaproteobacteria","DA Bazylinski, et al.",10.1099/ijs.0.038927-0,Int J Syst Evol Microbiol,"USA: Pettaquamscutt Estuary, Rhode Island",41.44221139400216 N 71.44088823326253 W,41.44221139,-71.44088823,Google map,marine,marine,Yes,No
GCA_000342045.1,GCA_000342045.1_Magnetospirillum_caucaseum_SO-1,d__Bacteria;p__Pseudomonadota;c__Alphaproteobacteria;o__Rhodospirillales;f__Magnetospirillaceae;g__Phaeospirillum;s__Phaeospirillum caucaseum,203,4859560,65.99,55386,4509,21,"{'Ala', 'Lys', 'Thr', 'Val', 'Trp', 'Ile', 'Met', 'Gln', 'Leu', 'Asn', 'Glu', 'Pro', 'Ser', 'Cys', 'Arg', 'Asp', 'Gly', 'SeC', 'Phe', 'His', 'Tyr'}",3,1,1,1,99.5,0.5,100,99.99,0.11,99.2,0.8,TRUE,Paramagnetospirillum_caucaseum_SO-1,PRJNA187412,SAMN02469417,AONQ00000000,Contig,454 GS-FLX Titanium,2013/12/19,Centre Bioengineering RAS,24723706,2014,"Draft Genome Sequence of Magnetospirillum sp. Strain SO-1, a Freshwater Magnetotactic Bacterium Isolated from the Ol&#x27;khovka River, Russia","DS Grouzdev, et al.",10.1128/genomeA.00235-14,Genome Announc,Russia:Krasnodar krai,43.8940 N 42.7209 E,43.894,42.7209,Biosample/Paper,freshwater,freshwater,Yes,No
GCA_000478645.1,GCA_000478645.1_Latescibacteria_bacterium_SCGC_AAA252-B13,d__Bacteria;p__Latescibacterota;c__Latescibacteria;o__Latescibacterales;f__Latescibacteraceae;g__Latescibacter;s__,138,1759976,40.86,23078,1507,11,"{'Ser', 'Cys', 'Arg', 'Met', 'Val', 'Asp', 'Leu', 'Ala', 'Glu', 'Thr', 'Pro'}",2,1,0,1,43.99,0,42.87,47.72,0,46,0,TRUE,Latescibacteria_bacterium_SCGC_AAA252-B13,PRJNA192325,SAMN02440557,ASWY00000000,Contig,Illumina HiSeq 2000,2013/12/11,DOE Joint Genome Institute,25382584,2014,A putative greigite-type magnetosome gene cluster from the candidate phylum Latescibacteria,"W Lin, et al.",10.1111/1758-2229.12234,Environ Microbiol Rep,USA: Sakinaw Lake,49.67280586494438 N 124.02881336742824 W,49.67280586,-124.0288134,Google map,brackish,brackish,No,Yes
GCA_000513295.1,GCA_000513295.1_Magnetospirillum_gryphiswaldense_MSR-1_v2,d__Bacteria;p__Pseudomonadota;c__Alphaproteobacteria;o__Rhodospirillales;f__Magnetospirillaceae;g__Magnetospirillum;s__Magnetospirillum gryphiswaldense,1,4365796,63.28,4365796,4106,20,"{'Ala', 'Lys', 'Thr', 'Val', 'Trp', 'Ile', 'Met', 'Gln', 'Leu', 'Asn', 'Glu', 'Pro', 'Ser', 'Cys', 'Arg', 'Asp', 'Gly', 'Phe', 'His', 'Tyr'}",6,2,2,2,99.88,0,100,100,0.2,98.4,0.8,TRUE,Magnetospirillum_gryphiswaldense_MSR-1_v2,PRJEB4690,SAMEA3138838,-,Complete Genome,-,2014/11/21,CHINA-AGRICULTURAL-UNIVERSITY,24625872,2014,Complete Genome Sequence of Magnetospirillum gryphiswaldense MSR-1,"X Wang, et al.",10.1128/genomeA.00171-14,Genome Announc,Germany: Ryck River,54.10188087632118 N 13.389197505968982 E,54.10188088,13.38919751,Google map,freshwater,freshwater,Yes,No
GCA_000516475.1,GCA_000516475.1_Candidatus_Magnetoglobus_multicellularis_str._Araruama,d__Bacteria;p__Desulfobacterota;c__Desulfobacteria;o__Desulfobacterales;f__Magnetomoraceae;g__Magnetomorum;s__,3705,12453848,37.27,6143,10534,21,"{'Ala', 'Lys', 'Thr', 'Val', 'Trp', 'Ile', 'Met', 'Gln', 'Leu', 'Asn', 'Glu', 'Pro', 'Ser', 'Cys', 'Arg', 'Asp', 'Gly', 'SeC', 'Phe', 'His', 'Tyr'}",5,2,1,2,98.21,19.24,92.6,100,13.62,86.3,2.4,TRUE,Candidatus_Magnetoglobus_multicellularis_str._Araruama,PRJNA52963,SAMN02597425,ATBP00000000,Contig,454,2014/1/27,LNCC,24196322,2013,Deciphering unusual uncultured magnetotactic multicellular prokaryotes through genomics,"F Abreu, et al.",10.1038/ismej.2013.203,ISME J,Brazil: Araruama Lagoon,22.8333 S 42.2166 W,-22.8333,-42.2166,Biosample/Paper,hypersaline,hypersaline,Yes,No
GCA_000714715.1,GCA_000714715.1_Candidatus_Magnetobacterium_casensis_MYR-1,d__Bacteria;p__Nitrospirota;c__Thermodesulfovibrionia;o__Thermodesulfovibrionales;f__Magnetobacteriaceae;g__Magnetobacterium;s__Magnetobacterium casense,70,3415676,48.87,90253,3153,20,"{'Ala', 'Lys', 'Thr', 'Val', 'Trp', 'Ile', 'Met', 'Gln', 'Leu', 'Asn', 'Glu', 'Pro', 'Ser', 'Cys', 'Arg', 'Asp', 'Gly', 'Phe', 'His', 'Tyr'}",3,1,1,1,92.42,0.91,92.43,86.53,0.17,88.7,0,TRUE,Candidatus_Magnetobacterium_casense_MYR-1,PRJNA236065,SAMN02726339,JMFO00000000,Contig,454,2014/4/14,"Institute of Geology and Geophysics, Chinese Academy of Sciences",24914800,2014,Genomic insights into the uncultured genus &#x27;Candidatus Magnetobacterium&#x27; in the phylum Nitrospirae,"W Lin, et al.",10.1038/ismej.2014.94,ISME J,"China: Lake Miyun, Beijing",40.49863762226092 N 116.99163193698311 E,40.49863762,116.9916319,Google map,freshwater,freshwater,Yes,No
GCA_000829825.1,GCA_000829825.1_Magnetospirillum_magnetotacticum_MS-1,d__Bacteria;p__Pseudomonadota;c__Alphaproteobacteria;o__Rhodospirillales;f__Magnetospirillaceae;g__Phaeospirillum;s__Phaeospirillum magnetotacticum,33,4523005,63.56,541957,4152,20,"{'Ala', 'Lys', 'Thr', 'Val', 'Trp', 'Ile', 'Met', 'Gln', 'Leu', 'Asn', 'Glu', 'Pro', 'Ser', 'Cys', 'Arg', 'Asp', 'Gly', 'Phe', 'His', 'Tyr'}",5,3,1,1,99.5,0,100,100,0.06,98.4,0.8,TRUE,Paramagnetospirillum_magnetotacticum_MS-1,PRJNA272834,SAMN03287305,JXSL00000000,Contig,Illumina HiSeq,2015/1/17,California Institute of Technology,25838488,2015,Genome Sequence of Magnetospirillum magnetotacticum Strain MS-1,"MD Smalley, et al.",10.1128/genomeA.00233-15,Genome Announc,"USA: Cedar Swamp, Massachusetts",42.59672121109787 N 70.76937573804732 W,42.59672121,-70.76937574,Google map,freshwater,freshwater,Yes,No
GCA_000954095.1,GCA_000954095.1_Candidatus_Omnitrophus_magneticus_SKK-01,d__Bacteria;p__Omnitrophota;c__Koll11;o__Tantalellales;f__Tantalellaceae;g__Omnitrophus_A;s__Omnitrophus_A magneticus,511,3065551,35.7,15704,2436,20,"{'Ala', 'Lys', 'Thr', 'Val', 'Trp', 'Ile', 'Met', 'Gln', 'Leu', 'Asn', 'Glu', 'Pro', 'Ser', 'Cys', 'Arg', 'Asp', 'Gly', 'Phe', 'His', 'Tyr'}",3,1,1,1,95.1,46.77,97.5,92.95,8.29,88.7,1.6,FALSE,Candidatus_Omnitrophus_magneticus_SKK-01,PRJNA273957,SAMN03316882,JYNY00000000,Contig,Illumina MiSeq,2015/1/29,Max Planck Institute for Marine Microbiology,26060021,2015,Single-cell genomics of uncultivated deep-branching magnetotactic bacteria reveals a conserved set of magnetosome genes,"S Kolinko, et al.",10.1111/1462-2920.12907,Environ Microbiol,"Germany: Lake Chiemsee, Bavaria",47.869440 N 12.398015 E,47.86944,12.398015,Biosample/Paper,freshwater,freshwater,Yes,No
GCA_000960725.1,GCA_000960725.1_Candidatus_Magnetoovum_chiemensis_CS-04,d__Bacteria;p__Nitrospirota;c__Thermodesulfovibrionia;o__Thermodesulfovibrionales;f__Magnetobacteriaceae;g__;s__,863,3721812,40.39,9961,3562,20,"{'Ala', 'Lys', 'Thr', 'Val', 'Trp', 'Ile', 'Met', 'Gln', 'Leu', 'Asn', 'Glu', 'Pro', 'Ser', 'Cys', 'Arg', 'Asp', 'Gly', 'SeC', 'His', 'Tyr'}",3,1,1,1,88.1,16.27,92.84,92.11,9.46,79,4.8,TRUE,Candidatus_Magnetoovum_chiemensis_CS-04,PRJNA274216,SAMN03323779,JZJI00000000,Contig,Illumina MiSeq,2015/2/2,Max Planck Institute for Marine Microbiology,26060021,2015,Single-cell genomics of uncultivated deep-branching magnetotactic bacteria reveals a conserved set of magnetosome genes,"S Kolinko, et al.",10.1111/1462-2920.12907,Environ Microbiol,"Germany: Lake Chiemsee, Bavaria",47.869440 N 12.398015 E,47.86944,12.398015,Biosample/Paper,freshwater,freshwater,Yes,No
GCA_000963235.1,GCA_000963235.1_Candidatus_Magnetobacterium_bavaricum_TM-1,d__Bacteria;p__Nitrospirota;c__Thermodesulfovibrionia;o__Thermodesulfovibrionales;f__Magnetobacteriaceae;g__Magnetobacterium;s__,2147,6087939,47.36,4856,6035,21,"{'Ala', 'Lys', 'Thr', 'Val', 'Trp', 'Ile', 'Met', 'Gln', 'Leu', 'Asn', 'Glu', 'Pro', 'Ser', 'Cys', 'Arg', 'Asp', 'Gly', 'SeC', 'Phe', 'His', 'Tyr'}",4,1,1,2,94.09,34.5,99.68,97.16,24.46,79.8,12.9,TRUE,Candidatus_Magnetobacterium_bavaricum_TM-1,PRJNA274247,SAMN03324062,LACI00000000,Scaffold,Illumina MiSeq,2015/2/2,Max Planck Institute for Marine Microbiology,20406295,2010,"Cultivation-independent characterization of &#x27;Candidatus Magnetobacterium bavaricum&#x27; via ultrastructural, geochemical, ecological and metagenomic methods","C Jogler, et al.",10.1111/j.1462-2920.2010.02220.x,Environ Microbiol,"Germany: Lake Chiemsee, Bavaria",47.869440 N 12.398015 E,47.86944,12.398015,Biosample/Paper,freshwater,freshwater,Yes,No
GCA_000968135.1,GCA_000968135.1_Magnetospira_sp._QH-2,d__Bacteria;p__Pseudomonadota;c__Alphaproteobacteria;o__Rhodospirillales_A;f__Magnetospiraceae;g__Magnetospira;s__Magnetospira sp000968135,2,4052370,59.44,4021307,3804,20,"{'Ala', 'Lys', 'Thr', 'Val', 'Trp', 'Ile', 'Met', 'Gln', 'Leu', 'Asn', 'Glu', 'Pro', 'Ser', 'Cys', 'Arg', 'Asp', 'Gly', 'Phe', 'His', 'Tyr'}",6,2,2,2,99.5,1,99.3,99.96,0.43,99.2,0,TRUE,Magnetospira_sp._QH-2,PRJEB1386,SAMEA3283111,-,Complete Genome,-,2015/3/6,Genoscope CEA,23841906,2013,Comparative genomic analysis provides insights into the evolution and niche adaptation of marine Magnetospira sp. QH-2 strain,"B Ji, et al.",10.1111/1462-2920.12180,Environ Microbiol,"Huiquan Bay, Qingdao, China",36.05239497110082 N 120.3371792345723 E,36.05239497,120.3371792,Google map,marine,marine,Yes,No
GCA_001292585.1,GCA_001292585.1_Candidatus_Magnetomorum_sp._HK-1,d__Bacteria;p__Desulfobacterota;c__Desulfobacteria;o__Desulfobacterales;f__Magnetomoraceae;g__Magnetomorum;s__,2715,14146258,34.61,18233,9452,21,"{'Ala', 'Lys', 'Thr', 'Val', 'Trp', 'Ile', 'Met', 'Gln', 'Leu', 'Asn', 'Glu', 'Pro', 'Ser', 'Cys', 'Arg', 'Asp', 'Gly', 'SeC', 'Phe', 'His', 'Tyr'}",3,1,1,1,96.94,3.57,94.35,100,6.16,90.3,2.4,TRUE,Candidatus_Magnetomorum_sp._HK-1,PRJNA252699,SAMN02854536,JPDT00000000,Contig,Illumnia MiSeq,2014/6/13,Ludwig-Maximilians-Universitaet Munich,25079475,2014,Single-cell genomics reveals potential for magnetite and greigite biomineralization in an uncultivated multicellular magnetotactic prokaryote,"S Kolinko, et al.",10.1111/1758-2229.12198,Environ Microbiol Rep,"Germany:Wadden Sea, near Cuxhaven",53.890580 N 8.678464 E,53.89058,8.678464,Biosample/Paper,marine,coastal tidal sand flats,Yes,No
GCA_001303405.1,GCA_001303405.1_Nitrospira_bacterium_SG8_35_4,d__Bacteria;p__Nitrospirota;c__Thermodesulfovibrionia;o__UBA6902;f__UBA6902;g__;s__,292,2692108,46.5,9622,2639,11,"{'Ser', 'Arg', 'Val', 'Met', 'Gln', 'SeC', 'Leu', 'Ala', 'Glu', 'Thr', 'Pro'}",0,0,0,0,70.97,12.18,73.44,74.86,7,69.4,10.5,TRUE,Nitrospira_bacterium_SG8_35_4,PRJNA270657,SAMN03994174,LJTM00000000,Contig,Illumina,2015/8/14,University of Texas,28557300,2017,Diversity and ecology of and biomineralization by magnetotactic bacteria,"W Lin, et al.",10.1111/1758-2229.12550,Environ Microbiol Rep,"USA: White Oak River Estuary, North Carolina",34.7414 N 77.1234 W,34.7414,-77.1234,Biosample/Paper,brackish,"sulfate-rich zone estuary, White Oak River Estuary, North Carolina",No,Yes
GCA_001303605.1,GCA_001303605.1_Planctomycetes_bacterium_SM23_25,d__Bacteria;p__Planctomycetota;c__Phycisphaerae;o__FEN-1346;f__FEN-1346;g__JAUVZF01;s__,418,3770408,66.68,9069,3088,18,"{'Ser', 'Cys', 'Arg', 'Val', 'Met', 'Gln', 'Leu', 'Asn', 'Gly', 'Trp', 'Glu', 'Ala', 'Lys', 'His', 'Thr', 'Pro', 'Tyr', 'Ile'}",5,2,1,2,62.78,3.98,58.91,51.86,2.29,52.4,1.6,TRUE,Planctomycetes_bacterium_SM23_25,PRJNA270657,SAMN03994192,LJTY00000000,Scaffold,Illumina,2015/8/14,University of Texas,28557300,2017,Diversity and ecology of and biomineralization by magnetotactic bacteria,"W Lin, et al.",10.1111/1758-2229.12550,Environ Microbiol Rep,"USA: White Oak River Estuary, North Carolina",34.7414 N 77.1234 W,34.7414,-77.1234,Biosample/Paper,brackish,"Sulfate-methane transisition zone estuary, White Oak River Estuary, North Carolina",No,Yes
GCA_001511835.1,GCA_001511835.1_Magnetospirillum_sp._XM-1_XM1,d__Bacteria;p__Pseudomonadota;c__Alphaproteobacteria;o__Rhodospirillales;f__Magnetospirillaceae;g__Phaeospirillum;s__Phaeospirillum sp001511835,2,4992477,65.67,4825187,4581,21,"{'Ala', 'Lys', 'Thr', 'Val', 'Trp', 'Ile', 'Met', 'Gln', 'Leu', 'Asn', 'Glu', 'Pro', 'Ser', 'Cys', 'Arg', 'Asp', 'Gly', 'SeC', 'Phe', 'His', 'Tyr'}",6,2,2,2,99.5,0,100,100,0.21,99.2,0.8,TRUE,Magnetospirillum_sp._XM-1_XM1,PRJEB11958,SAMEA3682505,-,Complete Genome,-,2016/1/7,IGGCAS,27795283,2016,"Complete Genome Sequence of Magnetospirillum sp. Strain XM-1, Isolated from the Xi'an City Moat, China","Y Wang, et al.",10.1128/genomeA.01171-16,Genome Announc,China: Xi'an City moat,34.2527 N 108.9203 E,34.2527,108.9203,Biosample/Paper,freshwater,freshwater,Yes,No
GCA_001541255.1,GCA_001541255.1_Candidatus_Magnetominusculus_xianensis_HCH-1,d__Bacteria;p__Nitrospirota;c__Thermodesulfovibrionia;o__Thermodesulfovibrionales;f__Magnetobacteriaceae;g__Magnetominusculus;s__Magnetominusculus xianensis,152,3593273,45.37,45767,3335,20,"{'Ala', 'Lys', 'Thr', 'Val', 'Trp', 'Ile', 'Met', 'Gln', 'Leu', 'Glu', 'Pro', 'Ser', 'Cys', 'Arg', 'Asp', 'Gly', 'SeC', 'Phe', 'His', 'Tyr'}",4,1,1,2,98.18,0.91,100,99.99,0.62,94.3,0.8,TRUE,Candidatus_Magnetominusculus_xianensis_HCH-1,PRJNA300727,SAMN04229298,LNQR00000000,Contig,Illumina HiSeq,2015/11/1,"Institute of Geology and Geophysics, Chinese Academy of Sciences",28193877,2017,Origin of microbial biomineralization and magnetotaxis during the Archean,"W Lin, et al.",10.1073/pnas.1614654114,Proc Natl Acad Sci U S A,"China: city moat, Xi'an",34.25287 N 108.92187 E,34.25287,108.92187,Biosample/Paper,freshwater,freshwater,Yes,No
GCA_001650635.1,GCA_001650635.1_Magnetospirillum_moscoviense_BB-1,d__Bacteria;p__Pseudomonadota;c__Alphaproteobacteria;o__Rhodospirillales;f__Magnetospirillaceae;g__Magnetospirillum;s__Magnetospirillum moscoviense,207,4164497,65.18,52974,3863,21,"{'Ala', 'Lys', 'Thr', 'Val', 'Trp', 'Ile', 'Met', 'Gln', 'Leu', 'Asn', 'Glu', 'Pro', 'Ser', 'Cys', 'Arg', 'Asp', 'Gly', 'SeC', 'Phe', 'His', 'Tyr'}",3,1,1,1,100,0,100,100,0.11,98.4,0.8,TRUE,Magnetospirillum_moscoviense_BB-1,PRJNA318449,SAMN04851435,LWQU00000000,Contig,Illumina HiSeq,2016/4/14,Research Center of Biotechnology RAS,26921147,2016,"Magnetospirillum caucaseum sp. nov., Magnetospirillum marisnigri sp. nov. and Magnetospirillum moscoviense sp. nov., freshwater magnetotactic bacteria isolated from three distinct geographical locations in European Russia","M Dziuba, et al.",10.1099/ijsem.0.000994,Int J Syst Evol Microbiol,Russia: Moskva River,55.792661 N 37.409944 E,55.792661,37.409944,Biosample/Paper,freshwater,freshwater,Yes,No
GCA_001650715.1,GCA_001650715.1_Magnetospirillum_marisnigri_SP-1,d__Bacteria;p__Pseudomonadota;c__Alphaproteobacteria;o__Rhodospirillales;f__Magnetospirillaceae;g__Phaeospirillum;s__Phaeospirillum marisnigri,131,4619819,64.73,168256,4238,20,"{'Ala', 'Lys', 'Thr', 'Val', 'Trp', 'Ile', 'Met', 'Gln', 'Leu', 'Asn', 'Glu', 'Pro', 'Ser', 'Cys', 'Arg', 'Asp', 'Gly', 'Phe', 'His', 'Tyr'}",3,1,1,1,100,0,100,99.99,0.44,99.2,0.8,TRUE,Paramagnetospirillum_marisnigri_SP-1,PRJNA318445,SAMN04851434,LWQT00000000,Scaffold,Illumina HiSeq,2016/4/14,Research Center of Biotechnology RAS,26921147,2016,"Magnetospirillum caucaseum sp. nov., Magnetospirillum marisnigri sp. nov. and Magnetospirillum moscoviense sp. nov., freshwater magnetotactic bacteria isolated from three distinct geographical locations in European Russia","M Dziuba, et al.",10.1099/ijsem.0.000994,Int J Syst Evol Microbiol,Russia: Pshada River,44.389272 N 38.336217 E,44.389272,38.336217,Biosample/Paper,freshwater,freshwater,Yes,No
GCA_001746755.1,GCA_001746755.1_Magnetovibrio_blakemorei_MV-1,d__Bacteria;p__Pseudomonadota;c__Alphaproteobacteria;o__Rhodospirillales_A;f__Magnetovibrionaceae;g__Magnetovibrio;s__Magnetovibrio blakemorei,91,3638804,54.29,95462,3531,20,"{'Ala', 'Lys', 'Thr', 'Val', 'Trp', 'Ile', 'Met', 'Gln', 'Leu', 'Asn', 'Glu', 'Pro', 'Ser', 'Cys', 'Arg', 'Asp', 'Gly', 'Phe', 'His', 'Tyr'}",3,1,1,1,98.51,0.5,98.42,99.99,0.15,98.4,0,TRUE,Magnetovibrio_blakemorei_MV-1,PRJNA335915,SAMN05467120,MCGG00000000,Contig,454; Sanger; Solexa,2016/7/31,Southwestern Oklahoma State University,27881550,2016,"Draft Genome Sequence of Magnetovibrio blakemorei Strain MV-1, a Marine Vibrioid Magnetotactic Bacterium","D Trubitsyn, et al.",10.1128/genomeA.01330-16,Genome Announc,"USA: salt marsh pool, Neponset River estuary, Boston, MA",41.27 N 71.04000000 W,41.27,-71.04,Biosample/Paper,marine,marine,Yes,No
GCA_001804395.1,GCA_001804395.1_Omnitrophica_WOR_2_bacterium_GWA2_45_18,d__Bacteria;p__Omnitrophota;c__Koll11;o__Zapsychrales;f__Zapsychraceae;g__UBA10174;s__UBA10174 sp003528115,24,2335743,46.36,133212,2049,17,"{'Ser', 'Arg', 'Met', 'Val', 'Asp', 'Gly', 'Leu', 'Asn', 'Gln', 'Trp', 'Ala', 'Glu', 'Lys', 'Phe', 'Thr', 'Pro', 'Tyr'}",3,1,1,1,83.99,1.08,90.52,95.34,0.01,80.6,0,TRUE,Omnitrophica_WOR_2_bacterium_GWA2_45_18,PRJNA288027,SAMN04314102,MHFX00000000,Scaffold,Illumina HiSeq2000,2015/12/3,"Banfield Lab, University of California, Berkeley",29581530,2018,Genomic expansion of magnetotactic bacteria reveals an early common origin of magnetotaxis with lineage-specific evolution,"W Lin, et al.",10.1038/s41396-018-0098-9,ISME J,"USA: Rifle, CO",39.5369 N 107.7828 W,39.5369,-107.7828,Biosample/Paper,subsurface/deep subsurface,"Rifle well CD01 at time point 1 / A; 5m depth; 0.2 filter; adjecent to Colorado river, Rifle, CO, USA",No,Yes
GCA_001805405.1,GCA_001805405.1_Omnitrophica_WOR_2_bacterium_GWC2_45_7,d__Bacteria;p__Omnitrophota;c__Koll11;o__Zapsychrales;f__Zapsychraceae;g__UBA10174;s__UBA10174 sp003528115,98,1340072,45.06,15451,1243,14,"{'Ser', 'Cys', 'Arg', 'Val', 'Met', 'Gly', 'Leu', 'Gln', 'Trp', 'Glu', 'Ala', 'Lys', 'Thr', 'Pro'}",1,0,1,0,56.31,0,67.43,59.32,0.03,55.6,0,TRUE,Omnitrophica_WOR_2_bacterium_GWC2_45_7,PRJNA288027,SAMN04313925,MHGD00000000,Scaffold,Illumina HiSeq2000,2015/12/3,"Banfield Lab, University of California, Berkeley",29581530,2018,Genomic expansion of magnetotactic bacteria reveals an early common origin of magnetotaxis with lineage-specific evolution,"W Lin, et al.",10.1038/s41396-018-0098-9,ISME J,"USA: Rifle, CO",39.5369 N 107.7828 W,39.5369,-107.7828,Biosample/Paper,subsurface/deep subsurface,"Rifle well CD01 at time point 3 / C; 5m depth; 0.2 filter; adjecent to Colorado river, Rifle, CO, USA",No,Yes
GCA_002105535.1,GCA_002105535.1_Magnetospirillum_sp._ME-1,d__Bacteria;p__Pseudomonadota;c__Alphaproteobacteria;o__Rhodospirillales;f__Magnetospirillaceae;g__Phaeospirillum;s__Phaeospirillum sp002105535,1,4551873,65.63,4551873,4155,20,"{'Ala', 'Lys', 'Thr', 'Val', 'Trp', 'Ile', 'Met', 'Gln', 'Leu', 'Asn', 'Glu', 'Pro', 'Ser', 'Cys', 'Arg', 'Asp', 'Gly', 'Phe', 'His', 'Tyr'}",6,2,2,2,99.5,0.5,100,100,0.11,99.2,0.8,TRUE,Magnetospirillum_sp._ME-1,PRJNA280242,SAMN03459117,-,Complete Genome,Illumina Hiseq 2500,2015/4/3,"Wuhan institute of Virology, Chinese academy of science",28839012,2017,"Complete Genome Sequence of Magnetospirillum sp. ME-1, a Novel Magnetotactic Bacterium Isolated from East Lake, Wuhan, China","L Ke, et al.",10.1128/genomeA.00485-17,Genome Announc,"China: East Lake sediment, Wuhan city",30.55 N 114.36 E,30.55,114.36,Biosample/Paper,freshwater,freshwater,Yes,No
GCA_002109495.1,GCA_002109495.1_Magnetofaba_australis_IT-1,d__Bacteria;p__Pseudomonadota;c__Magnetococcia;o__Magnetococcales;f__Magnetococcaceae;g__Magnetofaba;s__Magnetofaba australis,21,4986701,61.3,705613,4270,21,"{'Ala', 'Lys', 'Thr', 'Val', 'Pyl', 'Trp', 'Ile', 'Met', 'Gln', 'Leu', 'Asn', 'Glu', 'Pro', 'Ser', 'Cys', 'Arg', 'Asp', 'Gly', 'Phe', 'His', 'Tyr'}",6,2,2,2,98.74,0.84,100,99.83,0.59,96.8,0,TRUE,Magnetofaba_australis_IT-1,PRJNA316067,SAMN04574817,LVJN00000000,Contig,454,2016/3/23,LNCC,27801294,2016,Combined genomic and structural analyses of a cultured magnetotactic bacterium reveals its niche adaptation to a dynamic environment,"AC Araujo, et al.",10.1186/s12864-016-3064-9,BMC Genomics,"Brazil: Itaipu Lagoon, Niteroi, Rio de Janeiro State",22.9644167 S 43.0459472 W,-22.9644167,-43.0459472,Biosample/Paper,brackish,brackish to marine coastal lagoon,Yes,No
GCA_002401485.1,GCA_002401485.1_Elusimicrobia_bacterium_NORP122,d__Bacteria;p__Elusimicrobiota;c__Elusimicrobia;o__UBA1565;f__UBA1565;g__UBA1565;s__UBA1565 sp002401485,191,2913226,54.93,19622,2675,18,"{'Ser', 'Cys', 'Arg', 'Met', 'Val', 'Asp', 'Gly', 'Leu', 'Gln', 'Asn', 'Trp', 'Glu', 'Ala', 'Lys', 'His', 'Thr', 'Pro', 'Ile'}",6,2,1,3,74.06,1.82,78.32,77.96,1.95,74.2,0,TRUE,Elusimicrobiota_bacterium_NORP122,PRJNA391950,SAMN07568936,NVTF00000000,Contig,Illumina HiSeq,2017/8/28,University of Southern California,32737307,2020,Unravelling the diversity of magnetotactic bacteria through analysis of open genomic databases,"M Uzun, et al.",10.1038/s41597-020-00593-0,Sci Data,Atlantic Ocean: North Pond,24.5464232590787 N 46.49654978817962 W,24.54642326,-46.49654979,Google map,marine,marine,No,Yes
GCA_002686765.1,GCA_002686765.1_Magnetovibrio_sp._ARS8,d__Bacteria;p__Pseudomonadota;c__Alphaproteobacteria;o__Rhodospirillales_A;f__JADFTO01;g__GCA-2686765;s__GCA-2686765 sp013349695,197,2019305,59.64,10605,1926,10,"{'Arg', 'Met', 'Val', 'Asp', 'Gln', 'Leu', 'Gly', 'Glu', 'Thr', 'Pro'}",0,0,0,0,62.87,1,64.25,65.78,1.7,64.5,0.8,TRUE,Magnetovibrio_sp._ARS8,PRJNA391943,SAMN07619307,NYYL00000000,Contig,Illumina HiSeq,2017/9/7,Tara Oceans Consortium,32737307,2020,Unravelling the diversity of magnetotactic bacteria through analysis of open genomic databases,"M Uzun, et al.",10.1038/s41597-020-00593-0,Sci Data,Indian Ocean:Northwest Arabian Sea Upwelling Province,12.233732409004206 N 64.40798572321344 E,12.23373241,64.40798572,Google map,marine,marine pelagic biome,No,Yes
GCA_002753095.1,GCA_002753095.1_Magnetococcales_bacterium_YD0425bin7,d__Bacteria;p__Pseudomonadota;c__Magnetococcia;o__Magnetococcales;f__Magnetaquicoccaceae;g__Magnetaquicoccus;s__Magnetaquicoccus sp002753095,177,3583729,55.67,34600,3152,19,"{'Ala', 'Lys', 'Thr', 'Val', 'Trp', 'Ile', 'Met', 'Gln', 'Leu', 'Asn', 'Glu', 'Pro', 'Ser', 'Arg', 'Asp', 'Gly', 'Phe', 'His', 'Tyr'}",1,1,0,0,96.42,1.68,91.86,87.23,1.69,91.9,0,TRUE,Magnetococcales_bacterium_YD0425bin7,PRJNA400260,SAMN07556472,PDZU00000000,Scaffold,Illumina HiSeq,2017/8/24,"Institute of Geology and Geophysics, Chinese Academy of Sciences",29581530,2018,Genomic expansion of magnetotactic bacteria reveals an early common origin of magnetotaxis with lineage-specific evolution,"W Lin, et al.",10.1038/s41396-018-0098-9,ISME J,China: Yuandadu Park,39.974732 N 116.368688 E,39.974732,116.368688,Biosample/Paper,freshwater,freshwater,Yes,No
GCA_002753105.1,GCA_002753105.1_Deltaproteobacteria_bacterium_YD0425bin50,d__Bacteria;p__Desulfobacterota;c__Desulfobacteria;o__Desulfobacterales;f__YD0425bin50;g__YD0425bin50;s__YD0425bin50 sp002753105,589,4970345,36.91,11398,3937,19,"{'Ala', 'Lys', 'Thr', 'Val', 'Met', 'Gln', 'Leu', 'Asn', 'Glu', 'Pro', 'Ser', 'Cys', 'Arg', 'Asp', 'Gly', 'SeC', 'Phe', 'His', 'Tyr'}",4,2,1,1,80.69,2.26,75.07,83.77,2.11,62.1,0.8,TRUE,Deltaproteobacteria_bacterium_YD0425bin50,PRJNA400260,SAMN07572860,PDZT00000000,Scaffold,Illumina HiSeq,2017/8/30,"Institute of Geology and Geophysics, Chinese Academy of Sciences",29581530,2018,Genomic expansion of magnetotactic bacteria reveals an early common origin of magnetotaxis with lineage-specific evolution,"W Lin, et al.",10.1038/s41396-018-0098-9,ISME J,China: Yuandadu Park,39.974732 N 116.368688 E,39.974732,116.368688,Biosample/Paper,freshwater,freshwater,Yes,No
GCA_002753135.1,GCA_002753135.1_Magnetococcales_bacterium_WMHbinv6,d__Bacteria;p__Pseudomonadota;c__Magnetococcia;o__Magnetococcales;f__Magnetaquicoccaceae;g__Magnetaquicoccus;s__Magnetaquicoccus sp002753135,80,3839927,55.32,85378,3232,20,"{'Ala', 'Lys', 'Thr', 'Val', 'Trp', 'Ile', 'Met', 'Gln', 'Leu', 'Asn', 'Glu', 'Pro', 'Ser', 'Cys', 'Arg', 'Asp', 'Gly', 'Phe', 'His', 'Tyr'}",4,2,1,1,95.8,2.52,96.64,98.25,1.55,89.5,0,TRUE,Magnetococcales_bacterium_WMHbinv6,PRJNA400260,SAMN07572859,PDZV00000000,Scaffold,Illumina HiSeq,2017/8/30,"Institute of Geology and Geophysics, Chinese Academy of Sciences",29581530,2018,Genomic expansion of magnetotactic bacteria reveals an early common origin of magnetotaxis with lineage-specific evolution,"W Lin, et al.",10.1038/s41396-018-0098-9,ISME J,China: Lake Weiming,39.993142 N 116.30256 E,39.993142,116.30256,Biosample/Paper,freshwater,freshwater,Yes,No
GCA_002753155.1,GCA_002753155.1_Alphaproteobacteria_bacterium_WMHbin7,d__Bacteria;p__Pseudomonadota;c__Alphaproteobacteria;o__Rhodospirillales;f__WMHbin7;g__WMHbin7;s__WMHbin7 sp002753155,73,2984788,59.84,91589,2921,18,"{'Ser', 'Cys', 'Arg', 'Met', 'Val', 'Asp', 'Gln', 'Leu', 'Gly', 'Asn', 'Trp', 'Ala', 'Phe', 'His', 'Thr', 'Pro', 'Tyr', 'Ile'}",3,1,1,1,91.54,0.12,93.17,87.2,0.73,87.1,0.8,TRUE,Alphaproteobacteria_bacterium_WMHbin7,PRJNA400260,SAMN07572858,PDZW00000000,Scaffold,Illumina HiSeq,2017/8/30,"Institute of Geology and Geophysics, Chinese Academy of Sciences",29581530,2018,Genomic expansion of magnetotactic bacteria reveals an early common origin of magnetotaxis with lineage-specific evolution,"W Lin, et al.",10.1038/s41396-018-0098-9,ISME J,China: Lake Weiming,39.993142 N 116.30256 E,39.993142,116.30256,Biosample/Paper,freshwater,freshwater,Yes,No
GCA_002753185.1,GCA_002753185.1_Magnetococcales_bacterium_WMHbin3,d__Bacteria;p__Pseudomonadota;c__Magnetococcia;o__Magnetococcales;f__Magnetaquicoccaceae;g__WMHbin3;s__WMHbin3 sp002753185,157,4601373,61.61,51212,4023,19,"{'Ala', 'Lys', 'Thr', 'Val', 'Trp', 'Ile', 'Met', 'Gln', 'Leu', 'Asn', 'Glu', 'Pro', 'Ser', 'Arg', 'Asp', 'Gly', 'Phe', 'His', 'Tyr'}",4,2,1,1,93.53,2.1,93.14,92.03,2.44,91.1,1.6,TRUE,Magnetococcales_bacterium_WMHbin3,PRJNA400260,SAMN07572857,PDZX00000000,Scaffold,Illumina HiSeq,2017/8/30,"Institute of Geology and Geophysics, Chinese Academy of Sciences",29581530,2018,Genomic expansion of magnetotactic bacteria reveals an early common origin of magnetotaxis with lineage-specific evolution,"W Lin, et al.",10.1038/s41396-018-0098-9,ISME J,China: Lake Weiming,39.993142 N 116.30256 E,39.993142,116.30256,Biosample/Paper,freshwater,freshwater,Yes,No
GCA_002753215.1,GCA_002753215.1_Magnetococcales_bacterium_WMHbin1,d__Bacteria;p__Pseudomonadota;c__Magnetococcia;o__Magnetococcales;f__UBA8363;g__UBA8363;s__UBA8363 sp002753735,242,4380192,54.3,24882,3798,20,"{'Ala', 'Lys', 'Thr', 'Val', 'Trp', 'Ile', 'Met', 'Gln', 'Leu', 'Asn', 'Glu', 'Pro', 'Ser', 'Cys', 'Arg', 'Asp', 'Gly', 'Phe', 'His', 'Tyr'}",1,1,0,0,98.32,2.94,99.17,99.98,0.73,94.4,0,TRUE,Magnetococcales_bacterium_WMHbin1,PRJNA400260,SAMN07556471,PDZY00000000,Scaffold,Illumina HiSeq,2017/8/24,"Institute of Geology and Geophysics, Chinese Academy of Sciences",29581530,2018,Genomic expansion of magnetotactic bacteria reveals an early common origin of magnetotaxis with lineage-specific evolution,"W Lin, et al.",10.1038/s41396-018-0098-9,ISME J,China: Lake Weiming,39.993142 N 116.30256 E,39.993142,116.30256,Biosample/Paper,freshwater,freshwater,Yes,No
GCA_002753225.1,GCA_002753225.1_Deltaproteobacteria_bacterium_YD0425bin51,d__Bacteria;p__Desulfobacterota;c__Desulfobacteria;o__Desulfobacterales;f__YD0425bin51;g__YD0425bin51;s__YD0425bin51 sp002753225,134,5221616,32.23,82896,4249,18,"{'Ser', 'Arg', 'Val', 'Met', 'Asp', 'Gly', 'Gln', 'Leu', 'SeC', 'Trp', 'His', 'Glu', 'Phe', 'Lys', 'Ala', 'Thr', 'Pro', 'Tyr'}",2,1,0,1,96.13,0.84,96.96,99.91,3.73,91.1,0.8,TRUE,Deltaproteobacteria_bacterium_YD0425bin51,PRJNA400260,SAMN07572861,PDZS00000000,Contig,Illumina HiSeq,2017/8/30,"Institute of Geology and Geophysics, Chinese Academy of Sciences",29581530,2018,Genomic expansion of magnetotactic bacteria reveals an early common origin of magnetotaxis with lineage-specific evolution,"W Lin, et al.",10.1038/s41396-018-0098-9,ISME J,China: Yuandadu Park,39.974732 N 116.368688 E,39.974732,116.368688,Biosample/Paper,freshwater,freshwater,Yes,No
GCA_002753255.1,GCA_002753255.1_Candidatus_Lambdaproteobacteria_bacterium_PCRbin3,d__Bacteria;p__SAR324;c__SAR324;o__SAR324;f__GCA-2753255;g__GCA-2753255;s__GCA-2753255 sp002753255,530,5059199,41.83,14906,4356,18,"{'Ser', 'Cys', 'Arg', 'Met', 'Val', 'Asp', 'Gly', 'Gln', 'SeC', 'Asn', 'Leu', 'Trp', 'Ala', 'Glu', 'His', 'Thr', 'Pro', 'Tyr'}",0,0,0,0,77.14,0.96,86.25,88.05,5.95,75,0.8,TRUE,Candidatus_Lambdaproteobacteria_bacterium_PCRbin3,PRJNA400260,SAMN07556470,PDZZ00000000,Contig,Illumina HiSeq,2017/8/24,"Institute of Geology and Geophysics, Chinese Academy of Sciences",29581530,2018,Genomic expansion of magnetotactic bacteria reveals an early common origin of magnetotaxis with lineage-specific evolution,"W Lin, et al.",10.1038/s41396-018-0098-9,ISME J,Australia: Punkally Creek,36.23413 S 150.06798 E,-36.23413,150.06798,Biosample/Paper,brackish,brackish,Yes,No
GCA_002753275.1,GCA_002753275.1_Zetaproteobacteria_bacterium_PCbin4,d__Bacteria;p__Pseudomonadota;c__Zetaproteobacteria;o__Mariprofundales;f__Mariprofundaceae;g__GCA-2753275;s__GCA-2753275 sp002753275,55,1864480,47.58,58094,1737,19,"{'Ala', 'Lys', 'Thr', 'Val', 'Trp', 'Met', 'Gln', 'Leu', 'Asn', 'Glu', 'Pro', 'Ser', 'Cys', 'Arg', 'Asp', 'Gly', 'Phe', 'His', 'Tyr'}",1,1,0,0,95.33,0.84,95.34,93.95,0.08,93.5,0,TRUE,Zetaproteobacteria_bacterium_PCbin4,PRJNA400260,SAMN07556469,PEAA00000000,Scaffold,Illumina HiSeq,2017/8/24,"Institute of Geology and Geophysics, Chinese Academy of Sciences",29581530,2018,Genomic expansion of magnetotactic bacteria reveals an early common origin of magnetotaxis with lineage-specific evolution,"W Lin, et al.",10.1038/s41396-018-0098-9,ISME J,Australia: Painkalac Creek,38.46575 S 144.09288 E,-38.46575,144.09288,Biosample/Paper,brackish,brackish,Yes,No
GCA_002753305.1,GCA_002753305.1_Nitrospirae_bacterium_MYbin6,d__Bacteria;p__Nitrospirota;c__Thermodesulfovibrionia;o__Thermodesulfovibrionales;f__Magnetobacteriaceae;g__Magnetominusculus;s__Magnetominusculus sp002753305,218,3596763,47.78,26590,3382,17,"{'Ser', 'Cys', 'Arg', 'Val', 'Met', 'Asp', 'Gln', 'SeC', 'Leu', 'Gly', 'Asn', 'Glu', 'Phe', 'Lys', 'Ala', 'Thr', 'Pro'}",2,1,0,1,85.35,2.73,84.65,88.53,3.12,59.7,2.4,TRUE,Nitrospirae_bacterium_MYbin6,PRJNA400260,SAMN07572855,PEAC00000000,Scaffold,Illumina HiSeq,2017/8/30,"Institute of Geology and Geophysics, Chinese Academy of Sciences",29581530,2018,Genomic expansion of magnetotactic bacteria reveals an early common origin of magnetotaxis with lineage-specific evolution,"W Lin, et al.",10.1038/s41396-018-0098-9,ISME J,China: Lake Miyun,40.48874 N 117.00714 E,40.48874,117.00714,Biosample/Paper,freshwater,freshwater,Yes,No
GCA_002753335.1,GCA_002753335.1_Nitrospirae_bacterium_MYbin3,d__Bacteria;p__Nitrospirota;c__Thermodesulfovibrionia;o__Thermodesulfovibrionales;f__Dissulfurispiraceae;g__MYbin3;s__MYbin3 sp002753335,66,2929370,44.36,86724,2815,19,"{'Ala', 'Lys', 'Thr', 'Val', 'Ile', 'Met', 'Gln', 'Leu', 'Asn', 'Glu', 'Pro', 'Ser', 'Cys', 'Arg', 'Asp', 'Gly', 'SeC', 'Phe', 'His'}",3,1,1,1,96.49,0.91,93.69,99.83,0.18,90.3,0,TRUE,Nitrospirae_bacterium_MYbin3,PRJNA400260,SAMN07572854,PEAD00000000,Scaffold,Illumina HiSeq,2017/8/30,"Institute of Geology and Geophysics, Chinese Academy of Sciences",29581530,2018,Genomic expansion of magnetotactic bacteria reveals an early common origin of magnetotaxis with lineage-specific evolution,"W Lin, et al.",10.1038/s41396-018-0098-9,ISME J,China: Lake Miyun,40.48874 N 117.00714 E,40.48874,117.00714,Biosample/Paper,freshwater,freshwater,Yes,No
GCA_002753395.1,GCA_002753395.1_Nitrospirae_bacterium_MYbinv3,d__Bacteria;p__Nitrospirota;c__Thermodesulfovibrionia;o__Thermodesulfovibrionales;f__Magnetobacteriaceae;g__Magnetobacterium;s__Magnetobacterium sp002753395,175,3713224,44.44,35197,3366,20,"{'Ala', 'Lys', 'Thr', 'Val', 'Trp', 'Met', 'Gln', 'Leu', 'Asn', 'Glu', 'Pro', 'Ser', 'Cys', 'Arg', 'Asp', 'Gly', 'SeC', 'Phe', 'His', 'Tyr'}",2,1,1,0,94.24,3.18,96.59,99.91,0.88,93.5,0,TRUE,Nitrospirae_bacterium_MYbinv3,PRJNA400260,SAMN07572856,PEAB00000000,Scaffold,Illumina HiSeq,2017/8/30,"Institute of Geology and Geophysics, Chinese Academy of Sciences",29581530,2018,Genomic expansion of magnetotactic bacteria reveals an early common origin of magnetotaxis with lineage-specific evolution,"W Lin, et al.",10.1038/s41396-018-0098-9,ISME J,China: Lake Miyun,40.48874 N 117.00714 E,40.48874,117.00714,Biosample/Paper,freshwater,freshwater,Yes,No
GCA_002753435.1,GCA_002753435.1_Nitrospirota_bacterium_HCHbin1,d__Bacteria;p__Nitrospirota;c__Thermodesulfovibrionia;o__Thermodesulfovibrionales;f__Magnetobacteriaceae;g__Magnetominusculus;s__Magnetominusculus xianensis,94,3692324,45.24,55039,3422,17,"{'Ser', 'Cys', 'Arg', 'Val', 'Met', 'Asp', 'Gly', 'Leu', 'Gln', 'Trp', 'Ala', 'Glu', 'Lys', 'His', 'Phe', 'Thr', 'Pro'}",0,0,0,0,98.18,0.91,100,100,0.6,94.3,0.8,TRUE,Nitrospirota_bacterium_HCHbin1,PRJNA400260,SAMN07556466,PEAH00000000,Scaffold,Illumina HiSeq,2017/8/24,"Institute of Geology and Geophysics, Chinese Academy of Sciences",29581530,2018,Genomic expansion of magnetotactic bacteria reveals an early common origin of magnetotaxis with lineage-specific evolution,"W Lin, et al.",10.1038/s41396-018-0098-9,ISME J,China: Xi'an city moat,34.25287 N 108.92187 E,34.25287,108.92187,Biosample/Paper,freshwater,freshwater,Yes,No
GCA_002753455.1,GCA_002753455.1_Nitrospirota_bacterium_MYbin2,d__Bacteria;p__Nitrospirota;c__Thermodesulfovibrionia;o__Thermodesulfovibrionales;f__Magnetobacteriaceae;g__Magnetobacterium;s__Magnetobacterium casense,89,3071492,48.79,62390,2813,19,"{'Ala', 'Lys', 'Thr', 'Val', 'Ile', 'Met', 'Gln', 'Leu', 'Asn', 'Glu', 'Pro', 'Ser', 'Cys', 'Arg', 'Asp', 'Gly', 'SeC', 'Phe', 'His'}",4,1,1,2,74,2.73,76.88,70.48,1.95,72.6,0,FALSE,Nitrospirota_bacterium_MYbin2,PRJNA400260,SAMN07556468,PEAE00000000,Scaffold,Illumina HiSeq,2017/8/24,"Institute of Geology and Geophysics, Chinese Academy of Sciences",29581530,2018,Genomic expansion of magnetotactic bacteria reveals an early common origin of magnetotaxis with lineage-specific evolution,"W Lin, et al.",10.1038/s41396-018-0098-9,ISME J,China: Lake Miyun,40.48874 N 117.00714 E,40.48874,117.00714,Biosample/Paper,freshwater,freshwater,Yes,No
GCA_002753465.1,GCA_002753465.1_Candidatus_Omnitrophica_bacterium_MBPbin6,d__Bacteria;p__Omnitrophota;c__Koll11;o__Zapsychrales;f__Fredricksoniimonadaceae;g__Fredricksoniimonas;s__Fredricksoniimonas sp002753465,150,2181257,49.49,24179,2022,16,"{'Ser', 'Arg', 'Val', 'Met', 'Gln', 'SeC', 'Leu', 'Gly', 'Glu', 'His', 'Lys', 'Phe', 'Ala', 'Thr', 'Pro', 'Tyr'}",0,0,0,0,68.4,2.15,64.42,75.85,2.28,53.2,0,TRUE,Candidatus_Omnitrophota_bacterium_MBPbin6,PRJNA400260,SAMN07556467,PEAF00000000,Contig,Illumina HiSeq,2017/8/24,"Institute of Geology and Geophysics, Chinese Academy of Sciences",29581530,2018,Genomic expansion of magnetotactic bacteria reveals an early common origin of magnetotaxis with lineage-specific evolution,"W Lin, et al.",10.1038/s41396-018-0098-9,ISME J,Australia: Mount Beauty Pondage,36.73874 S 147.16443 E,-36.73874,147.16443,Biosample/Paper,freshwater,freshwater,Yes,No
GCA_002753495.1,GCA_002753495.1_Magnetococcales_bacterium_HA3dbin3,d__Bacteria;p__Pseudomonadota;c__Magnetococcia;o__Magnetococcales;f__DC0425bin3;g__HA3dbin3;s__HA3dbin3 sp002753495,316,2895658,61.72,13187,2599,15,"{'Ser', 'Cys', 'Arg', 'Met', 'Gly', 'Leu', 'Gln', 'Asn', 'Ala', 'Phe', 'Lys', 'Glu', 'Thr', 'Pro', 'Ile'}",1,1,0,0,74.36,2.52,77.08,72.19,2.73,74.2,0,TRUE,Magnetococcales_bacterium_HA3dbin3,PRJNA400260,SAMN07572852,PEAJ00000000,Contig,Illumina HiSeq,2017/8/30,"Institute of Geology and Geophysics, Chinese Academy of Sciences",29581530,2018,Genomic expansion of magnetotactic bacteria reveals an early common origin of magnetotaxis with lineage-specific evolution,"W Lin, et al.",10.1038/s41396-018-0098-9,ISME J,"China: Pond, Hongan",31.173819 N 114.547642 E,31.173819,114.547642,Biosample/Paper,freshwater,freshwater,Yes,No
GCA_002753505.1,GCA_002753505.1_Magnetococcales_bacterium_HCHbin5,d__Bacteria;p__Pseudomonadota;c__Magnetococcia;o__Magnetococcales;f__Magnetaquicoccaceae;g__HCHbin5;s__HCHbin5 sp002753505,200,4188618,56.97,38237,3513,20,"{'Ala', 'Lys', 'Thr', 'Val', 'Trp', 'Ile', 'Met', 'Gln', 'Leu', 'Asn', 'Glu', 'Pro', 'Ser', 'Cys', 'Arg', 'Asp', 'Gly', 'Phe', 'His', 'Tyr'}",5,3,1,1,98.99,4.73,99.45,99.97,3.9,96.7,3.2,TRUE,Magnetococcales_bacterium_HCHbin5,PRJNA400260,SAMN07572853,PEAG00000000,Scaffold,Illumina HiSeq,2017/8/30,"Institute of Geology and Geophysics, Chinese Academy of Sciences",29581530,2018,Genomic expansion of magnetotactic bacteria reveals an early common origin of magnetotaxis with lineage-specific evolution,"W Lin, et al.",10.1038/s41396-018-0098-9,ISME J,China: Xi'an city moat,34.25287 N 108.92187 E,34.25287,108.92187,Biosample/Paper,freshwater,freshwater,Yes,No
GCA_002753515.1,GCA_002753515.1_Magnetococcales_bacterium_HA3dbin1,d__Bacteria;p__Pseudomonadota;c__Magnetococcia;o__Magnetococcales;f__UBA8363;g__UBA8363;s__UBA8363 sp002753515,134,4326896,53.32,54627,3638,20,"{'Ala', 'Lys', 'Thr', 'Val', 'Trp', 'Ile', 'Met', 'Gln', 'Leu', 'Asn', 'Glu', 'Pro', 'Ser', 'Cys', 'Arg', 'Asp', 'Gly', 'Phe', 'His', 'Tyr'}",1,1,0,0,96.57,3.36,97.59,99.98,1.53,92.7,4,TRUE,Magnetococcales_bacterium_HA3dbin1,PRJNA400260,SAMN07556464,PEAK00000000,Scaffold,Illumina HiSeq,2017/8/24,"Institute of Geology and Geophysics, Chinese Academy of Sciences",29581530,2018,Genomic expansion of magnetotactic bacteria reveals an early common origin of magnetotaxis with lineage-specific evolution,"W Lin, et al.",10.1038/s41396-018-0098-9,ISME J,"China: Pond, Hongan",31.173819 N 114.547642 E,31.173819,114.547642,Biosample/Paper,freshwater,freshwater,Yes,No
GCA_002753565.1,GCA_002753565.1_Magnetococcales_bacterium_ER1bin7,d__Bacteria;p__Pseudomonadota;c__Magnetococcia;o__Magnetococcales;f__UBA8363;g__GCA-2753565;s__GCA-2753565 sp002753565,92,3866744,52.3,116043,3392,19,"{'Ala', 'Lys', 'Thr', 'Val', 'Trp', 'Ile', 'Met', 'Gln', 'Leu', 'Asn', 'Glu', 'Pro', 'Ser', 'Arg', 'Asp', 'Gly', 'Phe', 'His', 'Tyr'}",3,2,0,1,99.11,1.68,99.43,99.74,3.26,98.4,0.8,TRUE,Magnetococcales_bacterium_ER1bin7,PRJNA400260,SAMN07556462,PEAM00000000,Scaffold,Illumina HiSeq,2017/8/24,"Institute of Geology and Geophysics, Chinese Academy of Sciences",29581530,2018,Genomic expansion of magnetotactic bacteria reveals an early common origin of magnetotaxis with lineage-specific evolution,"W Lin, et al.",10.1038/s41396-018-0098-9,ISME J,Australia: Erskine River,38.5338 S 143.97832 E,-38.5338,143.97832,Biosample/Paper,brackish,brackish,Yes,No
GCA_002753595.1,GCA_002753595.1_Magnetococcales_bacterium_HAa3bin1,d__Bacteria;p__Pseudomonadota;c__Magnetococcia;o__Magnetococcales;f__UBA8363;g__UBA8363;s__UBA8363 sp015228975,118,4347394,53.21,63208,3737,20,"{'Ala', 'Lys', 'Thr', 'Val', 'Trp', 'Ile', 'Met', 'Gln', 'Leu', 'Asn', 'Glu', 'Pro', 'Ser', 'Cys', 'Arg', 'Asp', 'Gly', 'Phe', 'His', 'Tyr'}",1,1,0,0,98.25,4.2,99.07,100,1.17,94.3,4,TRUE,Magnetococcales_bacterium_HAa3bin1,PRJNA400260,SAMN07556465,PEAI00000000,Scaffold,Illumina HiSeq,2017/8/24,"Institute of Geology and Geophysics, Chinese Academy of Sciences",29581530,2018,Genomic expansion of magnetotactic bacteria reveals an early common origin of magnetotaxis with lineage-specific evolution,"W Lin, et al.",10.1038/s41396-018-0098-9,ISME J,"China: Rice field, Hongan",31.174289 N 114.543941 E,31.174289,114.543941,Biosample/Paper,freshwater,freshwater,Yes,No
GCA_002753615.1,GCA_002753615.1_Magnetococcales_bacterium_DCbin2,d__Bacteria;p__Pseudomonadota;c__Magnetococcia;o__Magnetococcales;f__UBA8363;g__UBA8363;s__UBA8363 sp002753615,201,3364396,51.85,24837,3052,18,"{'Ser', 'Arg', 'Val', 'Met', 'Gln', 'Gly', 'Asn', 'Leu', 'Trp', 'Ala', 'Glu', 'Lys', 'His', 'Phe', 'Thr', 'Pro', 'Tyr', 'Ile'}",2,2,0,0,77.26,1.68,78.09,79.1,0.96,79.8,0.8,TRUE,Magnetococcales_bacterium_DCbin2,PRJNA400260,SAMN07572850,PEAO00000000,Scaffold,Illumina HiSeq,2017/8/30,"Institute of Geology and Geophysics, Chinese Academy of Sciences",29581530,2018,Genomic expansion of magnetotactic bacteria reveals an early common origin of magnetotaxis with lineage-specific evolution,"W Lin, et al.",10.1038/s41396-018-0098-9,ISME J,China: Lake Dianchi,24.908133 N 102.74605 E,24.908133,102.74605,Biosample/Paper,freshwater,freshwater,Yes,No
GCA_002753665.1,GCA_002753665.1_Magnetococcales_bacterium_DC0425bin3,d__Bacteria;p__Pseudomonadota;c__Magnetococcia;o__Magnetococcales;f__DC0425bin3;g__DC0425bin3;s__DC0425bin3 sp002753665,230,3696616,65.4,26687,3250,18,"{'Ser', 'Cys', 'Arg', 'Val', 'Met', 'Asp', 'Gln', 'Leu', 'Gly', 'Asn', 'Trp', 'His', 'Ala', 'Phe', 'Glu', 'Lys', 'Pro', 'Ile'}",2,2,0,0,98.32,1.68,99.64,99.95,0.9,95.2,0.8,TRUE,Magnetococcales_bacterium_DC0425bin3,PRJNA400260,SAMN07572849,PEAP00000000,Contig,Illumina HiSeq,2017/8/30,"Institute of Geology and Geophysics, Chinese Academy of Sciences",29581530,2018,Genomic expansion of magnetotactic bacteria reveals an early common origin of magnetotaxis with lineage-specific evolution,"W Lin, et al.",10.1038/s41396-018-0098-9,ISME J,China: Lake Dianchi,24.908133 N 102.74605 E,24.908133,102.74605,Biosample/Paper,freshwater,freshwater,Yes,No
GCA_002753685.1,GCA_002753685.1_Nitrospirota_bacterium_DC0425bin1,d__Bacteria;p__Nitrospirota;c__Thermodesulfovibrionia;o__Thermodesulfovibrionales;f__Magnetobacteriaceae;g__Magnetobacterium;s__Magnetobacterium sp002753685,107,4024796,49.04,75024,3623,21,"{'Ala', 'Lys', 'Thr', 'Val', 'Trp', 'Ile', 'Met', 'Gln', 'Leu', 'Asn', 'Glu', 'Pro', 'Ser', 'Cys', 'Arg', 'Asp', 'Gly', 'SeC', 'Phe', 'His', 'Tyr'}",3,1,1,1,96.97,1.82,98.57,99.8,0.51,93.5,0,TRUE,Nitrospirota_bacterium_DC0425bin1,PRJNA400260,SAMN07556461,PEAQ00000000,Scaffold,Illumina HiSeq,2017/8/24,"Institute of Geology and Geophysics, Chinese Academy of Sciences",29581530,2018,Genomic expansion of magnetotactic bacteria reveals an early common origin of magnetotaxis with lineage-specific evolution,"W Lin, et al.",10.1038/s41396-018-0098-9,ISME J,China: Lake Dianchi,24.908133 N 102.74605 E,24.908133,102.74605,Biosample/Paper,freshwater,freshwater,Yes,No
GCA_002753725.1,GCA_002753725.1_Deltaproteobacteria_bacterium_ER2bin7,d__Bacteria;p__Desulfobacterota;c__Desulfobacteria;o__Desulfobacterales;f__Magnetomoraceae;g__Magnetomorum;s__Magnetomorum sp002753725,653,5965504,38.47,12662,4225,18,"{'Ser', 'Cys', 'Arg', 'Val', 'Met', 'Asp', 'Gln', 'Leu', 'SeC', 'Gly', 'Trp', 'Glu', 'Ala', 'Lys', 'His', 'Phe', 'Thr', 'Pro'}",1,1,0,0,88.06,0.7,90.46,92.33,4.07,83.9,1.6,TRUE,Deltaproteobacteria_bacterium_ER2bin7,PRJNA400260,SAMN07556463,PEAL00000000,Scaffold,Illumina HiSeq,2017/8/24,"Institute of Geology and Geophysics, Chinese Academy of Sciences",29581530,2018,Genomic expansion of magnetotactic bacteria reveals an early common origin of magnetotaxis with lineage-specific evolution,"W Lin, et al.",10.1038/s41396-018-0098-9,ISME J,Australia: Erskine River,38.5359 S 143.97478 E,-38.5359,143.97478,Biosample/Paper,brackish,brackish,Yes,No
GCA_002753735.1,GCA_002753735.1_Magnetococcales_bacterium_DCbin4,d__Bacteria;p__Pseudomonadota;c__Magnetococcia;o__Magnetococcales;f__UBA8363;g__UBA8363;s__UBA8363 sp002753735,148,4521331,54.25,49732,3827,20,"{'Ala', 'Lys', 'Thr', 'Val', 'Trp', 'Ile', 'Met', 'Gln', 'Leu', 'Asn', 'Glu', 'Pro', 'Ser', 'Cys', 'Arg', 'Asp', 'Gly', 'Phe', 'His', 'Tyr'}",2,2,0,0,94.12,2.1,95.91,99.92,0.4,91.9,0,TRUE,Magnetococcales_bacterium_DCbin4,PRJNA400260,SAMN07572851,PEAN00000000,Scaffold,Illumina HiSeq,2017/8/30,"Institute of Geology and Geophysics, Chinese Academy of Sciences",29581530,2018,Genomic expansion of magnetotactic bacteria reveals an early common origin of magnetotaxis with lineage-specific evolution,"W Lin, et al.",10.1038/s41396-018-0098-9,ISME J,China: Lake Dianchi,24.908133 N 102.74605 E,24.908133,102.74605,Biosample/Paper,freshwater,freshwater,Yes,No
GCA_002753745.1,GCA_002753745.1_Candidatus_Omnitrophica_bacterium_Cal1bin1,d__Bacteria;p__Omnitrophota;c__Koll11;o__Zapsychrales;f__Fredricksoniimonadaceae;g__GCA-2753745;s__GCA-2753745 sp002753745,240,2540141,49.55,15133,2275,20,"{'Ala', 'Lys', 'Thr', 'Val', 'Trp', 'Ile', 'Met', 'Gln', 'Leu', 'Asn', 'Glu', 'Pro', 'Ser', 'Arg', 'Asp', 'Gly', 'SeC', 'Phe', 'His', 'Tyr'}",3,1,1,1,84.26,2.15,86.1,92.08,0.98,83.1,0,TRUE,Candidatus_Omnitrophota_bacterium_Cal1bin1,PRJNA400260,SAMN07556460,PEAR00000000,Scaffold,Illumina HiSeq,2017/8/24,"Institute of Geology and Geophysics, Chinese Academy of Sciences",29581530,2018,Genomic expansion of magnetotactic bacteria reveals an early common origin of magnetotaxis with lineage-specific evolution,"W Lin, et al.",10.1038/s41396-018-0098-9,ISME J,Australia: Lake Catani,36.73426 S 146.81119 E,-36.73426,146.81119,Biosample/Paper,freshwater,freshwater,Yes,No
GCA_003284725.1,GCA_003284725.1_Magnetospirillum_kuznetsovii_LBB-42,d__Bacteria;p__Pseudomonadota;c__Alphaproteobacteria;o__Rhodospirillales;f__Magnetospirillaceae;g__Phaeospirillum;s__Phaeospirillum kuznetsovii,69,4405793,63.44,215319,4129,20,"{'Ala', 'Lys', 'Thr', 'Val', 'Trp', 'Ile', 'Met', 'Gln', 'Leu', 'Asn', 'Glu', 'Pro', 'Ser', 'Cys', 'Arg', 'Asp', 'Gly', 'Phe', 'His', 'Tyr'}",3,1,1,1,99.5,0.5,100,100,0.16,99.2,0.8,TRUE,Paramagnetospirillum_kuznetsovii_LBB-42,PRJNA418400,SAMN08026813,PGTO00000000,Contig,Illumina HiSeq,2017/11/15,Research Center of Biotechnology RAS,31038447,2019,"Magnetospirillum kuznetsovii sp. nov., a novel magnetotactic bacterium isolated from a lake in the Moscow region","VV Koziaeva, et al.",10.1099/ijsem.0.003408,Int J Syst Evol Microbiol,Russia: Moscow region,55.38 N 39.44 E,55.38,39.44,Biosample/Paper,freshwater,freshwater,Yes,No
GCA_004217665.1,GCA_004217665.1_Candidatus_Magnetaquicoccus_inordinatus_UR-1,d__Bacteria;p__Pseudomonadota;c__Magnetococcia;o__Magnetococcales;f__Magnetaquicoccaceae;g__Magnetaquicoccus;s__Magnetaquicoccus inordinatus,546,4143644,52.51,13993,3648,19,"{'Ala', 'Lys', 'Thr', 'Val', 'Trp', 'Ile', 'Met', 'Gln', 'Leu', 'Asn', 'Glu', 'Pro', 'Ser', 'Cys', 'Arg', 'Asp', 'Gly', 'Phe', 'Tyr'}",3,1,1,1,97.4,3.78,95.66,94.88,3.89,91.9,2.4,TRUE,Candidatus_Magnetaquicoccus_inordinatus_UR-1,PRJNA509450,SAMN10581107,RXIU00000000,Scaffold,Illumina HiSeq,2018/12/11,Research Center of Biotechnology RAS,31632385,2019,"Genome-Based Metabolic Reconstruction of a Novel Uncultivated Freshwater Magnetotactic coccus &quot; Ca. Magnetaquicoccus inordinatus"" UR-1, and Proposal of a Candidate Family "" Ca. Magnetaquicoccaceae""","V Koziaeva, et al.",10.3389/fmicb.2019.02290,Front Microbiol,Russia: Uda River,51.8229 N 107.6199 E,51.8229,107.6199,Biosample/Paper,freshwater,freshwater,Yes,No
GCA_004376055.2,GCA_004376055.2_Nitrospirales_bacterium_LBB_01,d__Bacteria;p__Nitrospirota;c__Thermodesulfovibrionia;o__Thermodesulfovibrionales;f__Magnetobacteriaceae;g__JADFXG01;s__JADFXG01 sp004376055,1,3273455,41.96,3273455,3181,21,"{'Ala', 'Lys', 'Thr', 'Val', 'Trp', 'Ile', 'Met', 'Gln', 'Leu', 'Asn', 'Glu', 'Pro', 'Ser', 'Cys', 'Arg', 'Asp', 'Gly', 'SeC', 'Phe', 'His', 'Tyr'}",3,1,1,1,99.03,0.91,99.98,99.56,0,97.6,0,TRUE,Nitrospirales_bacterium_LBB_01,PRJNA527025,SAMN11125809,-,Complete Genome,Oxford Nanopore MiniION; Illumina HiSeq,2019/3/14,Research Center of Biotechnology RAS,35979495,2022,Detection of interphylum transfers of the magnetosome gene cluster in magnetotactic bacteria,"M Uzun, et al.",10.3389/fmicb.2022.945734,Front Microbiol,"Russia: Moscow region, Shatura district, Lake Beloe Bordukovskoe",55.632230 N 39.743775 E,55.63223,39.743775,Biosample/Paper,freshwater,freshwater,Yes,No
GCA_004564135.1,GCA_004564135.1_Terasakiella_sp._SH-1,d__Bacteria;p__Pseudomonadota;c__Alphaproteobacteria;o__Rhodospirillales_A;f__Terasakiellaceae;g__Terasakiella;s__Terasakiella sp004564135,1,3832570,47.53,3832570,3608,20,"{'Ala', 'Lys', 'Thr', 'Val', 'Trp', 'Ile', 'Met', 'Gln', 'Leu', 'Asn', 'Glu', 'Pro', 'Ser', 'Cys', 'Arg', 'Asp', 'Gly', 'Phe', 'His', 'Tyr'}",9,3,3,3,100,0,100,100,0.19,100,0.8,TRUE,Terasakiella_sp._SH-1,PRJNA529092,SAMN11257831,-,Complete Genome,PacBio RSII,2019/3/26,"Institute of Oceanology, Chinese Academy of Sciences",31662428,2019,Magnetosome Gene Duplication as an Important Driver in the Evolution of Magnetotaxis in the Alphaproteobacteria,"H Du, et al.",10.1128/mSystems.00315-19,mSystems,China:Sanya,18.2913889 N 109.349722 E,18.2913889,109.349722,Biosample/Paper,marine,intertidal,Yes,No
GCA_008375315.1,GCA_008375315.1_Ectothiorhodospiraceae_bacterium_BW-2,d__Bacteria;p__Pseudomonadota;c__Gammaproteobacteria;o__BW-2;f__BW-2;g__BW-2;s__BW-2 sp008375315,1,4074140,52.6,4074140,3758,20,"{'Ala', 'Lys', 'Thr', 'Val', 'Trp', 'Ile', 'Met', 'Gln', 'Leu', 'Asn', 'Glu', 'Pro', 'Ser', 'Cys', 'Arg', 'Asp', 'Gly', 'Phe', 'His', 'Tyr'}",6,2,2,2,95.8,1,99.73,100,0.34,99.2,0.8,TRUE,Ectothiorhodospiraceae_bacterium_BW-2,PRJNA491938,SAMN10093507,-,Complete Genome,"Illumina, PacBio",2018/9/19,University of Nevada Las Vegas,31896630,2020,"Complete Genome Sequence of Strain BW-2, a Magnetotactic Gammaproteobacterium in the Family Ectothiorhodospiraceae, Isolated from a Brackish Spring in Death Valley, California","C Geurink, et al.",10.1128/MRA.01144-19,Microbiol Resour Announc,"USA: Badwater Basin at Death Valley National Park, California",36.051 N 116.631 W,36.051,-116.631,Biosample/Paper,brackish,brackish,Yes,No
GCA_009497875.2,GCA_009497875.2_gamma_proteobacterium_SS-5_MTB,d__Bacteria;p__Pseudomonadota;c__Gammaproteobacteria;o__Chromatiales;f__Sedimenticolaceae;g__JADGBD01;s__JADGBD01 sp009497875,1,3729461,61.65,3729461,3252,20,"{'Ala', 'Lys', 'Thr', 'Val', 'Trp', 'Ile', 'Met', 'Gln', 'Leu', 'Asn', 'Glu', 'Pro', 'Ser', 'Cys', 'Arg', 'Asp', 'Gly', 'Phe', 'His', 'Tyr'}",6,2,2,2,97.9,1.38,98.98,99.96,0.6,100,0.8,TRUE,gamma_proteobacterium_SS-5,PRJNA491989,SAMN10093509,-,Complete Genome,GS FLX,2018/9/19,University of Nevada Las Vegas,33414284,2021,"Complete Genome Sequence of Strain SS-5, a Magnetotactic Gammaproteobacterium Isolated from the Salton Sea, a Shallow, Saline, Endorheic Rift Lake Located on the San Andreas Fault in California","D Trubitsyn, et al.",10.1128/MRA.00928-20,Microbiol Resour Announc,"USA: Salton Sea, California",33.32259960484889 N 115.84321548353557 W,33.3225996,-115.8432155,Google map,hypersaline,Non-marine Saline and Alkaline environment,Yes,No
GCA_011089865.1,GCA_011089865.1_Magnetococcales_bacterium_DH2_bin20,d__Bacteria;p__Pseudomonadota;c__Magnetococcia;o__Magnetococcales;f__JADFXB01;g__JADFXB01;s__JADFXB01 sp015233935,525,5014406,52.96,14837,4545,20,"{'Ala', 'Lys', 'Thr', 'Val', 'Trp', 'Ile', 'Met', 'Gln', 'Leu', 'Asn', 'Glu', 'Pro', 'Ser', 'Cys', 'Arg', 'Asp', 'Gly', 'Phe', 'His', 'Tyr'}",3,2,1,0,91.76,10.88,97.51,90.67,13.9,89.5,4,TRUE,Magnetococcales_bacterium_DH2_bin20,PRJNA400260,SAMN12091309,JAANAV000000000,Contig,Illumina HiSeq,2019/6/18,"Institute of Geology and Geophysics, Chinese Academy of Sciences",32855242,2020,Two Metagenome-Assembled Genome Sequences of Magnetotactic Bacteria in the Order Magnetococcales,"W Zhang, et al.",10.1128/MRA.00363-20,Microbiol Resour Announc,"China: Wuhan, East Lake",30.555833 N 114.411389 E,30.555833,114.411389,Biosample/Paper,freshwater,freshwater,Yes,No
GCA_011089965.1,GCA_011089965.1_Magnetococcales_bacterium_DH2_bin6,d__Bacteria;p__Pseudomonadota;c__Magnetococcia;o__Magnetococcales;f__Magnetaquicoccaceae;g__JAANAU01;s__JAANAU01 sp011089965,80,3658807,56.76,88744,3114,19,"{'Ala', 'Lys', 'Thr', 'Val', 'Trp', 'Ile', 'Met', 'Gln', 'Leu', 'Asn', 'Glu', 'Pro', 'Ser', 'Cys', 'Arg', 'Asp', 'Gly', 'Phe', 'Tyr'}",4,2,1,1,94.54,1.26,98.87,93.81,0.97,94.3,0.8,TRUE,Magnetococcales_bacterium_DH2_bin6,PRJNA400260,SAMN12091308,JAANAU000000000,Contig,Illumina HiSeq,2019/6/18,"Institute of Geology and Geophysics, Chinese Academy of Sciences",32855242,2020,Two Metagenome-Assembled Genome Sequences of Magnetotactic Bacteria in the Order Magnetococcales,"W Zhang, et al.",10.1128/MRA.00363-20,Microbiol Resour Announc,"China: Wuhan, East Lake",30.555833 N 114.411389 E,30.555833,114.411389,Biosample/Paper,freshwater,freshwater,Yes,No
GCA_013019105.1,GCA_013019105.1_Fundidesulfovibrio_magnetotacticus_FSS-1,d__Bacteria;p__Desulfobacterota;c__Desulfovibrionia;o__Desulfovibrionales;f__Desulfovibrionaceae;g__Fundidesulfovibrio;s__Fundidesulfovibrio magnetotacticus,55,4461838,67.54,199273,3977,21,"{'Ala', 'Lys', 'Thr', 'Val', 'Trp', 'Ile', 'Met', 'Gln', 'Leu', 'Asn', 'Glu', 'Pro', 'Ser', 'Cys', 'Arg', 'Asp', 'Gly', 'SeC', 'Phe', 'His', 'Tyr'}",5,3,1,1,99.4,0.6,100,100,0.28,91.1,0,TRUE,Fundidesulfovibrio_magnetotacticus_FSS-1,PRJDB9765,SAMD00222959,BLTE00000000,Contig,iSeq 100 System,2020/4/28,"Bio-Nano Electronics Research Center, Toyo University",36166368,2022,"Fundidesulfovibrio magnetotacticus sp. nov., a sulphate-reducing magnetotactic bacterium, isolated from sediments and freshwater of a pond","H Shimoshige, et al.",10.1099/ijsem.0.005516,Int J Syst Evol Microbiol,"Japan:Saitama, Suwa Pond",35.892 N 139.368 E,35.892,139.368,Biosample/Paper,freshwater,freshwater,Yes,No
GCA_013349285.1,GCA_013349285.1_Deltaproteobacteria_bacterium_MAG_22204_dsfv_001,d__Bacteria;p__Desulfobacterota;c__Desulfobulbia;o__Desulfobulbales;f__Desulfurivibrionaceae;g__DUZU01;s__DUZU01 sp013349285,75,2675335,52.74,60141,2385,19,"{'Ala', 'Lys', 'Thr', 'Val', 'Trp', 'Met', 'Gln', 'Leu', 'Asn', 'Glu', 'Pro', 'Ser', 'Cys', 'Arg', 'Asp', 'Gly', 'Phe', 'His', 'Tyr'}",0,0,0,0,89.47,0.36,90.19,89.12,0.46,86.3,0,TRUE,Deltaproteobacteria_bacterium_MAG_22204_dsfv_001,PRJNA632036,SAMN14911675,DUZU00000000,Contig,Illumina HiSeq,2020/5/13,Research Center of Biotechnology RAS,32737307,2020,Unravelling the diversity of magnetotactic bacteria through analysis of open genomic databases,"M Uzun, et al.",10.1038/s41597-020-00593-0,Sci Data,USA: California,38.0300 N 122.1500 W,38.03,-122.15,Biosample/Paper,marine,Bay sediment,No,Yes
GCA_013349295.1,GCA_013349295.1_Deltaproteobacteria_bacterium_MAG_22309_dsfv_022,d__Bacteria;p__Desulfobacterota;c__Desulfobulbia;o__Desulfobulbales;f__Desulfurivibrionaceae;g__Thiovibrio;s__Thiovibrio sp013349295,66,2902378,55.15,78905,2577,20,"{'Ala', 'Lys', 'Thr', 'Val', 'Ile', 'Met', 'Gln', 'Leu', 'Asn', 'Glu', 'Pro', 'Ser', 'Cys', 'Arg', 'Asp', 'Gly', 'SeC', 'Phe', 'His', 'Tyr'}",3,1,1,1,91.6,1.79,85.57,88.03,1.03,78.2,0.8,TRUE,Deltaproteobacteria_bacterium_MAG_22309_dsfv_022,PRJNA632036,SAMN14911677,DUZW00000000,Contig,Illumina HiSeq,2020/5/13,Research Center of Biotechnology RAS,32737307,2020,Unravelling the diversity of magnetotactic bacteria through analysis of open genomic databases,"M Uzun, et al.",10.1038/s41597-020-00593-0,Sci Data,USA: California,38.0500 N 121.9340 W,38.05,-121.934,Biosample/Paper,marine,Bay sediment,No,Yes
GCA_013349325.1,GCA_013349325.1_Desulfuromonadales_bacterium_MAG_13126_9_058,d__Bacteria;p__Desulfobacterota;c__Desulfuromonadia;o__Geobacterales;f__Pseudopelobacteraceae;g__JACRCG01;s__JACRCG01 sp013349325,72,3576562,52.01,83631,3423,18,"{'Ser', 'Cys', 'Arg', 'Val', 'Met', 'Asp', 'Gly', 'Leu', 'Gln', 'Trp', 'Pro', 'Glu', 'Phe', 'Lys', 'Ala', 'Thr', 'His', 'Tyr'}",2,1,0,1,91.61,1.29,97.91,99.96,0.67,95.2,0,TRUE,Desulfuromonadales_bacterium_MAG_13126_9_058,PRJNA632036,SAMN14911678,DUZX00000000,Contig,Illumina HiSeq,2020/5/13,Research Center of Biotechnology RAS,32737307,2020,Unravelling the diversity of magnetotactic bacteria through analysis of open genomic databases,"M Uzun, et al.",10.1038/s41597-020-00593-0,Sci Data,"Democratic Republic of the Congo: South-Kivu, Lake Kivu, Kabuno Bay",1.64 S 29.05 E,-1.64,29.05,Biosample/Paper,freshwater,freshwater,No,Yes
GCA_013349335.1,GCA_013349335.1_Rhodospirillaceae_bacterium_MAG_22225_2-02_112,d__Bacteria;p__Pseudomonadota;c__Alphaproteobacteria;o__Rhodospirillales_A;f__JADFTO01;g__GCA-2686765;s__GCA-2686765 sp013349695,147,2547095,61.01,26510,2427,20,"{'Ala', 'Lys', 'Thr', 'Val', 'Trp', 'Ile', 'Met', 'Gln', 'Leu', 'Asn', 'Glu', 'Pro', 'Ser', 'Cys', 'Arg', 'Asp', 'Gly', 'SeC', 'Phe', 'His'}",2,0,1,1,91.17,5.22,92.21,94.84,4.62,95.1,3.2,TRUE,Rhodospirillaceae_bacterium_MAG_22225_2-02_112,PRJNA632036,SAMN14911676,DUZV00000000,Contig,Illumina HiSeq,2020/5/13,Research Center of Biotechnology RAS,32737307,2020,Unravelling the diversity of magnetotactic bacteria through analysis of open genomic databases,"M Uzun, et al.",10.1038/s41597-020-00593-0,Sci Data,Pacific Ocean: Eastern Tropical North Pacific,20.3333 N 107.0000 W,20.3333,-107,Biosample/Paper,marine oxygen minimum zone (OMZ),sea water (OMZ),No,Yes
GCA_013349385.1,GCA_013349385.1_Magnetococcales_bacterium_MAG_21055_mgc_1,d__Bacteria;p__Pseudomonadota;c__Magnetococcia;o__Magnetococcales;f__UBA8363;g__UBA8363;s__UBA8363 sp013349385,930,3585593,52.41,5203,3638,20,"{'Ala', 'Lys', 'Thr', 'Val', 'Trp', 'Ile', 'Met', 'Gln', 'Leu', 'Asn', 'Glu', 'Pro', 'Ser', 'Cys', 'Arg', 'Asp', 'Gly', 'Phe', 'His', 'Tyr'}",0,0,0,0,84.82,3.65,85.84,81.53,0.95,73.4,0,TRUE,Magnetococcales_bacterium_MAG_21055_mgc_1,PRJNA632036,SAMN14911672,DUZR00000000,Contig,Illumina HiSeq,2020/5/13,Research Center of Biotechnology RAS,32737307,2020,Unravelling the diversity of magnetotactic bacteria through analysis of open genomic databases,"M Uzun, et al.",10.1038/s41597-020-00593-0,Sci Data,USA: Colorado,38.9600 N 106.9900 W,38.96,-106.99,Biosample/Paper,subsurface/deep subsurface,"Deep subsurface, Sediment from fracked well",No,Yes
GCA_013349395.1,GCA_013349395.1_Deltaproteobacteria_bacterium_MAG_17996_sntb_20,d__Bacteria;p__Desulfobacterota;c__Syntrophobacteria;o__Syntrophobacterales;f__Syntrophobacteraceae;g__SbD1;s__,454,1691080,53.11,4033,1800,12,"{'Arg', 'Met', 'Val', 'Gln', 'Leu', 'Ala', 'Glu', 'Phe', 'Lys', 'Thr', 'Pro', 'Tyr'}",0,0,0,0,50.53,2.33,53.52,48.4,0.54,49.2,0.8,TRUE,Deltaproteobacteria_bacterium_MAG_17996_sntb_20,PRJNA632036,SAMN14911670,DUZP00000000,Contig,Illumina HiSeq,2020/5/13,Research Center of Biotechnology RAS,32737307,2020,Unravelling the diversity of magnetotactic bacteria through analysis of open genomic databases,"M Uzun, et al.",10.1038/s41597-020-00593-0,Sci Data,USA: Minnesota,47.5028 N 93.4828 W,47.5028,-93.4828,Biosample/Paper,bog/peatland (freshwater),Bog peatland,No,Yes
GCA_013349405.1,GCA_013349405.1_Desulfuromonadales_bacterium_MAG_21600_9_004,d__Bacteria;p__Desulfobacterota;c__Desulfuromonadia;o__Geobacterales;f__Pseudopelobacteraceae;g__JACRCG01;s__JACRCG01 sp013349405,60,3430740,51.5,87025,3261,17,"{'Ser', 'Cys', 'Arg', 'Met', 'Asp', 'Gln', 'Leu', 'Gly', 'Trp', 'Pro', 'Glu', 'Phe', 'Lys', 'Ala', 'Thr', 'His', 'Tyr'}",1,1,0,0,90.32,0.65,96.27,88.12,0.64,66.1,0,TRUE,Desulfuromonadales_bacterium_MAG_21600_9_004,PRJNA632036,SAMN14911673,DUZS00000000,Contig,Illumina HiSeq,2020/5/13,Research Center of Biotechnology RAS,32737307,2020,Unravelling the diversity of magnetotactic bacteria through analysis of open genomic databases,"M Uzun, et al.",10.1038/s41597-020-00593-0,Sci Data,Canada: Ontario,49.7530 N 93.7980 W,49.753,-93.798,Biosample/Paper,freshwater,freshwater,No,Yes
GCA_013349415.1,GCA_013349415.1_Desulfuromonadales_bacterium_MAG_21601_9_030,d__Bacteria;p__Desulfobacterota;c__Desulfuromonadia;o__Geobacterales;f__Pseudopelobacteraceae;g__JACRCG01;s__,232,2536371,54.11,20074,2451,13,"{'Cys', 'Arg', 'Met', 'Val', 'Asp', 'Gly', 'Gln', 'Asn', 'Leu', 'SeC', 'Trp', 'Phe', 'Lys'}",3,1,1,1,78.15,8.39,76.22,76.19,6.28,65.3,3.2,TRUE,Desulfuromonadales_bacterium_MAG_21601_9_030,PRJNA632036,SAMN14911674,DUZT00000000,Contig,Illumina HiSeq,2020/5/13,Research Center of Biotechnology RAS,32737307,2020,Unravelling the diversity of magnetotactic bacteria through analysis of open genomic databases,"M Uzun, et al.",10.1038/s41597-020-00593-0,Sci Data,Canada: Ontario,49.6900 N 93.7180 W,49.69,-93.718,Biosample/Paper,freshwater,freshwater,No,Yes
GCA_013349435.1,GCA_013349435.1_Planctomycetota_bacterium_MAG_18080_pl_157,d__Bacteria;p__Planctomycetota;c__Phycisphaerae;o__Sedimentisphaerales;f__Anaerohalosphaeraceae;g__QNBT01;s__QNBT01 sp013349435,139,3144921,48.44,34208,2754,19,"{'Ala', 'Lys', 'Thr', 'Val', 'Trp', 'Ile', 'Met', 'Gln', 'Leu', 'Asn', 'Glu', 'Pro', 'Ser', 'Cys', 'Arg', 'Asp', 'Gly', 'Phe', 'Tyr'}",4,1,1,2,90.91,3.41,92.33,94.07,3.58,83.1,0.8,TRUE,Planctomycetota_bacterium_MAG_18080_pl_157,PRJNA632036,SAMN14911671,DUZQ00000000,Contig,Illumina HiSeq,2020/5/13,Research Center of Biotechnology RAS,32737307,2020,Unravelling the diversity of magnetotactic bacteria through analysis of open genomic databases,"M Uzun, et al.",10.1038/s41597-020-00593-0,Sci Data,"USA: California, Salton Sea",33.4166 N 115.9166 W,33.4166,-115.9166,Biosample/Paper,hypersaline,Non-marine Saline and Alkaline environment,No,Yes
GCA_013349485.1,GCA_013349485.1_Candidatus_Hydrogenedentes_bacterium_MAG_17963_hgd_111,d__Bacteria;p__Hydrogenedentota;c__Hydrogenedentia;o__Hydrogenedentiales;f__SLHB01;g__DUZN01;s__DUZN01 sp013349485,288,3018788,60.18,11662,2690,11,"{'Ser', 'Cys', 'Arg', 'Met', 'Val', 'Asp', 'Gly', 'Leu', 'Gln', 'Lys', 'Pro'}",0,0,0,0,71.11,1.46,66.42,64.74,0.86,66.9,1.6,TRUE,Candidatus_Hydrogenedentota_bacterium_MAG_17963_hgd_111,PRJNA632036,SAMN14911667,DUZM00000000,Contig,Illumina HiSeq,2020/5/13,Research Center of Biotechnology RAS,32737307,2020,Unravelling the diversity of magnetotactic bacteria through analysis of open genomic databases,"M Uzun, et al.",10.1038/s41597-020-00593-0,Sci Data,"USA: California, Salton Sea",33.3000 N 115.8000 W,33.3,-115.8,Biosample/Paper,hypersaline,Non-marine Saline and Alkaline environment,No,Yes
GCA_013349495.1,GCA_013349495.1_Deltaproteobacteria_bacterium_MAG_15370_dsfb_81,d__Bacteria;p__Desulfobacterota;c__Desulfobacteria;o__Desulfobacterales;f__SURF-15;g__DUZK01;s__DUZK01 sp013349495,334,3868622,48.4,14397,3537,18,"{'Ser', 'Cys', 'Arg', 'Met', 'Val', 'Asp', 'Gly', 'SeC', 'Gln', 'Asn', 'Leu', 'Trp', 'Ala', 'Phe', 'Lys', 'Glu', 'His', 'Pro'}",1,0,1,0,89.68,5.59,92.57,84.55,3.78,90.3,0,TRUE,Deltaproteobacteria_bacterium_MAG_15370_dsfb_81,PRJNA632036,SAMN14911665,DUZK00000000,Contig,Illumina HiSeq,2020/5/13,Research Center of Biotechnology RAS,32737307,2020,Unravelling the diversity of magnetotactic bacteria through analysis of open genomic databases,"M Uzun, et al.",10.1038/s41597-020-00593-0,Sci Data,Sweden: Oskarshamn,57.4344 N 16.6600 E,57.4344,16.66,Biosample/Paper,subsurface/deep subsurface,"deep subsurface, saline groundwater environment",No,Yes
GCA_013349515.1,GCA_013349515.1_Deltaproteobacteria_bacterium_MAG_17929_sntb_26,d__Bacteria;p__Desulfobacterota;c__Syntrophobacteria;o__Syntrophobacterales;f__Syntrophobacteraceae;g__SbD1;s__,276,2777907,53.1,17193,2726,16,"{'Ser', 'Cys', 'Arg', 'Val', 'Met', 'Gly', 'SeC', 'Gln', 'Leu', 'Trp', 'Ala', 'Glu', 'Lys', 'Thr', 'Pro', 'Tyr'}",1,1,0,0,62.13,5.1,71.98,65.74,3.49,66.9,1.6,TRUE,Deltaproteobacteria_bacterium_MAG_17929_sntb_26,PRJNA632036,SAMN14911666,DUZL00000000,Contig,Illumina HiSeq,2020/5/13,Research Center of Biotechnology RAS,32737307,2020,Unravelling the diversity of magnetotactic bacteria through analysis of open genomic databases,"M Uzun, et al.",10.1038/s41597-020-00593-0,Sci Data,USA: Minnesota,47.5028 N 93.4828 W,47.5028,-93.4828,Biosample/Paper,bog/peatland (freshwater),Bog peatland,No,Yes
GCA_013349525.1,GCA_013349525.1_Planctomycetota_bacterium_MAG_17991_pl_60,d__Bacteria;p__Planctomycetota;c__Phycisphaerae;o__Sedimentisphaerales;f__Anaerohalosphaeraceae;g__QNBT01;s__QNBT01 sp013349435,145,1308839,49.53,10285,1176,14,"{'Ser', 'Cys', 'Arg', 'Met', 'Val', 'Gln', 'Gly', 'Asn', 'Leu', 'Trp', 'Ala', 'Glu', 'Thr', 'Tyr'}",0,0,0,0,64.2,0,64.43,60.27,0.36,64.5,0,TRUE,Planctomycetota_bacterium_MAG_17991_pl_60,PRJNA632036,SAMN14911669,DUZO00000000,Contig,Illumina HiSeq,2020/5/13,Research Center of Biotechnology RAS,32737307,2020,Unravelling the diversity of magnetotactic bacteria through analysis of open genomic databases,"M Uzun, et al.",10.1038/s41597-020-00593-0,Sci Data,"USA: California, Salton Sea",33.4166 N 115.9166 W,33.4166,-115.9166,Biosample/Paper,hypersaline,Non-marine Saline and Alkaline environment,No,Yes
GCA_013349535.1,GCA_013349535.1_Candidatus_Hydrogenedentes_bacterium_MAG_17971_hgd_130,d__Bacteria;p__Hydrogenedentota;c__Hydrogenedentia;o__Hydrogenedentiales;f__SLHB01;g__DUZN01;s__DUZN01 sp013349485,240,2683901,60.43,12541,2408,11,"{'Ser', 'Cys', 'Arg', 'Val', 'Gln', 'Leu', 'Trp', 'His', 'Phe', 'Thr', 'Pro'}",1,0,1,0,60.01,1.16,61.65,50.52,1.13,57.3,0.8,TRUE,Candidatus_Hydrogenedentota_bacterium_MAG_17971_hgd_130,PRJNA632036,SAMN14911668,DUZN00000000,Contig,Illumina HiSeq,2020/5/13,Research Center of Biotechnology RAS,32737307,2020,Unravelling the diversity of magnetotactic bacteria through analysis of open genomic databases,"M Uzun, et al.",10.1038/s41597-020-00593-0,Sci Data,"USA: California, Salton Sea",33.3000 N 115.8000 W,33.3,-115.8,Biosample/Paper,hypersaline,Non-marine Saline and Alkaline environment,No,Yes
GCA_013349585.1,GCA_013349585.1_Nitrospinae_bacterium_MAG_09705_ntspn_70,d__Bacteria;p__Nitrospinota;c__Nitrospinia;o__Nitrospinales;f__VA-1;g__UBA8687;s__UBA8687 sp013349585,120,2024644,42.63,30902,2149,15,"{'Cys', 'Met', 'Val', 'Asp', 'Gly', 'Leu', 'Gln', 'Trp', 'Glu', 'His', 'Lys', 'Thr', 'Pro', 'Tyr', 'Ile'}",1,1,0,0,67.25,2.56,76.32,76.68,0.62,71.8,0.8,TRUE,Nitrospinota_bacterium_MAG_09705_ntspn_70,PRJNA632036,SAMN14911661,DUZG00000000,Contig,Illumina HiSeq,2020/5/13,Research Center of Biotechnology RAS,32737307,2020,Unravelling the diversity of magnetotactic bacteria through analysis of open genomic databases,"M Uzun, et al.",10.1038/s41597-020-00593-0,Sci Data,Arctic Ocean: Canada Basin,77.0991 N 150.2252 W,77.0991,-150.2252,Biosample/Paper,marine,marine,No,Yes
GCA_013349595.1,GCA_013349595.1_Nitrospirota_bacterium_MAG_10313_ntr_31,d__Bacteria;p__Nitrospirota;c__Thermodesulfovibrionia;o__Thermodesulfovibrionales;f__DUZI01;g__DUZI01;s__DUZI01 sp013349595,344,1933163,35.33,7568,1811,17,"{'Ser', 'Cys', 'Arg', 'Met', 'Val', 'Gly', 'Leu', 'Asn', 'Gln', 'SeC', 'Trp', 'Glu', 'Ala', 'Lys', 'Thr', 'Pro', 'Tyr'}",0,0,0,0,90.2,3.64,92.26,81.14,1.38,87.9,0,TRUE,Nitrospirota_bacterium_MAG_10313_ntr_31,PRJNA632036,SAMN14911663,DUZI00000000,Contig,Illumina HiSeq,2020/5/13,Research Center of Biotechnology RAS,32737307,2020,Unravelling the diversity of magnetotactic bacteria through analysis of open genomic databases,"M Uzun, et al.",10.1038/s41597-020-00593-0,Sci Data,South Africa: Limpopo,22.5304 S 30.6814 E,-22.5304,30.6814,Biosample/Paper,thermal environment (hot spring water),hot spring water,No,Yes
GCA_013349615.1,GCA_013349615.1_Planctomycetota_bacterium_MAG_11118_pl_115,d__Bacteria;p__Planctomycetota;c__Phycisphaerae;o__Sedimentisphaerales;f__SG8-4;g__CS2-K091;s__CS2-K091 sp013349615,157,3767441,48.98,33372,3045,17,"{'Ser', 'Cys', 'Arg', 'Val', 'Met', 'Asp', 'Gly', 'Gln', 'Leu', 'Asn', 'Trp', 'Ala', 'His', 'Phe', 'Thr', 'Pro', 'Tyr'}",2,1,0,1,89.44,1.24,79.77,85.57,0.9,66.9,0,TRUE,Planctomycetota_bacterium_MAG_11118_pl_115,PRJNA632036,SAMN14911664,DUZJ00000000,Contig,Illumina HiSeq,2020/5/13,Research Center of Biotechnology RAS,32737307,2020,Unravelling the diversity of magnetotactic bacteria through analysis of open genomic databases,"M Uzun, et al.",10.1038/s41597-020-00593-0,Sci Data,Denmark:Aarhus Bay,56.1030 N 10.4580 E,56.103,10.458,Biosample/Paper,marine,marine sediment,No,Yes
GCA_013349635.1,GCA_013349635.1_Deltaproteobacteria_bacterium_MAG_09788_naph_37,d__Bacteria;p__Desulfobacterota;c__DSM-4660;o__Desulfatiglandales;f__Desulfatiglandaceae;g__Desulfacyla;s__,137,899797,47.23,7418,925,10,"{'Ser', 'Arg', 'Val', 'Met', 'Asp', 'Gln', 'Leu', 'Trp', 'Ala', 'Phe'}",0,0,0,0,49.08,0.97,50.57,37.87,0.08,54,0,TRUE,Deltaproteobacteria_bacterium_MAG_09788_naph_37,PRJNA632036,SAMN14911662,DUZH00000000,Contig,Illumina HiSeq,2020/5/13,Research Center of Biotechnology RAS,32737307,2020,Unravelling the diversity of magnetotactic bacteria through analysis of open genomic databases,"M Uzun, et al.",10.1038/s41597-020-00593-0,Sci Data,Indian Ocean:near North Sumatra,1.7590 N 96.7740 E,1.759,96.774,Biosample/Paper,marine,marine sediment,No,Yes
GCA_013349665.1,GCA_013349665.1_Rhodospirillaceae_bacterium_MAG_06104_tlms_034,d__Bacteria;p__Pseudomonadota;c__Alphaproteobacteria;o__Rhodospirillales;f__Magnetospirillaceae;g__Telmatospirillum;s__Telmatospirillum sp013349665,353,3186839,64.25,13005,3090,17,"{'Ser', 'Cys', 'Arg', 'Met', 'Val', 'Asp', 'Gly', 'Leu', 'Asn', 'Trp', 'Ala', 'His', 'Lys', 'Glu', 'Phe', 'Thr', 'Pro'}",0,0,0,0,89.59,2.53,92.81,89.48,1.93,90.3,0,TRUE,Rhodospirillaceae_bacterium_MAG_06104_tlms_034,PRJNA632036,SAMN14911660,DUZF00000000,Contig,Illumina HiSeq,2020/5/13,Research Center of Biotechnology RAS,32737307,2020,Unravelling the diversity of magnetotactic bacteria through analysis of open genomic databases,"M Uzun, et al.",10.1038/s41597-020-00593-0,Sci Data,"USA:Crystal Bog, Wisconsin, USA",46.0072 N 89.6063 W,46.0072,-89.6063,Biosample/Paper,bog/peatland (freshwater),"freshwater, bog",No,Yes
GCA_013349685.1,GCA_013349685.1_Rhodospirillaceae_bacterium_MAG_05596_2-02_51,d__Bacteria;p__Pseudomonadota;c__Alphaproteobacteria;o__Rhodospirillales_A;f__JADFTO01;g__GCA-2686765;s__GCA-2686765 sp013349695,329,1831947,61.19,6777,1806,15,"{'Ser', 'Cys', 'Arg', 'Val', 'Asp', 'Gly', 'Leu', 'Gln', 'Asn', 'Trp', 'Ala', 'Glu', 'Thr', 'Pro', 'Tyr'}",0,0,0,0,76.91,0.25,80.85,77.8,0.77,77.4,0,TRUE,Rhodospirillaceae_bacterium_MAG_05596_2-02_51,PRJNA632036,SAMN14911659,DUZE00000000,Contig,Illumina HiSeq,2020/5/13,Research Center of Biotechnology RAS,32737307,2020,Unravelling the diversity of magnetotactic bacteria through analysis of open genomic databases,"M Uzun, et al.",10.1038/s41597-020-00593-0,Sci Data,Pacific Ocean: Eastern Tropical North Pacific,19 N 107.0000 W,19,-107,Google map,marine oxygen minimum zone (OMZ),sea water (OMZ),No,Yes
GCA_013349695.1,GCA_013349695.1_Rhodospirillaceae_bacterium_MAG_05422_2-02_14,d__Bacteria;p__Pseudomonadota;c__Alphaproteobacteria;o__Rhodospirillales_A;f__JADFTO01;g__GCA-2686765;s__GCA-2686765 sp013349695,255,2281835,61.09,11800,2194,17,"{'Ser', 'Cys', 'Arg', 'Val', 'Met', 'Asp', 'Gln', 'Leu', 'Gly', 'Asn', 'Glu', 'His', 'Ala', 'Phe', 'Lys', 'Thr', 'Pro'}",1,0,1,0,85.45,0.5,89.69,86.9,0.55,87.9,1.6,TRUE,Rhodospirillaceae_bacterium_MAG_05422_2-02_14,PRJNA632036,SAMN14911658,DUZD00000000,Contig,Illumina HiSeq,2020/5/13,Research Center of Biotechnology RAS,32737307,2020,Unravelling the diversity of magnetotactic bacteria through analysis of open genomic databases,"M Uzun, et al.",10.1038/s41597-020-00593-0,Sci Data,Pacific Ocean: Eastern Tropical North Pacific,20.3333 N 106.0000 W,20.3333,-106,Google map,marine oxygen minimum zone (OMZ),sea water (OMZ),No,Yes
GCA_013349725.1,GCA_013349725.1_Deltaproteobacteria_bacterium_MAG_00792_naph_016,d__Bacteria;p__Desulfobacterota;c__DSM-4660;o__Desulfatiglandales;f__Desulfatiglandaceae;g__DUZB01;s__DUZB01 sp013349725,409,3032840,49.74,11269,2901,15,"{'Ser', 'Arg', 'Val', 'Met', 'Asp', 'Gln', 'Leu', 'Gly', 'SeC', 'Glu', 'Phe', 'Lys', 'Thr', 'Pro', 'Tyr'}",1,0,1,0,89.28,5.86,90.14,79.61,9.68,87.1,3.2,TRUE,Deltaproteobacteria_bacterium_MAG_00792_naph_016,PRJNA632036,SAMN14911656,DUZB00000000,Contig,Illumina GAIIx,2020/5/13,Research Center of Biotechnology RAS,32737307,2020,Unravelling the diversity of magnetotactic bacteria through analysis of open genomic databases,"M Uzun, et al.",10.1038/s41597-020-00593-0,Sci Data,"Sweden:KBA site, Vaertahamnen, Baltic Sea",59.363333 N 18.119167 E,59.363333,18.119167,Biosample/Paper,marine,marine,No,Yes
GCA_013349735.1,GCA_013349735.1_Rhodospirillaceae_bacterium_MAG_04806_tlms_2,d__Bacteria;p__Pseudomonadota;c__Alphaproteobacteria;o__Rhodospirillales;f__Magnetospirillaceae;g__Telmatospirillum;s__Telmatospirillum sp013349735,309,2085124,57.51,8435,2133,17,"{'Ser', 'Cys', 'Arg', 'Met', 'Val', 'Asp', 'Gly', 'Leu', 'Asn', 'Gln', 'Trp', 'Ala', 'Glu', 'Lys', 'Thr', 'Pro', 'Tyr'}",1,0,1,0,87.64,2.12,87.88,74.78,1.73,83.9,0,TRUE,Rhodospirillaceae_bacterium_MAG_04806_tlms_2,PRJNA632036,SAMN14911657,DUZC00000000,Contig,Illumina HiSeq,2020/5/13,Research Center of Biotechnology RAS,32737307,2020,Unravelling the diversity of magnetotactic bacteria through analysis of open genomic databases,"M Uzun, et al.",10.1038/s41597-020-00593-0,Sci Data,"USA:Crystal Bog, Wisconsin, USA",46.0072 N 89.6063 W,46.0072,-89.6063,Biosample/Paper,bog/peatland (freshwater),"freshwater, bog",No,Yes
GCA_013349745.1,GCA_013349745.1_Deltaproteobacteria_bacterium_MAG_00241_naph_010,d__Bacteria;p__Desulfobacterota;c__DSM-4660;o__Desulfatiglandales;f__Desulfatiglandaceae;g__DUZB01;s__DUZB01 sp013349725,324,1547003,49.45,6761,1532,14,"{'Arg', 'Val', 'Met', 'Asp', 'Gly', 'Leu', 'Asn', 'Gln', 'SeC', 'Phe', 'Lys', 'Thr', 'Pro', 'Tyr'}",2,1,0,1,55.59,2.41,64.98,54.22,2,55.6,1.6,TRUE,Deltaproteobacteria_bacterium_MAG_00241_naph_010,PRJNA632036,SAMN14911655,DUZA00000000,Contig,Illumina GAIIx,2020/5/13,Research Center of Biotechnology RAS,32737307,2020,Unravelling the diversity of magnetotactic bacteria through analysis of open genomic databases,"M Uzun, et al.",10.1038/s41597-020-00593-0,Sci Data,"Sweden:KBB site, Vaertahamnen, Baltic Sea",59.350163 N 18.107847 E,59.350163,18.107847,Biosample/Paper,marine,marine,No,Yes
GCA_013349775.1,GCA_013349775.1_Gammaproteobacteria_bacterium_MAG_00215_gam_020,d__Bacteria;p__Pseudomonadota;c__Gammaproteobacteria;o__GCF-002020875;f__GCF-002020875;g__Thiopontia;s__Thiopontia sp013349825,507,2931288,49.02,8779,2819,20,"{'Ala', 'Lys', 'Thr', 'Val', 'Trp', 'Ile', 'Met', 'Gln', 'Leu', 'Asn', 'Glu', 'Pro', 'Ser', 'Cys', 'Arg', 'Asp', 'Gly', 'Phe', 'His', 'Tyr'}",7,3,1,3,95.73,5.34,94.94,93.79,7.18,93.5,0,TRUE,Gammaproteobacteria_bacterium_MAG_00215_gam_020,PRJNA632036,SAMN14911654,DUYZ00000000,Contig,Illumina HiSeq,2020/5/13,Research Center of Biotechnology RAS,32737307,2020,Unravelling the diversity of magnetotactic bacteria through analysis of open genomic databases,"M Uzun, et al.",10.1038/s41597-020-00593-0,Sci Data,"Canada: Saanich Inlet 48, Vancouver Island, BC",48.6 N 123.5 W,48.6,-123.5,Biosample/Paper,marine,Intertidal zone,No,Yes
GCA_013349805.1,GCA_013349805.1_Gammaproteobacteria_bacterium_MAG_00212_gam_1,d__Bacteria;p__Pseudomonadota;c__Gammaproteobacteria;o__GCF-002020875;f__GCF-002020875;g__Thiopontia;s__Thiopontia sp013349825,955,2103212,48.4,2865,2191,19,"{'Ala', 'Lys', 'Thr', 'Val', 'Trp', 'Ile', 'Met', 'Gln', 'Leu', 'Asn', 'Glu', 'Pro', 'Ser', 'Arg', 'Asp', 'Gly', 'Phe', 'His', 'Tyr'}",3,1,1,1,78.43,5.08,82.45,75.91,5.27,62.9,0.8,TRUE,Gammaproteobacteria_bacterium_MAG_00212_gam_1,PRJNA632036,SAMN14911653,DUYY00000000,Contig,Illumina HiSeq,2020/5/13,Research Center of Biotechnology RAS,32737307,2020,Unravelling the diversity of magnetotactic bacteria through analysis of open genomic databases,"M Uzun, et al.",10.1038/s41597-020-00593-0,Sci Data,"Canada: Saanich Inlet 48, Vancouver Island, BC",48.6 N 123.5 W,48.6,-123.5,Biosample/Paper,marine,Intertidal zone,No,Yes
GCA_013349825.1,GCA_013349825.1_Gammaproteobacteria_bacterium_MAG_00172_gam_018,d__Bacteria;p__Pseudomonadota;c__Gammaproteobacteria;o__GCF-002020875;f__GCF-002020875;g__Thiopontia;s__Thiopontia sp013349825,274,2866084,48.98,18846,2723,18,"{'Ser', 'Arg', 'Val', 'Met', 'Asp', 'Gly', 'Leu', 'Gln', 'Asn', 'Trp', 'Pro', 'Glu', 'Phe', 'Lys', 'Ala', 'Thr', 'His', 'Tyr'}",1,1,0,0,96.95,3.05,97.98,99.45,1.55,96,1.6,TRUE,Gammaproteobacteria_bacterium_MAG_00172_gam_018,PRJNA632036,SAMN14911651,DUYW00000000,Contig,Illumina HiSeq,2020/5/13,Research Center of Biotechnology RAS,32737307,2020,Unravelling the diversity of magnetotactic bacteria through analysis of open genomic databases,"M Uzun, et al.",10.1038/s41597-020-00593-0,Sci Data,"Canada: Saanich Inlet 48, Vancouver Island, BC",48.6 N 123.5 W,48.6,-123.5,Biosample/Paper,marine,Intertidal zone,No,Yes
GCA_013349835.1,GCA_013349835.1_Gammaproteobacteria_bacterium_MAG_00188_gam_006,d__Bacteria;p__Pseudomonadota;c__Gammaproteobacteria;o__GCF-002020875;f__GCF-002020875;g__Thiopontia;s__Thiopontia sp013349825,565,2663040,48.83,6818,2608,19,"{'Ala', 'Lys', 'Thr', 'Val', 'Trp', 'Met', 'Gln', 'Leu', 'Asn', 'Glu', 'Pro', 'Ser', 'Cys', 'Arg', 'Asp', 'Gly', 'Phe', 'His', 'Tyr'}",2,1,1,0,95.12,4.19,96.55,99.75,2.54,89.5,0,TRUE,Gammaproteobacteria_bacterium_MAG_00188_gam_006,PRJNA632036,SAMN14911652,DUYX00000000,Contig,Illumina HiSeq,2020/5/13,Research Center of Biotechnology RAS,32737307,2020,Unravelling the diversity of magnetotactic bacteria through analysis of open genomic databases,"M Uzun, et al.",10.1038/s41597-020-00593-0,Sci Data,"Canada: Saanich Inlet 48, Vancouver Island, BC",48.6 N 123.5 W,48.6,-123.5,Biosample/Paper,marine,Intertidal zone,No,Yes
GCA_013349845.1,GCA_013349845.1_Gammaproteobacteria_bacterium_MAG_00160_gam_009,d__Bacteria;p__Pseudomonadota;c__Gammaproteobacteria;o__GCF-002020875;f__GCF-002020875;g__Thiopontia;s__Thiopontia sp013349825,318,2903803,49.11,15372,2769,18,"{'Ser', 'Arg', 'Met', 'Val', 'Asp', 'Gln', 'Leu', 'Gly', 'Asn', 'Trp', 'Glu', 'His', 'Lys', 'Phe', 'Ala', 'Thr', 'Pro', 'Tyr'}",3,2,0,1,99.39,4.88,98.58,99.99,2.98,98.4,2.4,TRUE,Gammaproteobacteria_bacterium_MAG_00160_gam_009,PRJNA632036,SAMN14911650,DUYV00000000,Contig,Illumina HiSeq,2020/5/13,Research Center of Biotechnology RAS,32737307,2020,Unravelling the diversity of magnetotactic bacteria through analysis of open genomic databases,"M Uzun, et al.",10.1038/s41597-020-00593-0,Sci Data,"Canada: Saanich Inlet 48, Vancouver Island, BC",48.6 N 123.5 W,48.6,-123.5,Biosample/Paper,marine,Intertidal zone,No,Yes
GCA_013349855.1,GCA_013349855.1_Gammaproteobacteria_bacterium_MAG_00150_gam_010,d__Bacteria;p__Pseudomonadota;c__Gammaproteobacteria;o__GCF-002020875;f__GCF-002020875;g__Thiopontia;s__Thiopontia sp013349825,486,2847655,49.09,8863,2751,18,"{'Ser', 'Arg', 'Val', 'Met', 'Asp', 'Gln', 'Leu', 'Gly', 'Asn', 'Trp', 'Glu', 'Phe', 'Lys', 'Ala', 'Thr', 'Pro', 'Tyr', 'Ile'}",5,2,1,2,98.17,3.96,96.37,99.91,4.84,91.9,0.8,TRUE,Gammaproteobacteria_bacterium_MAG_00150_gam_010,PRJNA632036,SAMN14911649,DUYU00000000,Contig,Illumina HiSeq,2020/5/13,Research Center of Biotechnology RAS,32737307,2020,Unravelling the diversity of magnetotactic bacteria through analysis of open genomic databases,"M Uzun, et al.",10.1038/s41597-020-00593-0,Sci Data,"Canada: Saanich Inlet 48, Vancouver Island, BC",48.6 N 123.5 W,48.6,-123.5,Biosample/Paper,marine,Intertidal zone,No,Yes
GCA_013349875.1,GCA_013349875.1_Deltaproteobacteria_bacterium_MAG_00134_naph_006,d__Bacteria;p__Desulfobacterota;c__DSM-4660;o__Desulfatiglandales;f__Desulfatiglandaceae;g__DUZB01;s__DUZB01 sp013349725,692,1498667,49.54,2676,1650,9,"{'Arg', 'Met', 'Val', 'Gly', 'Leu', 'Asn', 'Phe', 'Thr', 'Pro'}",0,0,0,0,60.69,3.87,57.97,50.92,3.68,48.4,0.8,TRUE,Deltaproteobacteria_bacterium_MAG_00134_naph_006,PRJNA632036,SAMN14911648,DUYT00000000,Contig,Illumina GAIIx,2020/5/13,Research Center of Biotechnology RAS,32737307,2020,Unravelling the diversity of magnetotactic bacteria through analysis of open genomic databases,"M Uzun, et al.",10.1038/s41597-020-00593-0,Sci Data,"Sweden:KBA site, Vaertahamnen, Baltic Sea",59.363333 N 18.119167 E,59.363333,18.119167,Biosample/Paper,marine,marine,No,Yes
GCA_015228675.1,GCA_015228675.1_Desulfobacterales_bacterium_nYD0425bin6,d__Bacteria;p__Desulfobacterota;c__Desulfobacteria;o__Desulfobacterales;f__YD0425bin50;g__YD0425bin50;s__YD0425bin50 sp002753105,467,5417822,36.82,18177,4278,20,"{'Ala', 'Lys', 'Thr', 'Val', 'Trp', 'Met', 'Gln', 'Leu', 'Asn', 'Glu', 'Pro', 'Ser', 'Cys', 'Arg', 'Asp', 'Gly', 'SeC', 'Phe', 'His', 'Tyr'}",3,2,0,1,93.5,2.19,82.18,95.9,2.48,75.8,1.6,TRUE,Desulfobacterales_bacterium_nYD0425bin6,PRJNA400260,SAMN15005476,JADGCZ000000000,Scaffold,Illumina HiSeq,2020/5/24,"Institute of Geology and Geophysics, Chinese Academy of Sciences",33126926,2020,Expanding magnetic organelle biogenesis in the domain Bacteria,"W Lin, et al.",10.1186/s40168-020-00931-9,Microbiome,"China: Yuandadu Park, Beijing",39.974732 N 116.368688 E,39.974732,116.368688,Biosample/Paper,freshwater,freshwater,Yes,No
GCA_015228685.1,GCA_015228685.1_Desulfobacterales_bacterium_nYD0425bin5,d__Bacteria;p__Desulfobacterota;c__Desulfobacteria;o__Desulfobacterales;f__YD0425bin51;g__YD0425bin51;s__YD0425bin51 sp002753225,133,5628840,32.38,103346,4585,20,"{'Ala', 'Lys', 'Thr', 'Val', 'Trp', 'Ile', 'Met', 'Gln', 'Leu', 'Glu', 'Pro', 'Ser', 'Cys', 'Arg', 'Asp', 'Gly', 'SeC', 'Phe', 'His', 'Tyr'}",2,1,0,1,96.77,0.52,97.65,99.99,1.79,91.9,0,TRUE,Desulfobacterales_bacterium_nYD0425bin5,PRJNA400260,SAMN15005478,JADGCY000000000,Scaffold,Illumina HiSeq,2020/5/24,"Institute of Geology and Geophysics, Chinese Academy of Sciences",33126926,2020,Expanding magnetic organelle biogenesis in the domain Bacteria,"W Lin, et al.",10.1186/s40168-020-00931-9,Microbiome,"China: Yuandadu Park, Beijing",39.974732 N 116.368688 E,39.974732,116.368688,Biosample/Paper,freshwater,freshwater,Yes,No
GCA_015228695.1,GCA_015228695.1_Alphaproteobacteria_bacterium_nYQH56bin3,d__Bacteria;p__Pseudomonadota;c__Alphaproteobacteria;o__Rhodospirillales;f__Rhodospirillaceae;g__JADGDA01;s__JADGDA01 sp015228695,436,2796001,65.57,8577,2640,18,"{'Ser', 'Cys', 'Arg', 'Met', 'Val', 'Asp', 'Gly', 'Leu', 'Asn', 'Gln', 'Trp', 'Ala', 'Phe', 'Lys', 'Glu', 'His', 'Thr', 'Pro'}",1,1,0,0,81.68,0.5,83.98,80.14,0.83,74.2,0,TRUE,Alphaproteobacteria_bacterium_nYQH56bin3,PRJNA400260,SAMN15005533,JADGDA000000000,Contig,Illumina HiSeq,2020/5/24,"Institute of Geology and Geophysics, Chinese Academy of Sciences",33126926,2020,Expanding magnetic organelle biogenesis in the domain Bacteria,"W Lin, et al.",10.1186/s40168-020-00931-9,Microbiome,"China: Yanqi Lake, Beijing",40.39833 N 116.67777 E,40.39833,116.67777,Biosample/Paper,freshwater,freshwater,Yes,No
GCA_015228775.1,GCA_015228775.1_Magnetococcales_bacterium_nYD0423bin3,d__Bacteria;p__Pseudomonadota;c__Magnetococcia;o__Magnetococcales;f__Magnetaquicoccaceae;g__Magnetaquicoccus;s__Magnetaquicoccus sp002753095,146,4504422,55.48,60044,3873,20,"{'Ala', 'Lys', 'Thr', 'Val', 'Trp', 'Ile', 'Met', 'Gln', 'Leu', 'Asn', 'Glu', 'Pro', 'Ser', 'Cys', 'Arg', 'Asp', 'Gly', 'Phe', 'His', 'Tyr'}",3,2,1,0,98.94,1.26,97.7,99.38,1.7,96.8,0,TRUE,Magnetococcales_bacterium_nYD0423bin3,PRJNA400260,SAMN15005603,JADGCW000000000,Scaffold,Illumina HiSeq,2020/5/24,"Institute of Geology and Geophysics, Chinese Academy of Sciences",33126926,2020,Expanding magnetic organelle biogenesis in the domain Bacteria,"W Lin, et al.",10.1186/s40168-020-00931-9,Microbiome,"China: Yuandadu Park, Beijing",39.974732 N 116.368688 E,39.974732,116.368688,Biosample/Paper,freshwater,freshwater,Yes,No
GCA_015228785.1,GCA_015228785.1_Candidatus_Omnitrophica_bacterium_nXXbin4,d__Bacteria;p__Omnitrophota;c__Koll11;o__Zapsychrales;f__Fredricksoniimonadaceae;g__JAAYZZ01;s__JAAYZZ01 sp015228785,123,2023619,46.42,29252,1873,18,"{'Ser', 'Arg', 'Val', 'Met', 'Asp', 'Gly', 'Leu', 'Asn', 'Gln', 'Trp', 'Glu', 'His', 'Lys', 'Ala', 'Phe', 'Thr', 'Pro', 'Tyr'}",2,1,0,1,79.91,1.17,82.46,86.13,0.63,74.2,0,TRUE,Candidatus_Omnitrophota_bacterium_nXXbin4,PRJNA400260,SAMN15005520,JADGCU000000000,Scaffold,Illumina HiSeq,2020/5/24,"Institute of Geology and Geophysics, Chinese Academy of Sciences",33126926,2020,Expanding magnetic organelle biogenesis in the domain Bacteria,"W Lin, et al.",10.1186/s40168-020-00931-9,Microbiome,"China: Aiken creek, Qinghai",38.170074 N 90.57854 E,38.170074,90.57854,Biosample/Paper,freshwater,freshwater,Yes,No
GCA_015228815.1,GCA_015228815.1_Magnetococcales_bacterium_nYD0423bin2,d__Bacteria;p__Pseudomonadota;c__Magnetococcia;o__Magnetococcales;f__UBA8363;g__UBA8363;s__UBA8363 sp015228815,97,4218176,56.86,82296,3637,20,"{'Ala', 'Lys', 'Thr', 'Val', 'Trp', 'Ile', 'Met', 'Gln', 'Leu', 'Asn', 'Glu', 'Pro', 'Ser', 'Cys', 'Arg', 'Asp', 'Gly', 'Phe', 'His', 'Tyr'}",5,2,1,2,96.64,2.1,99.18,99.99,0.8,95.1,1.6,TRUE,Magnetococcales_bacterium_nYD0423bin2,PRJNA400260,SAMN15005575,JADGCV000000000,Scaffold,Illumina HiSeq,2020/5/24,"Institute of Geology and Geophysics, Chinese Academy of Sciences",33126926,2020,Expanding magnetic organelle biogenesis in the domain Bacteria,"W Lin, et al.",10.1186/s40168-020-00931-9,Microbiome,"China: Yuandadu Park, Beijing",39.974732 N 116.368688 E,39.974732,116.368688,Biosample/Paper,freshwater,freshwater,Yes,No
GCA_015228825.1,GCA_015228825.1_Magnetococcales_bacterium_nYD0425bin13,d__Bacteria;p__Pseudomonadota;c__Magnetococcia;o__Magnetococcales;f__Magnetaquicoccaceae;g__Magnetaquicoccus;s__Magnetaquicoccus sp002753095,231,4219362,55.36,32122,3635,19,"{'Ala', 'Lys', 'Thr', 'Val', 'Trp', 'Ile', 'Met', 'Gln', 'Leu', 'Asn', 'Glu', 'Pro', 'Ser', 'Arg', 'Asp', 'Gly', 'Phe', 'His', 'Tyr'}",2,2,0,0,98.1,1.26,94.22,95.52,1.35,94.4,0,TRUE,Magnetococcales_bacterium_nYD0425bin13,PRJNA400260,SAMN15005604,JADGCX000000000,Scaffold,Illumina HiSeq,2020/5/24,"Institute of Geology and Geophysics, Chinese Academy of Sciences",33126926,2020,Expanding magnetic organelle biogenesis in the domain Bacteria,"W Lin, et al.",10.1186/s40168-020-00931-9,Microbiome,"China: Yuandadu Park, Beijing",39.974732 N 116.368688 E,39.974732,116.368688,Biosample/Paper,freshwater,freshwater,Yes,No
GCA_015228835.1,GCA_015228835.1_Desulfamplus_sp._nXXbin12,d__Bacteria;p__Desulfobacterota;c__Desulfobacteria;o__Desulfobacterales;f__Desulfobacteraceae;g__Desulfamplus;s__Desulfamplus sp015232465,369,2585509,37.76,9633,2077,10,"{'Ser', 'Arg', 'Met', 'Val', 'Gln', 'Leu', 'Glu', 'Phe', 'Ala', 'Pro'}",0,0,0,0,57.14,0,73.27,71.55,4.07,43.5,3.2,TRUE,Desulfamplus_sp._nXXbin12,PRJNA400260,SAMN15005473,JADGCT000000000,Scaffold,Illumina HiSeq,2020/5/24,"Institute of Geology and Geophysics, Chinese Academy of Sciences",33126926,2020,Expanding magnetic organelle biogenesis in the domain Bacteria,"W Lin, et al.",10.1186/s40168-020-00931-9,Microbiome,"China: Aiken creek, Qinghai",38.170074 N 90.57854 E,38.170074,90.57854,Biosample/Paper,freshwater,freshwater,Yes,No
GCA_015228875.1,GCA_015228875.1_Deltaproteobacteria_bacterium_nXXbin1,d__Bacteria;p__UBA10199;c__UBA10199;o__UBA10199;f__JADGCS01;g__JADGCS01;s__JADGCS01 sp015228875,228,4584649,47.04,34535,3952,19,"{'Ala', 'Lys', 'Thr', 'Val', 'Trp', 'Met', 'Gln', 'Leu', 'Asn', 'Glu', 'Pro', 'Ser', 'Cys', 'Arg', 'Asp', 'Gly', 'Phe', 'His', 'Tyr'}",3,1,1,1,93.7,0.05,94.79,96.7,4.37,94.3,1.6,TRUE,Deltaproteobacteria_bacterium_nXXbin1,PRJNA400260,SAMN15005615,JADGCS000000000,Scaffold,Illumina HiSeq,2020/5/24,"Institute of Geology and Geophysics, Chinese Academy of Sciences",33126926,2020,Expanding magnetic organelle biogenesis in the domain Bacteria,"W Lin, et al.",10.1186/s40168-020-00931-9,Microbiome,"China: Aiken creek, Qinghai",38.170074 N 90.57854 E,38.170074,90.57854,Biosample/Paper,freshwater,freshwater,Yes,No
GCA_015228895.1,GCA_015228895.1_Magnetococcales_bacterium_nWRX3bin7,d__Bacteria;p__Pseudomonadota;c__Magnetococcia;o__Magnetococcales;f__Magnetaquicoccaceae;g__WMHbin3;s__WMHbin3 sp015228895,501,2890396,61.11,7739,2617,15,"{'Ser', 'Arg', 'Met', 'Val', 'Gly', 'Leu', 'Gln', 'Asn', 'Ala', 'His', 'Lys', 'Phe', 'Thr', 'Pro', 'Ile'}",1,1,0,0,61.21,1.72,70.69,74.38,6.89,46.8,0,TRUE,Magnetococcales_bacterium_nWRX3bin7,PRJNA400260,SAMN15005601,JADGCR000000000,Contig,Illumina HiSeq,2020/5/24,"Institute of Geology and Geophysics, Chinese Academy of Sciences",33126926,2020,Expanding magnetic organelle biogenesis in the domain Bacteria,"W Lin, et al.",10.1186/s40168-020-00931-9,Microbiome,China: Innermogolia,48.455 N 117.63305 E,48.455,117.63305,Biosample/Paper,freshwater,freshwater,Yes,No
GCA_015228915.1,GCA_015228915.1_Alphaproteobacteria_bacterium_nWRX3bin4,d__Bacteria;p__Pseudomonadota;c__Alphaproteobacteria;o__Rhodospirillales;f__Rhodospirillaceae;g__JADGDA01;s__JADGDA01 sp015228695,411,2589846,66.09,8279,2463,18,"{'Ser', 'Cys', 'Arg', 'Met', 'Val', 'Asp', 'Gly', 'Leu', 'Gln', 'Asn', 'Trp', 'Pro', 'Glu', 'Phe', 'Lys', 'Ala', 'Thr', 'His'}",0,0,0,0,78.32,0.18,78.79,77.03,1,66.9,0,TRUE,Alphaproteobacteria_bacterium_nWRX3bin4,PRJNA400260,SAMN15005532,JADGCP000000000,Scaffold,Illumina HiSeq,2020/5/24,"Institute of Geology and Geophysics, Chinese Academy of Sciences",33126926,2020,Expanding magnetic organelle biogenesis in the domain Bacteria,"W Lin, et al.",10.1186/s40168-020-00931-9,Microbiome,China: Innermogolia,48.455 N 117.63305 E,48.455,117.63305,Biosample/Paper,freshwater,freshwater,Yes,No
GCA_015228925.1,GCA_015228925.1_Magnetococcales_bacterium_nWRX3bin6,d__Bacteria;p__Pseudomonadota;c__Magnetococcia;o__Magnetococcales;f__UBA8363;g__UBA8363;s__UBA8363 sp015228925,219,4250176,52.02,32202,3765,20,"{'Ala', 'Lys', 'Thr', 'Val', 'Trp', 'Ile', 'Met', 'Gln', 'Leu', 'Asn', 'Glu', 'Pro', 'Ser', 'Cys', 'Arg', 'Asp', 'Gly', 'Phe', 'His', 'Tyr'}",2,1,0,1,97.48,2.94,99.5,99.81,0.96,94.3,0.8,TRUE,Magnetococcales_bacterium_nWRX3bin6,PRJNA400260,SAMN15005574,JADGCQ000000000,Scaffold,Illumina HiSeq,2020/5/24,"Institute of Geology and Geophysics, Chinese Academy of Sciences",33126926,2020,Expanding magnetic organelle biogenesis in the domain Bacteria,"W Lin, et al.",10.1186/s40168-020-00931-9,Microbiome,China: Innermogolia,48.455 N 117.63305 E,48.455,117.63305,Biosample/Paper,freshwater,freshwater,Yes,No
GCA_015228935.1,GCA_015228935.1_Magnetococcales_bacterium_nWRX3bin2,d__Bacteria;p__Pseudomonadota;c__Magnetococcia;o__Magnetococcales;f__DC0425bin3;g__HA3dbin3;s__HA3dbin3 sp015228935,197,4705593,54.61,41621,4157,19,"{'Ala', 'Lys', 'Thr', 'Val', 'Trp', 'Met', 'Gln', 'Leu', 'Asn', 'Glu', 'Pro', 'Ser', 'Cys', 'Arg', 'Asp', 'Gly', 'Phe', 'His', 'Tyr'}",1,1,0,0,95.63,0,100,99.99,1.78,93.5,0.8,TRUE,Magnetococcales_bacterium_nWRX3bin2,PRJNA400260,SAMN15005564,JADGCO000000000,Scaffold,Illumina HiSeq,2020/5/24,"Institute of Geology and Geophysics, Chinese Academy of Sciences",33126926,2020,Expanding magnetic organelle biogenesis in the domain Bacteria,"W Lin, et al.",10.1186/s40168-020-00931-9,Microbiome,China: Innermogolia,48.455 N 117.63305 E,48.455,117.63305,Biosample/Paper,freshwater,freshwater,Yes,No
GCA_015228975.1,GCA_015228975.1_Magnetococcales_bacterium_nWRX3bin12,d__Bacteria;p__Pseudomonadota;c__Magnetococcia;o__Magnetococcales;f__UBA8363;g__UBA8363;s__UBA8363 sp015228975,234,3749591,52.93,22708,3294,13,"{'Ser', 'Arg', 'Met', 'Val', 'Asp', 'Gly', 'Leu', 'Ala', 'Glu', 'Lys', 'Thr', 'Pro', 'Ile'}",1,1,0,0,78.88,3.85,75.9,77.46,1.89,72.6,3.2,TRUE,Magnetococcales_bacterium_nWRX3bin12,PRJNA400260,SAMN15005573,JADGCN000000000,Scaffold,Illumina HiSeq,2020/5/24,"Institute of Geology and Geophysics, Chinese Academy of Sciences",33126926,2020,Expanding magnetic organelle biogenesis in the domain Bacteria,"W Lin, et al.",10.1186/s40168-020-00931-9,Microbiome,China: Innermogolia,48.455 N 117.63305 E,48.455,117.63305,Biosample/Paper,freshwater,freshwater,Yes,No
GCA_015228995.1,GCA_015228995.1_Magnetococcales_bacterium_nWRX3bin11,d__Bacteria;p__Pseudomonadota;c__Magnetococcia;o__Magnetococcales;f__JADGCH01;g__JADGCH01;s__JADGCH01 sp015228995,287,1964340,53.76,9873,1793,13,"{'Ser', 'Cys', 'Met', 'Val', 'Asp', 'Gln', 'Gly', 'Asn', 'Glu', 'Ala', 'Thr', 'Pro', 'Ile'}",0,0,0,0,65.43,0,69.45,67.98,0.56,50.8,0.8,TRUE,Magnetococcales_bacterium_nWRX3bin11,PRJNA400260,SAMN15005559,JADGCM000000000,Scaffold,Illumina HiSeq,2020/5/24,"Institute of Geology and Geophysics, Chinese Academy of Sciences",33126926,2020,Expanding magnetic organelle biogenesis in the domain Bacteria,"W Lin, et al.",10.1186/s40168-020-00931-9,Microbiome,China: Innermogolia,48.455 N 117.63305 E,48.455,117.63305,Biosample/Paper,freshwater,freshwater,Yes,No
GCA_015229005.1,GCA_015229005.1_Magnetococcales_bacterium_nWRX3bin10,d__Bacteria;p__Pseudomonadota;c__Magnetococcia;o__Magnetococcales;f__JADGCL01;g__JADGCL01;s__JADGCL01 sp015229005,173,3279066,62.87,36559,2762,18,"{'Ser', 'Arg', 'Val', 'Met', 'Asp', 'Gly', 'Leu', 'Asn', 'Gln', 'Trp', 'Ala', 'Glu', 'Lys', 'Phe', 'Thr', 'Pro', 'Tyr', 'Ile'}",2,1,0,1,58.62,0,78.61,76.47,0.87,52.4,0,TRUE,Magnetococcales_bacterium_nWRX3bin10,PRJNA400260,SAMN15005558,JADGCL000000000,Scaffold,Illumina HiSeq,2020/5/24,"Institute of Geology and Geophysics, Chinese Academy of Sciences",33126926,2020,Expanding magnetic organelle biogenesis in the domain Bacteria,"W Lin, et al.",10.1186/s40168-020-00931-9,Microbiome,China: Innermogolia,48.455 N 117.63305 E,48.455,117.63305,Biosample/Paper,freshwater,freshwater,Yes,No
GCA_015229035.1,GCA_015229035.1_Magnetococcales_bacterium_nWRX2bin6,d__Bacteria;p__Pseudomonadota;c__Magnetococcia;o__Magnetococcales;f__UBA8363;g__UBA8363;s__UBA8363 sp002753735,210,4720370,54.25,37239,4030,20,"{'Ala', 'Lys', 'Thr', 'Val', 'Trp', 'Ile', 'Met', 'Gln', 'Leu', 'Asn', 'Glu', 'Pro', 'Ser', 'Cys', 'Arg', 'Asp', 'Gly', 'Phe', 'His', 'Tyr'}",1,1,0,0,97.48,2.1,99.59,100,0.48,95.2,0,TRUE,Magnetococcales_bacterium_nWRX2bin6,PRJNA400260,SAMN15005584,JADGCK000000000,Scaffold,Illumina HiSeq,2020/5/24,"Institute of Geology and Geophysics, Chinese Academy of Sciences",33126926,2020,Expanding magnetic organelle biogenesis in the domain Bacteria,"W Lin, et al.",10.1186/s40168-020-00931-9,Microbiome,China: Innermogolia,48.23111 N 117.62277 E,48.23111,117.62277,Biosample/Paper,freshwater,freshwater,Yes,No
GCA_015229045.1,GCA_015229045.1_Magnetococcales_bacterium_nWRX1bin6,d__Bacteria;p__Pseudomonadota;c__Magnetococcia;o__Magnetococcales;f__DC0425bin3;g__HA3dbin3;s__HA3dbin3 sp015229045,283,4081011,57.46,24368,3535,19,"{'Ala', 'Lys', 'Thr', 'Val', 'Trp', 'Ile', 'Met', 'Gln', 'Leu', 'Asn', 'Glu', 'Pro', 'Ser', 'Cys', 'Arg', 'Asp', 'Gly', 'Phe', 'Tyr'}",2,1,1,0,83.19,5.04,87.81,87.09,7.46,88.7,3.2,TRUE,Magnetococcales_bacterium_nWRX1bin6,PRJNA400260,SAMN15005563,JADGCJ000000000,Scaffold,Illumina HiSeq,2020/5/24,"Institute of Geology and Geophysics, Chinese Academy of Sciences",33126926,2020,Expanding magnetic organelle biogenesis in the domain Bacteria,"W Lin, et al.",10.1186/s40168-020-00931-9,Microbiome,China: Innermogolia,48.23222 N 117.62305 E,48.23222,117.62305,Biosample/Paper,freshwater,freshwater,Yes,No
GCA_015229055.1,GCA_015229055.1_Magnetococcales_bacterium_nWRX1bin5,d__Bacteria;p__Pseudomonadota;c__Magnetococcia;o__Magnetococcales;f__UBA8363;g__UBA8363;s__UBA8363 sp002753735,173,4550986,54.4,42614,3852,19,"{'Ala', 'Lys', 'Thr', 'Val', 'Trp', 'Met', 'Gln', 'Leu', 'Asn', 'Glu', 'Pro', 'Ser', 'Cys', 'Arg', 'Asp', 'Gly', 'Phe', 'His', 'Tyr'}",1,1,0,0,94.12,2.1,97.35,99.34,0.72,91.1,0,TRUE,Magnetococcales_bacterium_nWRX1bin5,PRJNA400260,SAMN15005583,JADGCI000000000,Scaffold,Illumina HiSeq,2020/5/24,"Institute of Geology and Geophysics, Chinese Academy of Sciences",33126926,2020,Expanding magnetic organelle biogenesis in the domain Bacteria,"W Lin, et al.",10.1186/s40168-020-00931-9,Microbiome,China: Innermogolia,48.23222 N 117.62305 E,48.23222,117.62305,Biosample/Paper,freshwater,freshwater,Yes,No
GCA_015229095.1,GCA_015229095.1_Magnetococcales_bacterium_nWRX1bin1,d__Bacteria;p__Pseudomonadota;c__Magnetococcia;o__Magnetococcales;f__Magnetaquicoccaceae;g__HCHbin5;s__HCHbin5 sp015229095,200,2629331,59.27,17832,2221,19,"{'Ala', 'Lys', 'Thr', 'Val', 'Ile', 'Met', 'Gln', 'Leu', 'Asn', 'Glu', 'Pro', 'Ser', 'Cys', 'Arg', 'Asp', 'Gly', 'Phe', 'His', 'Tyr'}",1,1,0,0,75.18,1.68,75.44,72.69,0.39,56.5,0,TRUE,Magnetococcales_bacterium_nWRX1bin1,PRJNA400260,SAMN15005587,JADGCE000000000,Scaffold,Illumina HiSeq,2020/5/24,"Institute of Geology and Geophysics, Chinese Academy of Sciences",33126926,2020,Expanding magnetic organelle biogenesis in the domain Bacteria,"W Lin, et al.",10.1186/s40168-020-00931-9,Microbiome,China: Innermogolia,48.23222 N 117.62305 E,48.23222,117.62305,Biosample/Paper,freshwater,freshwater,Yes,No
GCA_015229105.1,GCA_015229105.1_Magnetococcales_bacterium_nWRX1bin12,d__Bacteria;p__Pseudomonadota;c__Magnetococcia;o__Magnetococcales;f__JADGCL01;g__JADGCL01;s__JADGCL01 sp015229005,199,2774909,62.96,27522,2327,17,"{'Ser', 'Cys', 'Arg', 'Met', 'Val', 'Gly', 'Gln', 'Asn', 'Leu', 'Glu', 'Ala', 'Lys', 'Phe', 'Thr', 'Pro', 'Tyr', 'Ile'}",2,1,0,1,58.4,1.26,70.51,70.33,1.2,70.2,0,TRUE,Magnetococcales_bacterium_nWRX1bin12,PRJNA400260,SAMN15005556,JADGCG000000000,Scaffold,Illumina HiSeq,2020/5/24,"Institute of Geology and Geophysics, Chinese Academy of Sciences",33126926,2020,Expanding magnetic organelle biogenesis in the domain Bacteria,"W Lin, et al.",10.1186/s40168-020-00931-9,Microbiome,China: Innermogolia,48.23222 N 117.62305 E,48.23222,117.62305,Biosample/Paper,freshwater,freshwater,Yes,No
GCA_015229115.1,GCA_015229115.1_Magnetococcales_bacterium_nWRX1bin3,d__Bacteria;p__Pseudomonadota;c__Magnetococcia;o__Magnetococcales;f__JADGCH01;g__JADGCH01;s__JADGCH01 sp015229115,184,3146079,54.88,35126,2759,20,"{'Ala', 'Lys', 'Thr', 'Val', 'Trp', 'Ile', 'Met', 'Gln', 'Leu', 'Asn', 'Glu', 'Pro', 'Ser', 'Cys', 'Arg', 'Asp', 'Gly', 'Phe', 'His', 'Tyr'}",1,1,0,0,91.04,3.36,96.5,93.02,5.43,87.9,4,TRUE,Magnetococcales_bacterium_nWRX1bin3,PRJNA400260,SAMN15005557,JADGCH000000000,Scaffold,Illumina HiSeq,2020/5/24,"Institute of Geology and Geophysics, Chinese Academy of Sciences",33126926,2020,Expanding magnetic organelle biogenesis in the domain Bacteria,"W Lin, et al.",10.1186/s40168-020-00931-9,Microbiome,China: Innermogolia,48.23222 N 117.62305 E,48.23222,117.62305,Biosample/Paper,freshwater,freshwater,Yes,No
GCA_015229135.1,GCA_015229135.1_Magnetococcales_bacterium_nWRX1bin11,d__Bacteria;p__Pseudomonadota;c__Magnetococcia;o__Magnetococcales;f__Magnetaquicoccaceae;g__JAANAU01;s__JAANAU01 sp015231775,254,3564413,60.94,22436,3098,18,"{'Ser', 'Arg', 'Val', 'Met', 'Asp', 'Gln', 'Leu', 'Gly', 'Asn', 'Trp', 'Ala', 'Phe', 'Lys', 'Glu', 'His', 'Thr', 'Pro', 'Ile'}",1,1,0,0,75.33,5.04,80.43,81.97,4.53,81.4,2.4,TRUE,Magnetococcales_bacterium_nWRX1bin11,PRJNA400260,SAMN15005600,JADGCF000000000,Scaffold,Illumina HiSeq,2020/5/24,"Institute of Geology and Geophysics, Chinese Academy of Sciences",33126926,2020,Expanding magnetic organelle biogenesis in the domain Bacteria,"W Lin, et al.",10.1186/s40168-020-00931-9,Microbiome,China: Innermogolia,48.23222 N 117.62305 E,48.23222,117.62305,Biosample/Paper,freshwater,freshwater,Yes,No
GCA_015229165.1,GCA_015229165.1_Nitrospinae_bacterium_nWMHbin6,d__Bacteria;p__Nitrospinota;c__UBA7883;o__UBA7883;f__JADGGD01;g__JADGCD01;s__JADGCD01 sp015229165,346,2310852,63.95,9145,2202,17,"{'Ser', 'Cys', 'Arg', 'Met', 'Val', 'Asp', 'Gln', 'Leu', 'Gly', 'Trp', 'Ala', 'Phe', 'His', 'Glu', 'Lys', 'Thr', 'Pro'}",4,1,2,1,73.74,0.85,73.53,74.41,0.95,72.6,0.8,TRUE,Nitrospinota_bacterium_nWMHbin6,PRJNA400260,SAMN15005486,JADGCD000000000,Scaffold,Illumina HiSeq,2020/5/24,"Institute of Geology and Geophysics, Chinese Academy of Sciences",33126926,2020,Expanding magnetic organelle biogenesis in the domain Bacteria,"W Lin, et al.",10.1186/s40168-020-00931-9,Microbiome,"China: Lake Weiming, Beijing",39.993142 N 116.30256 E,39.993142,116.30256,Biosample/Paper,freshwater,freshwater,Yes,No
GCA_015229215.1,GCA_015229215.1_Alphaproteobacteria_bacterium_nWMHbin5,d__Bacteria;p__Pseudomonadota;c__Alphaproteobacteria;o__Rhodospirillales;f__WMHbin7;g__WMHbin7;s__WMHbin7 sp002753155,80,3563391,59.35,105961,3478,19,"{'Ala', 'Lys', 'Thr', 'Val', 'Trp', 'Ile', 'Met', 'Gln', 'Leu', 'Asn', 'Glu', 'Pro', 'Ser', 'Cys', 'Arg', 'Asp', 'Gly', 'Phe', 'His'}",2,0,1,1,97.01,0,97.69,99.82,0.34,96.8,0.8,TRUE,Alphaproteobacteria_bacterium_nWMHbin5,PRJNA400260,SAMN15005544,JADGCC000000000,Scaffold,Illumina HiSeq,2020/5/24,"Institute of Geology and Geophysics, Chinese Academy of Sciences",33126926,2020,Expanding magnetic organelle biogenesis in the domain Bacteria,"W Lin, et al.",10.1186/s40168-020-00931-9,Microbiome,"China: Lake Weiming, Beijing",39.993142 N 116.30256 E,39.993142,116.30256,Biosample/Paper,freshwater,freshwater,Yes,No
GCA_015231175.1,GCA_015231175.1_Magnetococcales_bacterium_nWMHbin2,d__Bacteria;p__Pseudomonadota;c__Magnetococcia;o__Magnetococcales;f__DC0425bin3;g__HA3dbin3;s__HA3dbin3 sp015231175,175,3812214,57.17,39732,3293,19,"{'Ala', 'Lys', 'Thr', 'Val', 'Trp', 'Met', 'Gln', 'Leu', 'Asn', 'Glu', 'Pro', 'Ser', 'Cys', 'Arg', 'Asp', 'Gly', 'Phe', 'His', 'Tyr'}",1,1,0,0,95.38,0.84,100,99.81,0.2,94.3,0.8,TRUE,Magnetococcales_bacterium_nWMHbin2,PRJNA400260,SAMN15005562,JADGBZ000000000,Scaffold,Illumina HiSeq,2020/5/24,"Institute of Geology and Geophysics, Chinese Academy of Sciences",33126926,2020,Expanding magnetic organelle biogenesis in the domain Bacteria,"W Lin, et al.",10.1186/s40168-020-00931-9,Microbiome,"China: Lake Weiming, Beijing",39.993142 N 116.30256 E,39.993142,116.30256,Biosample/Paper,freshwater,freshwater,Yes,No
GCA_015231205.1,GCA_015231205.1_Magnetococcales_bacterium_nWMHbin4,d__Bacteria;p__Pseudomonadota;c__Magnetococcia;o__Magnetococcales;f__UBA8363;g__UBA8363;s__UBA8363 sp002753735,207,4156077,54.29,31156,3561,20,"{'Ala', 'Lys', 'Thr', 'Val', 'Trp', 'Ile', 'Met', 'Gln', 'Leu', 'Asn', 'Glu', 'Pro', 'Ser', 'Cys', 'Arg', 'Asp', 'Gly', 'Phe', 'His', 'Tyr'}",2,1,0,1,97.48,2.1,98.07,99.92,0.23,91.9,0,TRUE,Magnetococcales_bacterium_nWMHbin4,PRJNA400260,SAMN15005582,JADGCB000000000,Scaffold,Illumina HiSeq,2020/5/24,"Institute of Geology and Geophysics, Chinese Academy of Sciences",33126926,2020,Expanding magnetic organelle biogenesis in the domain Bacteria,"W Lin, et al.",10.1186/s40168-020-00931-9,Microbiome,"China: Lake Weiming, Beijing",39.993142 N 116.30256 E,39.993142,116.30256,Biosample/Paper,freshwater,freshwater,Yes,No
GCA_015231215.1,GCA_015231215.1_Magnetococcales_bacterium_nWMHbin1,d__Bacteria;p__Pseudomonadota;c__Magnetococcia;o__Magnetococcales;f__Magnetaquicoccaceae;g__Magnetaquicoccus;s__Magnetaquicoccus sp002753135,116,4373155,54.97,83117,3664,20,"{'Ala', 'Lys', 'Thr', 'Val', 'Trp', 'Ile', 'Met', 'Gln', 'Leu', 'Asn', 'Glu', 'Pro', 'Ser', 'Cys', 'Arg', 'Asp', 'Gly', 'Phe', 'His', 'Tyr'}",1,1,0,0,96.69,2.63,97.61,99.84,1.55,94.3,0.8,TRUE,Magnetococcales_bacterium_nWMHbin1,PRJNA400260,SAMN15005605,JADGBY000000000,Scaffold,Illumina HiSeq,2020/5/24,"Institute of Geology and Geophysics, Chinese Academy of Sciences",33126926,2020,Expanding magnetic organelle biogenesis in the domain Bacteria,"W Lin, et al.",10.1186/s40168-020-00931-9,Microbiome,"China: Lake Weiming, Beijing",39.993142 N 116.30256 E,39.993142,116.30256,Biosample/Paper,freshwater,freshwater,Yes,No
GCA_015231235.1,GCA_015231235.1_Magnetococcales_bacterium_nWMHbin3,d__Bacteria;p__Pseudomonadota;c__Magnetococcia;o__Magnetococcales;f__Magnetaquicoccaceae;g__WMHbin3;s__WMHbin3 sp002753185,167,4974826,61.57,59272,4338,19,"{'Ala', 'Lys', 'Thr', 'Val', 'Trp', 'Ile', 'Met', 'Gln', 'Leu', 'Asn', 'Glu', 'Pro', 'Ser', 'Arg', 'Asp', 'Gly', 'Phe', 'His', 'Tyr'}",0,0,0,0,96.89,2.94,98.71,99.99,3.01,94.3,1.6,TRUE,Magnetococcales_bacterium_nWMHbin3,PRJNA400260,SAMN15005602,JADGCA000000000,Scaffold,Illumina HiSeq,2020/5/24,"Institute of Geology and Geophysics, Chinese Academy of Sciences",33126926,2020,Expanding magnetic organelle biogenesis in the domain Bacteria,"W Lin, et al.",10.1186/s40168-020-00931-9,Microbiome,"China: Lake Weiming, Beijing",39.993142 N 116.30256 E,39.993142,116.30256,Biosample/Paper,freshwater,freshwater,Yes,No
GCA_015231265.1,GCA_015231265.1_Magnetococcales_bacterium_nwalbin5,d__Bacteria;p__Pseudomonadota;c__Magnetococcia;o__Magnetococcales;f__JADGBX01;g__JADGBX01;s__JADGBX01 sp015231265,459,3818756,55.87,12313,3352,14,"{'Ser', 'Arg', 'Val', 'Met', 'Gln', 'Leu', 'Gly', 'Glu', 'Ala', 'Lys', 'Phe', 'Thr', 'Pro', 'Ile'}",2,2,0,0,78.85,1.59,78.07,79.79,1.6,72.6,0,TRUE,Magnetococcales_bacterium_nwalbin5,PRJNA400260,SAMN15005549,JADGBX000000000,Contig,Illumina HiSeq,2020/5/24,"Institute of Geology and Geophysics, Chinese Academy of Sciences",33126926,2020,Expanding magnetic organelle biogenesis in the domain Bacteria,"W Lin, et al.",10.1186/s40168-020-00931-9,Microbiome,Australia: Wallaga Lake,36.36013 S 150.07384 E,-36.36013,150.07384,Biosample/Paper,hypersaline,hypersaline,Yes,No
GCA_015231295.1,GCA_015231295.1_Magnetococcales_bacterium_nW5bin3,d__Bacteria;p__Pseudomonadota;c__Magnetococcia;o__Magnetococcales;f__Magnetaquicoccaceae;g__JAANAU01;s__JAANAU01 sp015231295,353,3790407,59.17,16624,3315,13,"{'Ser', 'Arg', 'Val', 'Met', 'Gln', 'Leu', 'Asn', 'Gly', 'Trp', 'Ala', 'Phe', 'Thr', 'Pro'}",1,1,0,0,88.72,0.84,84.69,80.99,0.91,72.6,0,TRUE,Magnetococcales_bacterium_nW5bin3,PRJNA400260,SAMN15005599,JADGBU000000000,Scaffold,Illumina HiSeq,2020/5/24,"Institute of Geology and Geophysics, Chinese Academy of Sciences",33126926,2020,Expanding magnetic organelle biogenesis in the domain Bacteria,"W Lin, et al.",10.1186/s40168-020-00931-9,Microbiome,China: Innermogolia,41.564702 N 109.081861 E,41.564702,109.081861,Biosample/Paper,freshwater,freshwater,Yes,No
GCA_015231305.1,GCA_015231305.1_Magnetococcales_bacterium_nwagbin5,d__Bacteria;p__Pseudomonadota;c__Magnetococcia;o__Magnetococcales;f__UBA8363;g__GCA-2753565;s__GCA-2753565 sp015231305,238,3957690,38.49,22682,3109,12,"{'Cys', 'Arg', 'Val', 'Asp', 'Gly', 'Leu', 'Asn', 'Gln', 'Glu', 'Lys', 'Thr', 'Pro'}",0,0,0,0,87.17,1.26,83.12,82.65,1.35,74.2,0.8,TRUE,Magnetococcales_bacterium_nwagbin5,PRJNA400260,SAMN15005570,JADGBW000000000,Scaffold,Illumina HiSeq,2020/5/24,"Institute of Geology and Geophysics, Chinese Academy of Sciences",33126926,2020,Expanding magnetic organelle biogenesis in the domain Bacteria,"W Lin, et al.",10.1186/s40168-020-00931-9,Microbiome,Australia: Waganaga Inlet,36.21831 S 150.12168 E,-36.21831,150.12168,Biosample/Paper,hypersaline,hypersaline,Yes,No
GCA_015231325.1,GCA_015231325.1_Oligoflexia_bacterium_nW3bin19,d__Bacteria;p__Bdellovibrionota;c__Bacteriovoracia;o__Bacteriovoracales;f__Bacteriovoracaceae;g__JADGAN01;s__JADGAN01 sp015231325,470,4367188,38.41,14912,3800,18,"{'Ser', 'Cys', 'Arg', 'Met', 'Val', 'Asp', 'Gly', 'Gln', 'Asn', 'Leu', 'Trp', 'Ala', 'Glu', 'Phe', 'His', 'Thr', 'Pro', 'Ile'}",0,0,0,0,60.7,0,65.98,75.4,3.18,38.7,0,TRUE,Oligoflexia_bacterium_nW3bin19,PRJNA400260,SAMN15005452,JADGBS000000000,Scaffold,Illumina HiSeq,2020/5/24,"Institute of Geology and Geophysics, Chinese Academy of Sciences",33126926,2020,Expanding magnetic organelle biogenesis in the domain Bacteria,"W Lin, et al.",10.1186/s40168-020-00931-9,Microbiome,China: Innermogolia,41.564702 N 109.081861 E,41.564702,109.081861,Biosample/Paper,freshwater,freshwater,Yes,No
GCA_015231345.1,GCA_015231345.1_Planctomycetota_bacterium_nwagbin3,d__Bacteria;p__Planctomycetota;c__JADGBV01;o__JADGBV01;f__JADGBV01;g__JADGBV01;s__JADGBV01 sp015231345,588,4144283,41.73,9132,3361,16,"{'Ser', 'Arg', 'Met', 'Val', 'Asp', 'Gly', 'Leu', 'SeC', 'Asn', 'Trp', 'Pro', 'Ala', 'Glu', 'Phe', 'Lys', 'His'}",0,0,0,0,68.82,0.18,69.3,76.51,0.69,62.1,0,TRUE,Planctomycetota_bacterium_nwagbin3,PRJNA400260,SAMN15005531,JADGBV000000000,Scaffold,Illumina HiSeq,2020/5/24,"Institute of Geology and Geophysics, Chinese Academy of Sciences",33126926,2020,Expanding magnetic organelle biogenesis in the domain Bacteria,"W Lin, et al.",10.1186/s40168-020-00931-9,Microbiome,Australia: Waganaga Inlet,36.21831 S 150.12168 E,-36.21831,150.12168,Biosample/Paper,hypersaline,hypersaline,Yes,No
GCA_015231375.1,GCA_015231375.1_Magnetococcales_bacterium_nW5bin1,d__Bacteria;p__Pseudomonadota;c__Magnetococcia;o__Magnetococcales;f__Magnetaquicoccaceae;g__JAANAU01;s__JAANAU01 sp015231375,114,4103345,59.91,70955,3377,20,"{'Ala', 'Lys', 'Thr', 'Val', 'Trp', 'Ile', 'Met', 'Gln', 'Leu', 'Asn', 'Glu', 'Pro', 'Ser', 'Cys', 'Arg', 'Asp', 'Gly', 'Phe', 'His', 'Tyr'}",5,2,1,2,97.78,1.68,96.69,93.83,1.93,94.3,1.6,TRUE,Magnetococcales_bacterium_nW5bin1,PRJNA400260,SAMN15005598,JADGBT000000000,Scaffold,Illumina HiSeq,2020/5/24,"Institute of Geology and Geophysics, Chinese Academy of Sciences",33126926,2020,Expanding magnetic organelle biogenesis in the domain Bacteria,"W Lin, et al.",10.1186/s40168-020-00931-9,Microbiome,China: Innermogolia,41.564702 N 109.081861 E,41.564702,109.081861,Biosample/Paper,freshwater,freshwater,Yes,No
GCA_015231395.1,GCA_015231395.1_Desulfamplus_sp._nTSbin21,d__Bacteria;p__Desulfobacterota;c__Desulfobacteria;o__Desulfobacterales;f__Desulfobacteraceae;g__Desulfamplus;s__Desulfamplus sp015231395,548,2809879,39.13,6428,2332,12,"{'Cys', 'Met', 'Val', 'Gly', 'SeC', 'Asn', 'Gln', 'Ala', 'His', 'Thr', 'Pro', 'Ile'}",1,1,0,0,61.77,1.47,53.82,51.53,0.22,58.1,0,TRUE,Desulfamplus_sp._nTSbin21,PRJNA400260,SAMN15005466,JADGBP000000000,Scaffold,Illumina HiSeq,2020/5/24,"Institute of Geology and Geophysics, Chinese Academy of Sciences",33126926,2020,Expanding magnetic organelle biogenesis in the domain Bacteria,"W Lin, et al.",10.1186/s40168-020-00931-9,Microbiome,"China: Tuosu Lake, Qinghai",37.197953 N 96.868083 E,37.197953,96.868083,Biosample/Paper,brackish,brackish,Yes,No
GCA_015231405.1,GCA_015231405.1_Candidatus_Omnitrophica_bacterium_nW3bin14,d__Bacteria;p__Omnitrophota;c__Koll11;o__Tantalellales;f__Tantalellaceae;g__JADGBR01;s__JADGBR01 sp015231405,93,3659045,49.49,72303,2561,21,"{'Ala', 'Lys', 'Thr', 'Val', 'Trp', 'Ile', 'Met', 'Gln', 'Leu', 'Asn', 'Glu', 'Pro', 'Ser', 'Cys', 'Arg', 'Asp', 'Gly', 'SeC', 'Phe', 'His', 'Tyr'}",10,2,3,5,93.01,1.08,95.94,99.64,1.38,88.7,0.8,TRUE,Candidatus_Omnitrophota_bacterium_nW3bin14,PRJNA400260,SAMN15005529,JADGBR000000000,Scaffold,Illumina HiSeq,2020/5/24,"Institute of Geology and Geophysics, Chinese Academy of Sciences",33126926,2020,Expanding magnetic organelle biogenesis in the domain Bacteria,"W Lin, et al.",10.1186/s40168-020-00931-9,Microbiome,China: Innermogolia,41.564702 N 109.081861 E,41.564702,109.081861,Biosample/Paper,freshwater,freshwater,Yes,No
GCA_015231415.1,GCA_015231415.1_Desulfamplus_sp._nTSbin4,d__Bacteria;p__Desulfobacterota;c__Desulfobacteria;o__Desulfobacterales;f__Desulfobacteraceae;g__Desulfamplus;s__Desulfamplus sp015232465,196,3232689,37.6,26935,2585,17,"{'Ser', 'Cys', 'Arg', 'Met', 'Val', 'Asp', 'Gln', 'Leu', 'SeC', 'Asn', 'Gly', 'Trp', 'Ala', 'Phe', 'Lys', 'Glu', 'Pro'}",0,0,0,0,97.42,1.29,94.77,91.2,0.31,91.9,0,TRUE,Desulfamplus_sp._nTSbin4,PRJNA400260,SAMN15005467,JADGBQ000000000,Scaffold,Illumina HiSeq,2020/5/24,"Institute of Geology and Geophysics, Chinese Academy of Sciences",33126926,2020,Expanding magnetic organelle biogenesis in the domain Bacteria,"W Lin, et al.",10.1186/s40168-020-00931-9,Microbiome,"China: Tuosu Lake, Qinghai",37.197953 N 96.868083 E,37.197953,96.868083,Biosample/Paper,brackish,brackish,Yes,No
GCA_015231435.1,GCA_015231435.1_Gammaproteobacteria_bacterium_nTSbin2,d__Bacteria;p__Pseudomonadota;c__Gammaproteobacteria;o__BW-2;f__BW-2;g__JADFYS01;s__JADFYS01 sp015231435,223,2871643,52.9,19518,2673,17,"{'Ser', 'Cys', 'Arg', 'Val', 'Met', 'Asp', 'Gly', 'Leu', 'Gln', 'Trp', 'His', 'Ala', 'Lys', 'Glu', 'Thr', 'Pro', 'Ile'}",2,1,1,0,92.43,0.44,94.28,93.02,0.9,89.5,0,TRUE,Gammaproteobacteria_bacterium_nTSbin2,PRJNA400260,SAMN15005548,JADGBN000000000,Scaffold,Illumina HiSeq,2020/5/24,"Institute of Geology and Geophysics, Chinese Academy of Sciences",33126926,2020,Expanding magnetic organelle biogenesis in the domain Bacteria,"W Lin, et al.",10.1186/s40168-020-00931-9,Microbiome,"China: Tuosu Lake, Qinghai",37.197953 N 96.868083 E,37.197953,96.868083,Biosample/Paper,brackish,brackish,Yes,No
GCA_015231465.1,GCA_015231465.1_Desulfamplus_sp._nTSbin20,d__Bacteria;p__Desulfobacterota;c__Desulfobacteria;o__Desulfobacterales;f__Desulfobacteraceae;g__Desulfamplus;s__Desulfamplus sp015231465,402,3629071,47.21,12968,3026,16,"{'Ser', 'Arg', 'Val', 'Met', 'Asp', 'Pyl', 'Gly', 'SeC', 'Leu', 'Gln', 'Asn', 'Trp', 'Phe', 'Lys', 'Thr', 'Pro'}",1,1,0,0,78.06,5.22,72.01,74.28,3.69,66.2,6.5,TRUE,Desulfamplus_sp._nTSbin20,PRJNA400260,SAMN15005465,JADGBO000000000,Scaffold,Illumina HiSeq,2020/5/24,"Institute of Geology and Geophysics, Chinese Academy of Sciences",33126926,2020,Expanding magnetic organelle biogenesis in the domain Bacteria,"W Lin, et al.",10.1186/s40168-020-00931-9,Microbiome,"China: Tuosu Lake, Qinghai",37.197953 N 96.868083 E,37.197953,96.868083,Biosample/Paper,brackish,brackish,Yes,No
GCA_015231495.1,GCA_015231495.1_Planctomycetota_bacterium_nTSbin13,d__Bacteria;p__Planctomycetota;c__JADGBV01;o__JADGBV01;f__JADGBV01;g__;s__,642,3004308,56.47,5156,2875,15,"{'Ser', 'Arg', 'Asp', 'Gln', 'Leu', 'Asn', 'Gly', 'Trp', 'Pro', 'Ala', 'Glu', 'Lys', 'Thr', 'His', 'Tyr'}",2,1,0,1,58.65,0,60.61,52.93,1.65,51.6,1.6,TRUE,Planctomycetota_bacterium_nTSbin13,PRJNA400260,SAMN15005530,JADGBK000000000,Scaffold,Illumina HiSeq,2020/5/24,"Institute of Geology and Geophysics, Chinese Academy of Sciences",33126926,2020,Expanding magnetic organelle biogenesis in the domain Bacteria,"W Lin, et al.",10.1186/s40168-020-00931-9,Microbiome,"China: Tuosu Lake, Qinghai",37.197953 N 96.868083 E,37.197953,96.868083,Biosample/Paper,brackish,brackish,Yes,No
GCA_015231505.1,GCA_015231505.1_Alphaproteobacteria_bacterium_nTSbin12,d__Bacteria;p__Pseudomonadota;c__Alphaproteobacteria;o__Rhodospirillales_A;f__Magnetovibrionaceae;g__JADGBG01;s__JADGBG01 sp015231605,329,2394161,63.33,10152,2463,19,"{'Ala', 'Lys', 'Thr', 'Val', 'Trp', 'Met', 'Gln', 'Leu', 'Asn', 'Glu', 'Pro', 'Ser', 'Cys', 'Arg', 'Asp', 'Gly', 'Phe', 'His', 'Tyr'}",1,0,1,0,73.76,1.03,81.24,77.48,0.46,76.6,0,TRUE,Alphaproteobacteria_bacterium_nTSbin12,PRJNA400260,SAMN15005535,JADGBJ000000000,Scaffold,Illumina HiSeq,2020/5/24,"Institute of Geology and Geophysics, Chinese Academy of Sciences",33126926,2020,Expanding magnetic organelle biogenesis in the domain Bacteria,"W Lin, et al.",10.1186/s40168-020-00931-9,Microbiome,"China: Tuosu Lake, Qinghai",37.197953 N 96.868083 E,37.197953,96.868083,Biosample/Paper,brackish,brackish,Yes,No
GCA_015231515.1,GCA_015231515.1_Desulfobulbaceae_bacterium_nTSbin18,d__Bacteria;p__Desulfobacterota;c__Desulfobulbia;o__Desulfobulbales;f__Desulfurivibrionaceae;g__JADGBM01;s__JADGBM01 sp015231515,225,3405799,45.02,24782,3197,19,"{'Ala', 'Lys', 'Thr', 'Val', 'Trp', 'Met', 'Gln', 'Leu', 'Asn', 'Glu', 'Pro', 'Ser', 'Cys', 'Arg', 'Asp', 'Gly', 'Phe', 'His', 'Tyr'}",2,1,1,0,90.84,1.79,95.09,86.03,0.35,91.1,0,TRUE,Desulfobulbaceae_bacterium_nTSbin18,PRJNA400260,SAMN15005479,JADGBM000000000,Scaffold,Illumina HiSeq,2020/5/24,"Institute of Geology and Geophysics, Chinese Academy of Sciences",33126926,2020,Expanding magnetic organelle biogenesis in the domain Bacteria,"W Lin, et al.",10.1186/s40168-020-00931-9,Microbiome,"China: Tuosu Lake, Qinghai",37.197953 N 96.868083 E,37.197953,96.868083,Biosample/Paper,brackish,brackish,Yes,No
GCA_015231525.1,GCA_015231525.1_Desulfamplus_sp._nTSbin15,d__Bacteria;p__Desulfobacterota;c__Desulfobacteria;o__Desulfobacterales;f__Desulfobacteraceae;g__Desulfamplus;s__Desulfamplus sp015231705,851,5493331,40.46,7452,4444,8,"{'Ser', 'Arg', 'Gly', 'Leu', 'Gln', 'Pro', 'Lys', 'His'}",0,0,0,0,73.57,1.94,67.95,74.85,8.04,65.3,0,FALSE,Desulfamplus_sp._nTSbin15,PRJNA400260,SAMN15005464,JADGBL000000000,Scaffold,Illumina HiSeq,2020/5/24,"Institute of Geology and Geophysics, Chinese Academy of Sciences",33126926,2020,Expanding magnetic organelle biogenesis in the domain Bacteria,"W Lin, et al.",10.1186/s40168-020-00931-9,Microbiome,"China: Tuosu Lake, Qinghai",37.197953 N 96.868083 E,37.197953,96.868083,Biosample/Paper,brackish,brackish,Yes,No
GCA_015231535.1,GCA_015231535.1_SAR324_cluster_bacterium_nTSbin10,d__Bacteria;p__SAR324;c__SAR324;o__SAR324;f__JADFZZ01;g__JADFZZ01;s__JADFZZ01 sp015232315,344,5756581,44.87,28409,4756,19,"{'Ala', 'Lys', 'Thr', 'Val', 'Trp', 'Met', 'Gln', 'Leu', 'Asn', 'Glu', 'Pro', 'Ser', 'Cys', 'Arg', 'Asp', 'Gly', 'SeC', 'His', 'Tyr'}",2,2,0,0,88.8,0.56,94.96,95.67,0.54,88.7,0.8,TRUE,SAR324_cluster_bacterium_nTSbin10,PRJNA400260,SAMN15005611,JADGBI000000000,Scaffold,Illumina HiSeq,2020/5/24,"Institute of Geology and Geophysics, Chinese Academy of Sciences",33126926,2020,Expanding magnetic organelle biogenesis in the domain Bacteria,"W Lin, et al.",10.1186/s40168-020-00931-9,Microbiome,"China: Tuosu Lake, Qinghai",37.197953 N 96.868083 E,37.197953,96.868083,Biosample/Paper,brackish,brackish,Yes,No
GCA_015231595.1,GCA_015231595.1_Desulfobacterales_bacterium_nTSbin1,d__Bacteria;p__Desulfobacterota;c__Desulfobacteria;o__Desulfobacterales;f__JADGBH01;g__JADGBH01;s__JADGBH01 sp015231595,210,5131725,32.05,47251,4129,19,"{'Ala', 'Lys', 'Thr', 'Val', 'Trp', 'Met', 'Gln', 'Leu', 'Asn', 'Glu', 'Pro', 'Ser', 'Cys', 'Arg', 'Asp', 'Gly', 'SeC', 'Phe', 'His'}",2,2,0,0,98.71,1.36,96.51,99.32,1.54,90.3,2.4,TRUE,Desulfobacterales_bacterium_nTSbin1,PRJNA400260,SAMN15005475,JADGBH000000000,Scaffold,Illumina HiSeq,2020/5/24,"Institute of Geology and Geophysics, Chinese Academy of Sciences",33126926,2020,Expanding magnetic organelle biogenesis in the domain Bacteria,"W Lin, et al.",10.1186/s40168-020-00931-9,Microbiome,"China: Tuosu Lake, Qinghai",37.197953 N 96.868083 E,37.197953,96.868083,Biosample/Paper,brackish,brackish,Yes,No
GCA_015231605.1,GCA_015231605.1_Alphaproteobacteria_bacterium_nSSYDbin4,d__Bacteria;p__Pseudomonadota;c__Alphaproteobacteria;o__Rhodospirillales_A;f__Magnetovibrionaceae;g__JADGBG01;s__JADGBG01 sp015231605,213,3182839,63.34,25241,3107,19,"{'Ala', 'Lys', 'Thr', 'Val', 'Trp', 'Met', 'Gln', 'Leu', 'Asn', 'Glu', 'Pro', 'Ser', 'Cys', 'Arg', 'Asp', 'Gly', 'Phe', 'His', 'Tyr'}",0,0,0,0,94.65,0.33,99.21,97.34,0.7,97.6,0.8,TRUE,Alphaproteobacteria_bacterium_nSSYDbin4,PRJNA400260,SAMN15005534,JADGBG000000000,Scaffold,Illumina HiSeq,2020/5/24,"Institute of Geology and Geophysics, Chinese Academy of Sciences",33126926,2020,Expanding magnetic organelle biogenesis in the domain Bacteria,"W Lin, et al.",10.1186/s40168-020-00931-9,Microbiome,"China: Shuishangyadan, Qinghai",37.624414 N 93.733812 E,37.624414,93.733812,Biosample/Paper,brackish,brackish,Yes,No
GCA_015231615.1,GCA_015231615.1_Desulfamplus_sp._nS315bin44,d__Bacteria;p__Desulfobacterota;c__Desulfobacteria;o__Desulfobacterales;f__Desulfobacteraceae;g__Desulfamplus;s__Desulfamplus sp015231615,200,3860279,36.17,49168,3365,17,"{'Ser', 'Cys', 'Arg', 'Met', 'Val', 'Asp', 'Gln', 'Leu', 'Gly', 'Asn', 'Trp', 'His', 'Phe', 'Ala', 'Thr', 'Pro', 'Tyr'}",2,2,0,0,88.39,0.32,89.76,83.25,1.78,88.7,0,TRUE,Desulfamplus_sp._nS315bin44,PRJNA400260,SAMN15005462,JADGBE000000000,Scaffold,Illumina HiSeq,2020/5/24,"Institute of Geology and Geophysics, Chinese Academy of Sciences",33126926,2020,Expanding magnetic organelle biogenesis in the domain Bacteria,"W Lin, et al.",10.1186/s40168-020-00931-9,Microbiome,China: Lake Qinghai,38.229771 N 90.697681 E,38.229771,90.697681,Biosample/Paper,brackish,brackish,Yes,No
GCA_015231655.1,GCA_015231655.1_Desulfamplus_sp._nS315bin9,d__Bacteria;p__Desulfobacterota;c__Desulfobacteria;o__Desulfobacterales;f__Desulfobacteraceae;g__Desulfamplus;s__Desulfamplus sp015232465,195,3171500,37.59,28298,2680,17,"{'Ser', 'Cys', 'Arg', 'Met', 'Val', 'Asp', 'Gln', 'Leu', 'Asn', 'SeC', 'Gly', 'Trp', 'Ala', 'Glu', 'Lys', 'Phe', 'Pro'}",1,1,0,0,96.77,1.75,91.67,85.19,1.71,87.9,5.6,TRUE,Desulfamplus_sp._nS315bin9,PRJNA400260,SAMN15005463,JADGBF000000000,Scaffold,Illumina HiSeq,2020/5/24,"Institute of Geology and Geophysics, Chinese Academy of Sciences",33126926,2020,Expanding magnetic organelle biogenesis in the domain Bacteria,"W Lin, et al.",10.1186/s40168-020-00931-9,Microbiome,China: Lake Qinghai,38.229771 N 90.697681 E,38.229771,90.697681,Biosample/Paper,brackish,brackish,Yes,No
GCA_015231665.1,GCA_015231665.1_Gammaproteobacteria_bacterium_nS315bin38,d__Bacteria;p__Pseudomonadota;c__Gammaproteobacteria;o__Chromatiales;f__Sedimenticolaceae;g__JADGBD01;s__JADGBD01 sp015231665,429,2468585,62.18,6964,2288,17,"{'Ser', 'Cys', 'Arg', 'Met', 'Val', 'Asp', 'Gly', 'Leu', 'Asn', 'Gln', 'Glu', 'Ala', 'Lys', 'His', 'Thr', 'Pro', 'Ile'}",4,1,2,1,68.97,0,73.45,67.64,0.18,52.4,0,TRUE,Gammaproteobacteria_bacterium_nS315bin38,PRJNA400260,SAMN15005546,JADGBD000000000,Scaffold,Illumina HiSeq,2020/5/24,"Institute of Geology and Geophysics, Chinese Academy of Sciences",33126926,2020,Expanding magnetic organelle biogenesis in the domain Bacteria,"W Lin, et al.",10.1186/s40168-020-00931-9,Microbiome,China: Lake Qinghai,38.229771 N 90.697681 E,38.229771,90.697681,Biosample/Paper,brackish,brackish,Yes,No
GCA_015231685.1,GCA_015231685.1_Candidatus_Omnitrophica_bacterium_nS315bin20,d__Bacteria;p__Omnitrophota;c__Koll11;o__2-02-FULL-51-18;f__JAGOUK01;g__JADGBA01;s__JADGBA01 sp015231685,200,1377317,56.96,8753,1349,15,"{'Ser', 'Arg', 'Met', 'Val', 'Gly', 'Leu', 'Trp', 'His', 'Phe', 'Glu', 'Ala', 'Lys', 'Thr', 'Pro', 'Tyr'}",2,1,0,1,63.44,1.08,63.44,59.31,2.01,46,0,TRUE,Candidatus_Omnitrophota_bacterium_nS315bin20,PRJNA400260,SAMN15005510,JADGBA000000000,Scaffold,Illumina HiSeq,2020/5/24,"Institute of Geology and Geophysics, Chinese Academy of Sciences",33126926,2020,Expanding magnetic organelle biogenesis in the domain Bacteria,"W Lin, et al.",10.1186/s40168-020-00931-9,Microbiome,China: Lake Qinghai,38.229771 N 90.697681 E,38.229771,90.697681,Biosample/Paper,brackish,brackish,Yes,No
GCA_015231705.1,GCA_015231705.1_Desulfamplus_sp._nS315bin3,d__Bacteria;p__Desulfobacterota;c__Desulfobacteria;o__Desulfobacterales;f__Desulfobacteraceae;g__Desulfamplus;s__Desulfamplus sp015231705,282,3601353,40.67,19749,2906,17,"{'Ser', 'Cys', 'Arg', 'Val', 'Met', 'Asp', 'Gln', 'Leu', 'Asn', 'Gly', 'SeC', 'Glu', 'Phe', 'Lys', 'Ala', 'His', 'Pro'}",0,0,0,0,84.62,0.16,83.36,75.22,0.41,83.1,0,TRUE,Desulfamplus_sp._nS315bin3,PRJNA400260,SAMN15005461,JADGBC000000000,Scaffold,Illumina HiSeq,2020/5/24,"Institute of Geology and Geophysics, Chinese Academy of Sciences",33126926,2020,Expanding magnetic organelle biogenesis in the domain Bacteria,"W Lin, et al.",10.1186/s40168-020-00931-9,Microbiome,China: Lake Qinghai,38.229771 N 90.697681 E,38.229771,90.697681,Biosample/Paper,brackish,brackish,Yes,No
GCA_015231715.1,GCA_015231715.1_Candidatus_Omnitrophica_bacterium_nS315bin24,d__Bacteria;p__Omnitrophota;c__Koll11;o__Tantalellales;f__Tantalellaceae;g__JADGBB01;s__JADGBB01 sp015231715,115,1495357,37.11,25313,1283,11,"{'Ser', 'Arg', 'Met', 'Gly', 'Leu', 'Asn', 'Gln', 'SeC', 'Glu', 'Thr', 'Tyr'}",0,0,0,0,51.04,0,48.52,61.38,0.27,37.1,0,TRUE,Candidatus_Omnitrophota_bacterium_nS315bin24,PRJNA400260,SAMN15005528,JADGBB000000000,Scaffold,Illumina HiSeq,2020/5/24,"Institute of Geology and Geophysics, Chinese Academy of Sciences",33126926,2020,Expanding magnetic organelle biogenesis in the domain Bacteria,"W Lin, et al.",10.1186/s40168-020-00931-9,Microbiome,China: Lake Qinghai,38.229771 N 90.697681 E,38.229771,90.697681,Biosample/Paper,brackish,brackish,Yes,No
GCA_015231755.1,GCA_015231755.1_Magnetococcales_bacterium_nQXH2bin5,d__Bacteria;p__Pseudomonadota;c__Magnetococcia;o__Magnetococcales;f__Magnetaquicoccaceae;g__JAANAU01;s__JAANAU01 sp015231755,44,3842963,59.16,133818,3160,20,"{'Ala', 'Lys', 'Thr', 'Val', 'Trp', 'Ile', 'Met', 'Gln', 'Leu', 'Asn', 'Glu', 'Pro', 'Ser', 'Cys', 'Arg', 'Asp', 'Gly', 'Phe', 'His', 'Tyr'}",1,1,0,0,98.62,2.52,97.84,98.4,1.22,95.1,1.6,TRUE,Magnetococcales_bacterium_nQXH2bin5,PRJNA400260,SAMN15005597,JADGAZ000000000,Scaffold,Illumina HiSeq,2020/5/24,"Institute of Geology and Geophysics, Chinese Academy of Sciences",33126926,2020,Expanding magnetic organelle biogenesis in the domain Bacteria,"W Lin, et al.",10.1186/s40168-020-00931-9,Microbiome,China: Innermogolia,47.69541 N 119.30422 E,47.69541,119.30422,Biosample/Paper,freshwater,freshwater,Yes,No
GCA_015231775.1,GCA_015231775.1_Magnetococcales_bacterium_nQXH2bin1,d__Bacteria;p__Pseudomonadota;c__Magnetococcia;o__Magnetococcales;f__Magnetaquicoccaceae;g__JAANAU01;s__JAANAU01 sp015231775,389,3820765,61.35,19017,3389,18,"{'Ser', 'Arg', 'Val', 'Met', 'Asp', 'Gln', 'Leu', 'Asn', 'Gly', 'Trp', 'His', 'Phe', 'Lys', 'Ala', 'Glu', 'Thr', 'Pro', 'Ile'}",0,0,0,0,92.24,1.68,88.97,86.32,0.37,85.5,0,TRUE,Magnetococcales_bacterium_nQXH2bin1,PRJNA400260,SAMN15005596,JADGAY000000000,Scaffold,Illumina HiSeq,2020/5/24,"Institute of Geology and Geophysics, Chinese Academy of Sciences",33126926,2020,Expanding magnetic organelle biogenesis in the domain Bacteria,"W Lin, et al.",10.1186/s40168-020-00931-9,Microbiome,China: Innermogolia,47.69541 N 119.30422 E,47.69541,119.30422,Biosample/Paper,freshwater,freshwater,Yes,No
GCA_015231795.1,GCA_015231795.1_Alphaproteobacteria_bacterium_nQXH1bin1,d__Bacteria;p__Pseudomonadota;c__Alphaproteobacteria;o__Rhodospirillales;f__WMHbin7;g__WMHbin7;s__WMHbin7 sp015231795,23,3628312,59.95,458012,3479,20,"{'Ala', 'Lys', 'Thr', 'Val', 'Trp', 'Ile', 'Met', 'Gln', 'Leu', 'Asn', 'Glu', 'Pro', 'Ser', 'Cys', 'Arg', 'Asp', 'Gly', 'Phe', 'His', 'Tyr'}",3,1,1,1,98.51,0.5,100,100,0.56,98.4,0.8,TRUE,Alphaproteobacteria_bacterium_nQXH1bin1,PRJNA400260,SAMN15005543,JADGAX000000000,Contig,Illumina HiSeq,2020/5/24,"Institute of Geology and Geophysics, Chinese Academy of Sciences",33126926,2020,Expanding magnetic organelle biogenesis in the domain Bacteria,"W Lin, et al.",10.1186/s40168-020-00931-9,Microbiome,China: Innermogolia,47.74777 N 119.33694 E,47.74777,119.33694,Biosample/Paper,freshwater,freshwater,Yes,No
GCA_015231815.1,GCA_015231815.1_Nitrospinae_bacterium_nPCRbin9,d__Bacteria;p__Nitrospinota;c__JADGAW01;o__JADGAW01;f__JADGAW01;g__JADGAW01;s__JADGAW01 sp015231815,410,2645008,37.05,7923,2377,14,"{'Ser', 'Cys', 'Arg', 'Met', 'Val', 'Asp', 'Gly', 'Leu', 'Gln', 'Ala', 'Glu', 'His', 'Lys', 'Pro'}",2,2,0,0,79.81,1.71,76.72,78.43,1.8,71,0.8,TRUE,Nitrospinota_bacterium_nPCRbin9,PRJNA400260,SAMN15005483,JADGAW000000000,Scaffold,Illumina HiSeq,2020/5/24,"Institute of Geology and Geophysics, Chinese Academy of Sciences",33126926,2020,Expanding magnetic organelle biogenesis in the domain Bacteria,"W Lin, et al.",10.1186/s40168-020-00931-9,Microbiome,Australia: Punkally Creek,36.23413 S 150.06798 E,-36.23413,150.06798,Biosample/Paper,brackish,brackish,Yes,No
GCA_015231825.1,GCA_015231825.1_SAR324_cluster_bacterium_nPCRbin7,d__Bacteria;p__SAR324;c__SAR324;o__SAR324;f__GCA-2753255;g__JADGAV01;s__JADGAV01 sp015231825,81,5795165,44.77,123521,4904,18,"{'Ser', 'Cys', 'Arg', 'Val', 'Met', 'Asp', 'Gln', 'Leu', 'Asn', 'SeC', 'Gly', 'Pro', 'Glu', 'Ala', 'Lys', 'Phe', 'Thr', 'His'}",0,0,0,0,92.94,0.42,93.51,98.32,2.5,87.9,0.8,TRUE,SAR324_cluster_bacterium_nPCRbin7,PRJNA400260,SAMN15005612,JADGAV000000000,Scaffold,Illumina HiSeq,2020/5/24,"Institute of Geology and Geophysics, Chinese Academy of Sciences",33126926,2020,Expanding magnetic organelle biogenesis in the domain Bacteria,"W Lin, et al.",10.1186/s40168-020-00931-9,Microbiome,Australia: Punkally Creek,36.23413 S 150.06798 E,-36.23413,150.06798,Biosample/Paper,brackish,brackish,Yes,No
GCA_015231855.1,GCA_015231855.1_Zetaproteobacteria_bacterium_nPCbin1,d__Bacteria;p__Pseudomonadota;c__Zetaproteobacteria;o__Mariprofundales;f__Mariprofundaceae;g__GCA-2753275;s__GCA-2753275 sp002753275,68,2016854,47.46,56539,1860,20,"{'Ala', 'Lys', 'Thr', 'Val', 'Trp', 'Ile', 'Met', 'Gln', 'Leu', 'Asn', 'Glu', 'Pro', 'Ser', 'Cys', 'Arg', 'Asp', 'Gly', 'Phe', 'His', 'Tyr'}",4,2,1,1,99.58,0.84,98.36,99.75,0.12,98.4,0,TRUE,Zetaproteobacteria_bacterium_nPCbin1,PRJNA400260,SAMN15005606,JADGAS000000000,Scaffold,Illumina HiSeq,2020/5/24,"Institute of Geology and Geophysics, Chinese Academy of Sciences",33126926,2020,Expanding magnetic organelle biogenesis in the domain Bacteria,"W Lin, et al.",10.1186/s40168-020-00931-9,Microbiome,Australia: Painkalac Creek,38.46575 S 144.09288 E,-38.46575,144.09288,Biosample/Paper,brackish,brackish,Yes,No
GCA_015231865.1,GCA_015231865.1_Gammaproteobacteria_bacterium_nPCRbin5,d__Bacteria;p__Pseudomonadota;c__Gammaproteobacteria;o__GRL18;f__GRL18;g__JADGAU01;s__JADGAU01 sp015231865,299,3543812,34.87,21360,3194,16,"{'Ser', 'Arg', 'Val', 'Met', 'Asp', 'Gly', 'Leu', 'Asn', 'Gln', 'Trp', 'Ala', 'Phe', 'Lys', 'His', 'Thr', 'Pro'}",0,0,0,0,93.38,0.75,94.47,95.35,0.44,91.1,0.8,TRUE,Gammaproteobacteria_bacterium_nPCRbin5,PRJNA400260,SAMN15005545,JADGAU000000000,Contig,Illumina HiSeq,2020/5/24,"Institute of Geology and Geophysics, Chinese Academy of Sciences",33126926,2020,Expanding magnetic organelle biogenesis in the domain Bacteria,"W Lin, et al.",10.1186/s40168-020-00931-9,Microbiome,Australia: Punkally Creek,36.23413 S 150.06798 E,-36.23413,150.06798,Biosample/Paper,brackish,brackish,Yes,No
GCA_015231885.1,GCA_015231885.1_SAR324_cluster_bacterium_nPCRbin10,d__Bacteria;p__SAR324;c__SAR324;o__SAR324;f__GCA-2753255;g__GCA-2753255;s__GCA-2753255 sp002753255,241,5133600,42,50150,4348,17,"{'Ser', 'Arg', 'Val', 'Met', 'Asp', 'Gly', 'SeC', 'Gln', 'Leu', 'Asn', 'Trp', 'His', 'Glu', 'Lys', 'Thr', 'Pro', 'Tyr'}",1,1,0,0,90.84,0,92.6,95.55,0.8,87.9,0.8,TRUE,SAR324_cluster_bacterium_nPCRbin10,PRJNA400260,SAMN15005613,JADGAT000000000,Scaffold,Illumina HiSeq,2020/5/24,"Institute of Geology and Geophysics, Chinese Academy of Sciences",33126926,2020,Expanding magnetic organelle biogenesis in the domain Bacteria,"W Lin, et al.",10.1186/s40168-020-00931-9,Microbiome,Australia: Punkally Creek,36.23413 S 150.06798 E,-36.23413,150.06798,Biosample/Paper,brackish,brackish,Yes,No
GCA_015231915.1,GCA_015231915.1_Magnetococcales_bacterium_nNGHbin2,d__Bacteria;p__Pseudomonadota;c__Magnetococcia;o__Magnetococcales;f__Magnetaquicoccaceae;g__WMHbin3;s__WMHbin3 sp015231915,133,4022416,61.98,48446,3500,16,"{'Ser', 'Arg', 'Val', 'Met', 'Asp', 'Gly', 'Gln', 'Leu', 'Asn', 'Trp', 'Glu', 'Ala', 'Lys', 'Phe', 'Thr', 'Pro'}",1,1,0,0,96.47,3.36,100,99.87,1.5,95.2,0.8,TRUE,Magnetococcales_bacterium_nNGHbin2,PRJNA400260,SAMN15005595,JADGAR000000000,Scaffold,Illumina HiSeq,2020/5/24,"Institute of Geology and Geophysics, Chinese Academy of Sciences",33126926,2020,Expanding magnetic organelle biogenesis in the domain Bacteria,"W Lin, et al.",10.1186/s40168-020-00931-9,Microbiome,China: Innermogolia,47.9275 N 119.54638 E,47.9275,119.54638,Biosample/Paper,freshwater,freshwater,Yes,No
GCA_015231925.1,GCA_015231925.1_Magnetococcales_bacterium_nNGHbin14,d__Bacteria;p__Pseudomonadota;c__Magnetococcia;o__Magnetococcales;f__JADGAQ01;g__JADGAQ01;s__JADGAQ01 sp015231925,358,4514666,60.22,20051,3824,18,"{'Ser', 'Cys', 'Arg', 'Val', 'Met', 'Asp', 'Gly', 'Leu', 'Asn', 'Gln', 'Ala', 'Phe', 'His', 'Lys', 'Glu', 'Thr', 'Pro', 'Ile'}",1,0,1,0,94.12,2.1,97.38,92.01,1.97,91.1,0.8,TRUE,Magnetococcales_bacterium_nNGHbin14,PRJNA400260,SAMN15005555,JADGAQ000000000,Scaffold,Illumina HiSeq,2020/5/24,"Institute of Geology and Geophysics, Chinese Academy of Sciences",33126926,2020,Expanding magnetic organelle biogenesis in the domain Bacteria,"W Lin, et al.",10.1186/s40168-020-00931-9,Microbiome,China: Innermogolia,47.9275 N 119.54638 E,47.9275,119.54638,Biosample/Paper,freshwater,freshwater,Yes,No
GCA_015231955.1,GCA_015231955.1_Oligoflexia_bacterium_nN3bin31,d__Bacteria;p__Bdellovibrionota;c__Bacteriovoracia;o__Bacteriovoracales;f__Bacteriovoracaceae;g__JADGAN01;s__JADGAN01 sp015231955,114,5611739,40.9,99534,4783,19,"{'Ala', 'Lys', 'Thr', 'Val', 'Trp', 'Met', 'Gln', 'Leu', 'Asn', 'Glu', 'Pro', 'Ser', 'Cys', 'Arg', 'Asp', 'Gly', 'Phe', 'His', 'Tyr'}",5,2,0,3,91.07,2.68,95.21,100,3.14,82.2,4,TRUE,Oligoflexia_bacterium_nN3bin31,PRJNA400260,SAMN15005451,JADGAN000000000,Scaffold,Illumina HiSeq,2020/5/24,"Institute of Geology and Geophysics, Chinese Academy of Sciences",33126926,2020,Expanding magnetic organelle biogenesis in the domain Bacteria,"W Lin, et al.",10.1186/s40168-020-00931-9,Microbiome,China: Innermogolia,41.549487 N 109.05952 E,41.549487,109.05952,Biosample/Paper,freshwater,freshwater,Yes,No
GCA_015231965.1,GCA_015231965.1_Magnetococcales_bacterium_nNGHbin13,d__Bacteria;p__Pseudomonadota;c__Magnetococcia;o__Magnetococcales;f__JADGAP01;g__JADGAP01;s__JADGAP01 sp015231965,314,3824539,63.09,18740,3289,20,"{'Ala', 'Lys', 'Thr', 'Val', 'Trp', 'Ile', 'Met', 'Gln', 'Leu', 'Asn', 'Glu', 'Pro', 'Ser', 'Cys', 'Arg', 'Asp', 'Gly', 'Phe', 'His', 'Tyr'}",1,1,0,0,95.66,0,96.29,99.05,0.94,95.2,0.8,TRUE,Magnetococcales_bacterium_nNGHbin13,PRJNA400260,SAMN15005550,JADGAP000000000,Scaffold,Illumina HiSeq,2020/5/24,"Institute of Geology and Geophysics, Chinese Academy of Sciences",33126926,2020,Expanding magnetic organelle biogenesis in the domain Bacteria,"W Lin, et al.",10.1186/s40168-020-00931-9,Microbiome,China: Innermogolia,47.9275 N 119.54638 E,47.9275,119.54638,Biosample/Paper,freshwater,freshwater,Yes,No
GCA_015231995.1,GCA_015231995.1_Nitrospinae_bacterium_nNGHbin12,d__Bacteria;p__Nitrospinota;c__UBA7883;o__UBA7883;f__JACRLM01;g__JADGAO01;s__JADGAO01 sp015231995,358,3233461,54.84,12205,2993,16,"{'Ser', 'Cys', 'Arg', 'Val', 'Met', 'Asp', 'Gly', 'Gln', 'Asn', 'Leu', 'Trp', 'Ala', 'His', 'Lys', 'Thr', 'Pro'}",2,1,0,1,88.82,1.2,86.47,92.91,0.57,84.7,0,TRUE,Nitrospinota_bacterium_nNGHbin12,PRJNA400260,SAMN15005485,JADGAO000000000,Scaffold,Illumina HiSeq,2020/5/24,"Institute of Geology and Geophysics, Chinese Academy of Sciences",33126926,2020,Expanding magnetic organelle biogenesis in the domain Bacteria,"W Lin, et al.",10.1186/s40168-020-00931-9,Microbiome,China: Innermogolia,47.9275 N 119.54638 E,47.9275,119.54638,Biosample/Paper,freshwater,freshwater,Yes,No
GCA_015232015.1,GCA_015232015.1_Oligoflexia_bacterium_nN3bin16,d__Bacteria;p__Bdellovibrionota;c__Bacteriovoracia;o__Bacteriovoracales;f__Bacteriovoracaceae;g__JADFZW01;s__JADFZW01 sp015232015,413,4908165,31.52,18191,4110,15,"{'Ser', 'Arg', 'Met', 'Val', 'Asp', 'Gly', 'SeC', 'Leu', 'Asn', 'Gln', 'Pro', 'Ala', 'Thr', 'His', 'Tyr'}",0,0,0,0,83.77,1.79,84.55,95.32,2.64,71,0,TRUE,Oligoflexia_bacterium_nN3bin16,PRJNA400260,SAMN15005450,JADGAM000000000,Scaffold,Illumina HiSeq,2020/5/24,"Institute of Geology and Geophysics, Chinese Academy of Sciences",33126926,2020,Expanding magnetic organelle biogenesis in the domain Bacteria,"W Lin, et al.",10.1186/s40168-020-00931-9,Microbiome,China: Innermogolia,41.549487 N 109.05952 E,41.549487,109.05952,Biosample/Paper,freshwater,freshwater,Yes,No
GCA_015232025.1,GCA_015232025.1_Alphaproteobacteria_bacterium_nN3bin14,d__Bacteria;p__Pseudomonadota;c__Alphaproteobacteria;o__Rhodospirillales;f__Magnetospirillaceae;g__JADFZP01;s__JADFZP01 sp015232025,499,3735703,67.66,9763,3665,16,"{'Ser', 'Cys', 'Arg', 'Val', 'Asp', 'Gly', 'Leu', 'Gln', 'Asn', 'His', 'Glu', 'Lys', 'Ala', 'Phe', 'Thr', 'Pro'}",0,0,0,0,70.68,0.75,80.91,74.29,2.45,54,0,TRUE,Alphaproteobacteria_bacterium_nN3bin14,PRJNA400260,SAMN15005540,JADGAL000000000,Scaffold,Illumina HiSeq,2020/5/24,"Institute of Geology and Geophysics, Chinese Academy of Sciences",33126926,2020,Expanding magnetic organelle biogenesis in the domain Bacteria,"W Lin, et al.",10.1186/s40168-020-00931-9,Microbiome,China: Innermogolia,41.549487 N 109.05952 E,41.549487,109.05952,Biosample/Paper,freshwater,freshwater,Yes,No
GCA_015232035.1,GCA_015232035.1_Desulfamplus_sp._nN2-2bin5,d__Bacteria;p__Desulfobacterota;c__Desulfobacteria;o__Desulfobacterales;f__Desulfobacteraceae;g__Desulfamplus;s__Desulfamplus sp015232555,215,3179296,37.93,18110,2436,15,"{'Ser', 'Cys', 'Arg', 'Met', 'Val', 'Asp', 'Gln', 'Leu', 'Gly', 'Asn', 'Trp', 'Ala', 'His', 'Phe', 'Pro'}",0,0,0,0,80.97,0.65,86.16,74.38,2.48,83.1,1.6,TRUE,Desulfamplus_sp._nN2-2bin5,PRJNA400260,SAMN15005472,JADGAK000000000,Scaffold,Illumina HiSeq,2020/5/24,"Institute of Geology and Geophysics, Chinese Academy of Sciences",33126926,2020,Expanding magnetic organelle biogenesis in the domain Bacteria,"W Lin, et al.",10.1186/s40168-020-00931-9,Microbiome,China: Innermogolia,41.549487 N 109.05952 E,41.549487,109.05952,Biosample/Paper,freshwater,freshwater,Yes,No
GCA_015232055.1,GCA_015232055.1_Alphaproteobacteria_bacterium_nN2-2bin2,d__Bacteria;p__Pseudomonadota;c__Alphaproteobacteria;o__Rhodospirillales;f__Magnetospirillaceae;g__JADFZP01;s__JADFZP01 sp015232485,602,4101610,67.51,8398,3975,16,"{'Ser', 'Arg', 'Met', 'Val', 'Asp', 'Gly', 'Gln', 'Leu', 'Trp', 'Pro', 'Ala', 'Glu', 'Lys', 'Thr', 'His', 'Tyr'}",1,0,0,1,76.25,0.5,84.59,82.81,3.64,80.6,0,TRUE,Alphaproteobacteria_bacterium_nN2-2bin2,PRJNA400260,SAMN15005539,JADGAJ000000000,Scaffold,Illumina HiSeq,2020/5/24,"Institute of Geology and Geophysics, Chinese Academy of Sciences",33126926,2020,Expanding magnetic organelle biogenesis in the domain Bacteria,"W Lin, et al.",10.1186/s40168-020-00931-9,Microbiome,China: Innermogolia,41.549487 N 109.05952 E,41.549487,109.05952,Biosample/Paper,freshwater,freshwater,Yes,No
GCA_015232095.1,GCA_015232095.1_Alphaproteobacteria_bacterium_nN2-2bin1,d__Bacteria;p__Pseudomonadota;c__Alphaproteobacteria;o__Rhodospirillales;f__Magnetospirillaceae;g__Magnetospirillum;s__Magnetospirillum moscoviense,129,4326798,65.17,58814,4114,21,"{'Ala', 'Lys', 'Thr', 'Val', 'Trp', 'Ile', 'Met', 'Gln', 'Leu', 'Asn', 'Glu', 'Pro', 'Ser', 'Cys', 'Arg', 'Asp', 'Gly', 'SeC', 'Phe', 'His', 'Tyr'}",4,1,2,1,99.5,0.5,100,100,0.71,97.6,0.8,TRUE,Alphaproteobacteria_bacterium_nN2-2bin1,PRJNA400260,SAMN15005541,JADGAI000000000,Scaffold,Illumina HiSeq,2020/5/24,"Institute of Geology and Geophysics, Chinese Academy of Sciences",33126926,2020,Expanding magnetic organelle biogenesis in the domain Bacteria,"W Lin, et al.",10.1186/s40168-020-00931-9,Microbiome,China: Innermogolia,41.549487 N 109.05952 E,41.549487,109.05952,Biosample/Paper,freshwater,freshwater,Yes,No
GCA_015232115.1,GCA_015232115.1_Nitrospirota_bacterium_nMYbin6,d__Bacteria;p__Nitrospirota;c__Thermodesulfovibrionia;o__Thermodesulfovibrionales;f__Magnetobacteriaceae;g__Magnetominusculus;s__Magnetominusculus sp002753305,171,3404042,47.77,27655,3170,17,"{'Ser', 'Cys', 'Arg', 'Met', 'Val', 'Asp', 'Gln', 'Leu', 'Asn', 'SeC', 'Gly', 'Pro', 'Ala', 'Phe', 'Lys', 'Glu', 'His'}",1,1,0,0,85.64,5.45,86.43,87.13,7.4,63.7,3.2,TRUE,Nitrospirota_bacterium_nMYbin6,PRJNA400260,SAMN15005500,JADGAH000000000,Scaffold,Illumina HiSeq,2020/5/24,"Institute of Geology and Geophysics, Chinese Academy of Sciences",33126926,2020,Expanding magnetic organelle biogenesis in the domain Bacteria,"W Lin, et al.",10.1186/s40168-020-00931-9,Microbiome,"China: Beijing, Lake Miyun",40.48874 N 117.00714 E,40.48874,117.00714,Biosample/Paper,freshwater,freshwater,Yes,No
GCA_015232135.1,GCA_015232135.1_Magnetococcales_bacterium_nMYbin5,d__Bacteria;p__Pseudomonadota;c__Magnetococcia;o__Magnetococcales;f__DC0425bin3;g__HA3dbin3;s__HA3dbin3 sp015231175,376,2249923,56.15,6976,2213,17,"{'Ser', 'Cys', 'Arg', 'Met', 'Val', 'Gln', 'Gly', 'Leu', 'Asn', 'Trp', 'Ala', 'Phe', 'Glu', 'His', 'Thr', 'Pro', 'Tyr'}",0,0,0,0,52.67,0.42,53.01,56.57,0.19,47.6,0,TRUE,Magnetococcales_bacterium_nMYbin5,PRJNA400260,SAMN15005561,JADGAG000000000,Scaffold,Illumina HiSeq,2020/5/24,"Institute of Geology and Geophysics, Chinese Academy of Sciences",33126926,2020,Expanding magnetic organelle biogenesis in the domain Bacteria,"W Lin, et al.",10.1186/s40168-020-00931-9,Microbiome,"China: Beijing, Lake Miyun",40.48874 N 117.00714 E,40.48874,117.00714,Biosample/Paper,freshwater,freshwater,Yes,No
GCA_015232145.1,GCA_015232145.1_Nitrospirota_bacterium_nMYbin4,d__Bacteria;p__Nitrospirota;c__Thermodesulfovibrionia;o__Thermodesulfovibrionales;f__Magnetobacteriaceae;g__Magnetobacterium;s__Magnetobacterium sp002753395,213,3929094,44.04,34309,3565,20,"{'Ala', 'Lys', 'Thr', 'Val', 'Trp', 'Met', 'Gln', 'Leu', 'Asn', 'Glu', 'Pro', 'Ser', 'Cys', 'Arg', 'Asp', 'Gly', 'SeC', 'Phe', 'His', 'Tyr'}",0,0,0,0,95.76,1.36,93.34,97.28,1.61,87.1,0,TRUE,Nitrospirota_bacterium_nMYbin4,PRJNA400260,SAMN15005505,JADGAF000000000,Scaffold,Illumina HiSeq,2020/5/24,"Institute of Geology and Geophysics, Chinese Academy of Sciences",33126926,2020,Expanding magnetic organelle biogenesis in the domain Bacteria,"W Lin, et al.",10.1186/s40168-020-00931-9,Microbiome,"China: Beijing, Lake Miyun",40.48874 N 117.00714 E,40.48874,117.00714,Biosample/Paper,freshwater,freshwater,Yes,No
GCA_015232165.1,GCA_015232165.1_Nitrospirota_bacterium_nMYbin3,d__Bacteria;p__Nitrospirota;c__Thermodesulfovibrionia;o__Thermodesulfovibrionales;f__Magnetobacteriaceae;g__Magnetobacterium;s__Magnetobacterium sp015232165,278,1921906,49.89,8414,1639,11,"{'Ser', 'Cys', 'Arg', 'Met', 'Val', 'Gln', 'Leu', 'Asn', 'Gly', 'Glu', 'Ala'}",0,0,0,0,59.65,0,56.75,56.62,0.17,35.5,0,TRUE,Nitrospirota_bacterium_nMYbin3,PRJNA400260,SAMN15005503,JADGAE000000000,Scaffold,Illumina HiSeq,2020/5/24,"Institute of Geology and Geophysics, Chinese Academy of Sciences",33126926,2020,Expanding magnetic organelle biogenesis in the domain Bacteria,"W Lin, et al.",10.1186/s40168-020-00931-9,Microbiome,"China: Beijing, Lake Miyun",40.48874 N 117.00714 E,40.48874,117.00714,Biosample/Paper,freshwater,freshwater,Yes,No
GCA_015232185.1,GCA_015232185.1_Nitrospirota_bacterium_nMYbin2,d__Bacteria;p__Nitrospirota;c__Thermodesulfovibrionia;o__Thermodesulfovibrionales;f__Magnetobacteriaceae;g__Magnetobacterium;s__Magnetobacterium casense,127,3490049,49,45806,3168,18,"{'Ser', 'Cys', 'Arg', 'Val', 'Met', 'Asp', 'Gly', 'Gln', 'Asn', 'Leu', 'Ala', 'Phe', 'Lys', 'His', 'Glu', 'Thr', 'Pro', 'Ile'}",3,1,1,1,90.08,2.73,86.74,85.77,3.13,80.6,0.8,FALSE,Nitrospirota_bacterium_nMYbin2,PRJNA400260,SAMN15005504,JADGAD000000000,Scaffold,Illumina HiSeq,2020/5/24,"Institute of Geology and Geophysics, Chinese Academy of Sciences",33126926,2020,Expanding magnetic organelle biogenesis in the domain Bacteria,"W Lin, et al.",10.1186/s40168-020-00931-9,Microbiome,"China: Beijing, Lake Miyun",40.48874 N 117.00714 E,40.48874,117.00714,Biosample/Paper,freshwater,freshwater,Yes,No
GCA_015232195.1,GCA_015232195.1_Nitrospirota_bacterium_nMYbin1,d__Bacteria;p__Nitrospirota;c__Thermodesulfovibrionia;o__Thermodesulfovibrionales;f__Dissulfurispiraceae;g__MYbin3;s__MYbin3 sp002753335,48,2908520,44.36,104491,2778,18,"{'Ser', 'Cys', 'Arg', 'Val', 'Met', 'Asp', 'Gln', 'Leu', 'SeC', 'Asn', 'Gly', 'Ala', 'Glu', 'Lys', 'His', 'Phe', 'Thr', 'Pro'}",1,1,0,0,97.06,0.91,96.61,100,0,96,0,TRUE,Nitrospirota_bacterium_nMYbin1,PRJNA400260,SAMN15005509,JADGAC000000000,Scaffold,Illumina HiSeq,2020/5/24,"Institute of Geology and Geophysics, Chinese Academy of Sciences",33126926,2020,Expanding magnetic organelle biogenesis in the domain Bacteria,"W Lin, et al.",10.1186/s40168-020-00931-9,Microbiome,"China: Beijing, Lake Miyun",40.48874 N 117.00714 E,40.48874,117.00714,Biosample/Paper,freshwater,freshwater,Yes,No
GCA_015232235.1,GCA_015232235.1_Candidatus_Omnitrophica_bacterium_nMBPbin3,d__Bacteria;p__Omnitrophota;c__Koll11;o__Zapsychrales;f__Fredricksoniimonadaceae;g__Fredricksoniimonas;s__Fredricksoniimonas sp002753465,41,1969424,50.38,106662,1712,16,"{'Arg', 'Val', 'Met', 'Asp', 'Gln', 'Leu', 'Gly', 'SeC', 'Trp', 'Glu', 'Ala', 'Lys', 'Phe', 'His', 'Thr', 'Pro'}",0,0,0,0,67.5,1.08,73.08,73.85,0.3,70.2,0,TRUE,Candidatus_Omnitrophota_bacterium_nMBPbin3,PRJNA400260,SAMN15005516,JADGAA000000000,Scaffold,Illumina HiSeq,2020/5/24,"Institute of Geology and Geophysics, Chinese Academy of Sciences",33126926,2020,Expanding magnetic organelle biogenesis in the domain Bacteria,"W Lin, et al.",10.1186/s40168-020-00931-9,Microbiome,Australia: Mount Beauty Pondage,36.73874 S 147.16443 E,-36.73874,147.16443,Biosample/Paper,freshwater,freshwater,Yes,No
GCA_015232245.1,GCA_015232245.1_Magnetococcales_bacterium_nMBPbin6,d__Bacteria;p__Pseudomonadota;c__Magnetococcia;o__Magnetococcales;f__Magnetaquicoccaceae;g__JAANAU01;s__JAANAU01 sp015232245,481,3695133,59.23,10704,3190,17,"{'Ser', 'Arg', 'Val', 'Met', 'Asp', 'Gly', 'Leu', 'Gln', 'Asn', 'Ala', 'Glu', 'Phe', 'His', 'Lys', 'Thr', 'Pro', 'Ile'}",1,1,0,0,73.26,1.37,76.48,81.57,1.27,71,0.8,TRUE,Magnetococcales_bacterium_nMBPbin6,PRJNA400260,SAMN15005594,JADGAB000000000,Scaffold,Illumina HiSeq,2020/5/24,"Institute of Geology and Geophysics, Chinese Academy of Sciences",33126926,2020,Expanding magnetic organelle biogenesis in the domain Bacteria,"W Lin, et al.",10.1186/s40168-020-00931-9,Microbiome,Australia: Mount Beauty Pondage,36.73874 S 147.16443 E,-36.73874,147.16443,Biosample/Paper,freshwater,freshwater,Yes,No
GCA_015232255.1,GCA_015232255.1_Oligoflexia_bacterium_nKLKbin5,d__Bacteria;p__Bdellovibrionota;c__Bacteriovoracia;o__Bacteriovoracales;f__Bacteriovoracaceae;g__JADGAN01;s__JADGAN01 sp015231955,212,4586144,41.45,36596,3833,15,"{'Ser', 'Arg', 'Met', 'Val', 'Gly', 'Gln', 'Leu', 'Trp', 'Glu', 'His', 'Lys', 'Phe', 'Thr', 'Pro', 'Tyr'}",3,1,1,1,78.36,1.75,85.04,89.99,1.98,50.8,1.6,TRUE,Oligoflexia_bacterium_nKLKbin5,PRJNA400260,SAMN15005449,JADFZY000000000,Scaffold,Illumina HiSeq,2020/5/24,"Institute of Geology and Geophysics, Chinese Academy of Sciences",33126926,2020,Expanding magnetic organelle biogenesis in the domain Bacteria,"W Lin, et al.",10.1186/s40168-020-00931-9,Microbiome,"China: Qinghai, Keluke Lake",37.283722 N 96.859816 E,37.283722,96.859816,Biosample/Paper,brackish,brackish,Yes,No
GCA_015232265.1,GCA_015232265.1_Magnetococcales_bacterium_nKLKbin4,d__Bacteria;p__Pseudomonadota;c__Magnetococcia;o__Magnetococcales;f__UBA8363;g__UBA8363;s__UBA8363 sp002753735,225,4028132,54.24,26216,3505,14,"{'Arg', 'Val', 'Asp', 'Gln', 'Leu', 'Gly', 'Asn', 'Ala', 'Glu', 'Lys', 'His', 'Phe', 'Thr', 'Pro'}",0,0,0,0,80.66,2.94,91.51,86.29,2.98,87.9,1.6,TRUE,Magnetococcales_bacterium_nKLKbin4,PRJNA400260,SAMN15005580,JADFZX000000000,Scaffold,Illumina HiSeq,2020/5/24,"Institute of Geology and Geophysics, Chinese Academy of Sciences",33126926,2020,Expanding magnetic organelle biogenesis in the domain Bacteria,"W Lin, et al.",10.1186/s40168-020-00931-9,Microbiome,"China: Qinghai, Keluke Lake",37.283722 N 96.859816 E,37.283722,96.859816,Biosample/Paper,brackish,brackish,Yes,No
GCA_015232315.1,GCA_015232315.1_SAR324_cluster_bacterium_nKLKbin6,d__Bacteria;p__SAR324;c__SAR324;o__SAR324;f__JADFZZ01;g__JADFZZ01;s__JADFZZ01 sp015232315,88,5251075,45.21,107714,4268,20,"{'Ala', 'Lys', 'Thr', 'Val', 'Trp', 'Met', 'Gln', 'Leu', 'Asn', 'Glu', 'Pro', 'Ser', 'Cys', 'Arg', 'Asp', 'Gly', 'SeC', 'Phe', 'His', 'Tyr'}",3,1,1,1,90.48,0,95.18,95.27,1.24,87.9,0.8,TRUE,SAR324_cluster_bacterium_nKLKbin6,PRJNA400260,SAMN15005610,JADFZZ000000000,Scaffold,Illumina HiSeq,2020/5/24,"Institute of Geology and Geophysics, Chinese Academy of Sciences",33126926,2020,Expanding magnetic organelle biogenesis in the domain Bacteria,"W Lin, et al.",10.1186/s40168-020-00931-9,Microbiome,"China: Qinghai, Keluke Lake",37.283722 N 96.859816 E,37.283722,96.859816,Biosample/Paper,brackish,brackish,Yes,No
GCA_015232335.1,GCA_015232335.1_Alphaproteobacteria_bacterium_nKLKbin1,d__Bacteria;p__Pseudomonadota;c__Alphaproteobacteria;o__Rhodospirillales;f__WMHbin7;g__WMHbin7;s__WMHbin7 sp015232335,89,3428751,59.34,60596,3351,19,"{'Ala', 'Lys', 'Thr', 'Val', 'Trp', 'Met', 'Gln', 'Leu', 'Asn', 'Glu', 'Pro', 'Ser', 'Cys', 'Arg', 'Asp', 'Gly', 'Phe', 'His', 'Tyr'}",1,0,1,0,94.53,0,100,99.94,0.31,93.5,0,TRUE,Alphaproteobacteria_bacterium_nKLKbin1,PRJNA400260,SAMN15005542,JADFZV000000000,Scaffold,Illumina HiSeq,2020/5/24,"Institute of Geology and Geophysics, Chinese Academy of Sciences",33126926,2020,Expanding magnetic organelle biogenesis in the domain Bacteria,"W Lin, et al.",10.1186/s40168-020-00931-9,Microbiome,"China: Qinghai, Keluke Lake",37.283722 N 96.859816 E,37.283722,96.859816,Biosample/Paper,brackish,brackish,Yes,No
GCA_015232355.1,GCA_015232355.1_Oligoflexia_bacterium_nKLKbin12,d__Bacteria;p__Bdellovibrionota;c__Bacteriovoracia;o__Bacteriovoracales;f__Bacteriovoracaceae;g__JADFZW01;s__JADFZW01 sp015232355,96,5633167,32.16,134958,4547,20,"{'Ala', 'Lys', 'Thr', 'Val', 'Trp', 'Met', 'Gln', 'Leu', 'Asn', 'Glu', 'Pro', 'Ser', 'Cys', 'Arg', 'Asp', 'Gly', 'SeC', 'Phe', 'His', 'Tyr'}",1,1,0,0,90.62,0.89,94.55,100,3.2,83.1,0.8,TRUE,Oligoflexia_bacterium_nKLKbin12,PRJNA400260,SAMN15005448,JADFZW000000000,Scaffold,Illumina HiSeq,2020/5/24,"Institute of Geology and Geophysics, Chinese Academy of Sciences",33126926,2020,Expanding magnetic organelle biogenesis in the domain Bacteria,"W Lin, et al.",10.1186/s40168-020-00931-9,Microbiome,"China: Qinghai, Keluke Lake",37.283722 N 96.859816 E,37.283722,96.859816,Biosample/Paper,brackish,brackish,Yes,No
GCA_015232365.1,GCA_015232365.1_Magnetococcales_bacterium_nJSWbin3,d__Bacteria;p__Pseudomonadota;c__Magnetococcia;o__Magnetococcales;f__UBA8363;g__GCA-2753565;s__GCA-2753565 sp015232365,103,2838496,44.6,45395,2396,11,"{'Ser', 'Arg', 'Val', 'Met', 'Asp', 'Gly', 'Leu', 'Glu', 'Lys', 'Thr', 'Pro'}",1,1,0,0,90.55,1.68,88.63,83.03,0.81,81.4,1.6,TRUE,Magnetococcales_bacterium_nJSWbin3,PRJNA400260,SAMN15005569,JADFZU000000000,Scaffold,Illumina HiSeq,2020/5/24,"Institute of Geology and Geophysics, Chinese Academy of Sciences",33126926,2020,Expanding magnetic organelle biogenesis in the domain Bacteria,"W Lin, et al.",10.1186/s40168-020-00931-9,Microbiome,"China: Jinshawan, Yingkou",40.223972 N 122.083844 E,40.223972,122.083844,Biosample/Paper,brackish,brackish,Yes,No
GCA_015232395.1,GCA_015232395.1_Magnetococcales_bacterium_nJSWbin2,d__Bacteria;p__Pseudomonadota;c__Magnetococcia;o__Magnetococcales;f__JADFZT01;g__JADFZT01;s__JADFZT01 sp015232395,170,4942843,55.33,50362,4090,20,"{'Ala', 'Lys', 'Thr', 'Val', 'Trp', 'Ile', 'Met', 'Gln', 'Leu', 'Asn', 'Glu', 'Pro', 'Ser', 'Cys', 'Arg', 'Asp', 'Gly', 'Phe', 'His', 'Tyr'}",3,2,0,1,99.16,3.64,99.06,99.98,1.21,96,1.6,TRUE,Magnetococcales_bacterium_nJSWbin2,PRJNA400260,SAMN15005551,JADFZT000000000,Scaffold,Illumina HiSeq,2020/5/24,"Institute of Geology and Geophysics, Chinese Academy of Sciences",33126926,2020,Expanding magnetic organelle biogenesis in the domain Bacteria,"W Lin, et al.",10.1186/s40168-020-00931-9,Microbiome,"China: Jinshawan, Yingkou",40.223972 N 122.083844 E,40.223972,122.083844,Biosample/Paper,brackish,brackish,Yes,No
GCA_015232405.1,GCA_015232405.1_Magnetococcales_bacterium_nJSWbin1,d__Bacteria;p__Pseudomonadota;c__Magnetococcia;o__Magnetococcales;f__UBA8363;g__GCA-2753565;s__GCA-2753565 sp015232405,335,5862517,42.2,33993,4797,14,"{'Ser', 'Arg', 'Val', 'Met', 'Asp', 'Gln', 'Leu', 'Asn', 'Pro', 'Ala', 'Glu', 'Lys', 'His', 'Ile'}",0,0,0,0,85.14,1.68,90.31,85.95,2.69,77.4,0.8,TRUE,Magnetococcales_bacterium_nJSWbin1,PRJNA400260,SAMN15005568,JADFZS000000000,Scaffold,Illumina HiSeq,2020/5/24,"Institute of Geology and Geophysics, Chinese Academy of Sciences",33126926,2020,Expanding magnetic organelle biogenesis in the domain Bacteria,"W Lin, et al.",10.1186/s40168-020-00931-9,Microbiome,"China: Jinshawan, Yingkou",40.223972 N 122.083844 E,40.223972,122.083844,Biosample/Paper,brackish,brackish,Yes,No
GCA_015232435.1,GCA_015232435.1_Alphaproteobacteria_bacterium_nJC2bin54,d__Bacteria;p__Pseudomonadota;c__Alphaproteobacteria;o__Rhodospirillales;f__Magnetospirillaceae;g__JADFZP01;s__JADFZP01 sp015232485,694,3885447,67.6,6643,3805,17,"{'Ser', 'Cys', 'Arg', 'Met', 'Val', 'Asp', 'Gln', 'Leu', 'Asn', 'Gly', 'Trp', 'Pro', 'Ala', 'Glu', 'Lys', 'Thr', 'His'}",1,0,1,0,81.55,0.25,88.68,85.56,1.25,87.1,0,TRUE,Alphaproteobacteria_bacterium_nJC2bin54,PRJNA400260,SAMN15005538,JADFZR000000000,Scaffold,Illumina HiSeq,2020/5/24,"Institute of Geology and Geophysics, Chinese Academy of Sciences",33126926,2020,Expanding magnetic organelle biogenesis in the domain Bacteria,"W Lin, et al.",10.1186/s40168-020-00931-9,Microbiome,China: Innermogolia,41.686682 N 108.39418 E,41.686682,108.39418,Biosample/Paper,freshwater,freshwater,Yes,No
GCA_015232455.1,GCA_015232455.1_Desulfamplus_sp._nJC1bin9,d__Bacteria;p__Desulfobacterota;c__Desulfobacteria;o__Desulfobacterales;f__Desulfobacteraceae;g__Desulfamplus;s__Desulfamplus sp015232455,82,4348730,35.99,138975,3539,21,"{'Ala', 'Lys', 'Thr', 'Val', 'Trp', 'Ile', 'Met', 'Gln', 'Leu', 'Asn', 'Glu', 'Pro', 'Ser', 'Cys', 'Arg', 'Asp', 'Gly', 'SeC', 'Phe', 'His', 'Tyr'}",10,3,3,4,99.68,1.61,98.47,99.62,0.74,91.9,0,TRUE,Desulfamplus_sp._nJC1bin9,PRJNA400260,SAMN15005471,JADFZQ000000000,Scaffold,Illumina HiSeq,2020/5/24,"Institute of Geology and Geophysics, Chinese Academy of Sciences",33126926,2020,Expanding magnetic organelle biogenesis in the domain Bacteria,"W Lin, et al.",10.1186/s40168-020-00931-9,Microbiome,China: Innermogolia,41.687541 N 108.393862 E,41.687541,108.393862,Biosample/Paper,freshwater,freshwater,Yes,No
GCA_015232465.1,GCA_015232465.1_Desulfamplus_sp._nHLHbin7,d__Bacteria;p__Desulfobacterota;c__Desulfobacteria;o__Desulfobacterales;f__Desulfobacteraceae;g__Desulfamplus;s__Desulfamplus sp015232465,147,3017047,37.75,34217,2511,16,"{'Ser', 'Cys', 'Arg', 'Val', 'Met', 'Asp', 'Gln', 'Leu', 'Gly', 'Asn', 'Ala', 'Glu', 'Lys', 'Phe', 'Thr', 'Pro'}",0,0,0,0,95.67,1.29,85.86,85.09,0.53,72.6,0,TRUE,Desulfamplus_sp._nHLHbin7,PRJNA400260,SAMN15005470,JADFZO000000000,Scaffold,Illumina HiSeq,2020/5/24,"Institute of Geology and Geophysics, Chinese Academy of Sciences",33126926,2020,Expanding magnetic organelle biogenesis in the domain Bacteria,"W Lin, et al.",10.1186/s40168-020-00931-9,Microbiome,China: Innermogolia,49.06944 N 117.75694 E,49.06944,117.75694,Biosample/Paper,freshwater,freshwater,Yes,No
GCA_015232485.1,GCA_015232485.1_Alphaproteobacteria_bacterium_nJC1bin3,d__Bacteria;p__Pseudomonadota;c__Alphaproteobacteria;o__Rhodospirillales;f__Magnetospirillaceae;g__JADFZP01;s__JADFZP01 sp015232485,698,3955622,67.27,6954,3821,16,"{'Ser', 'Cys', 'Arg', 'Val', 'Asp', 'Gly', 'Leu', 'Asn', 'Gln', 'Trp', 'Ala', 'His', 'Glu', 'Lys', 'Thr', 'Pro'}",0,0,0,0,84.69,0.5,89.89,84.65,0.44,88.7,0,TRUE,Alphaproteobacteria_bacterium_nJC1bin3,PRJNA400260,SAMN15005537,JADFZP000000000,Scaffold,Illumina HiSeq,2020/5/24,"Institute of Geology and Geophysics, Chinese Academy of Sciences",33126926,2020,Expanding magnetic organelle biogenesis in the domain Bacteria,"W Lin, et al.",10.1186/s40168-020-00931-9,Microbiome,China: Innermogolia,41.687541 N 108.393862 E,41.687541,108.393862,Biosample/Paper,freshwater,freshwater,Yes,No
GCA_015232515.1,GCA_015232515.1_Desulfobacterales_bacterium_nHLHbin5,d__Bacteria;p__Desulfobacterota;c__Desulfobacteria;o__Desulfobacterales;f__YD0425bin51;g__YD0425bin51;s__YD0425bin51 sp002753225,421,4582957,32.52,15842,3833,17,"{'Ser', 'Cys', 'Arg', 'Val', 'Met', 'Asp', 'Gly', 'Leu', 'Asn', 'Gln', 'SeC', 'Glu', 'Ala', 'Lys', 'Phe', 'Thr', 'Pro'}",2,1,0,1,82.29,0.81,82.71,80.32,1.3,83.1,0,TRUE,Desulfobacterales_bacterium_nHLHbin5,PRJNA400260,SAMN15005477,JADFZN000000000,Scaffold,Illumina HiSeq,2020/5/24,"Institute of Geology and Geophysics, Chinese Academy of Sciences",33126926,2020,Expanding magnetic organelle biogenesis in the domain Bacteria,"W Lin, et al.",10.1186/s40168-020-00931-9,Microbiome,China: Innermogolia,49.06944 N 117.75694 E,49.06944,117.75694,Biosample/Paper,freshwater,freshwater,Yes,No
GCA_015232535.1,GCA_015232535.1_Candidatus_Omnitrophica_bacterium_nHLHbin2,d__Bacteria;p__Omnitrophota;c__Koll11;o__Zapsychrales;f__Zapsychraceae;g__JADFZM01;s__JADFZM01 sp015232535,210,2207473,42.78,15244,1913,17,"{'Ser', 'Arg', 'Met', 'Val', 'Asp', 'Gly', 'Leu', 'Gln', 'Trp', 'Pro', 'Ala', 'Phe', 'Glu', 'Lys', 'Thr', 'His', 'Tyr'}",1,0,1,0,73.59,2.21,82.85,83.04,0.47,73.4,0,TRUE,Candidatus_Omnitrophota_bacterium_nHLHbin2,PRJNA400260,SAMN15005526,JADFZM000000000,Scaffold,Illumina HiSeq,2020/5/24,"Institute of Geology and Geophysics, Chinese Academy of Sciences",33126926,2020,Expanding magnetic organelle biogenesis in the domain Bacteria,"W Lin, et al.",10.1186/s40168-020-00931-9,Microbiome,China: Innermogolia,49.06944 N 117.75694 E,49.06944,117.75694,Biosample/Paper,freshwater,freshwater,Yes,No
GCA_015232555.1,GCA_015232555.1_Desulfamplus_sp._nHGRbin17,d__Bacteria;p__Desulfobacterota;c__Desulfobacteria;o__Desulfobacterales;f__Desulfobacteraceae;g__Desulfamplus;s__Desulfamplus sp015232555,106,3818984,37.82,58122,3051,19,"{'Ala', 'Lys', 'Thr', 'Val', 'Trp', 'Met', 'Gln', 'Leu', 'Asn', 'Glu', 'Pro', 'Ser', 'Cys', 'Arg', 'Asp', 'Gly', 'SeC', 'Phe', 'His'}",2,1,0,1,95.65,1.97,96.34,89.58,0.63,91.9,0,TRUE,Desulfamplus_sp._nHGRbin17,PRJNA400260,SAMN15005469,JADFZJ000000000,Scaffold,Illumina HiSeq,2020/5/24,"Institute of Geology and Geophysics, Chinese Academy of Sciences",33126926,2020,Expanding magnetic organelle biogenesis in the domain Bacteria,"W Lin, et al.",10.1186/s40168-020-00931-9,Microbiome,China: Innermogolia,41.573047 N 108.313566 E,41.573047,108.313566,Biosample/Paper,freshwater,freshwater,Yes,No
GCA_015232565.1,GCA_015232565.1_Candidatus_Omnitrophica_bacterium_nHGRbin18,d__Bacteria;p__Omnitrophota;c__Koll11;o__Zapsychrales;f__Fredricksoniimonadaceae;g__GCA-2753745;s__GCA-2753745 sp015232565,80,2643610,51.11,53313,2283,21,"{'Ala', 'Lys', 'Thr', 'Val', 'Trp', 'Ile', 'Met', 'Gln', 'Leu', 'Asn', 'Glu', 'Pro', 'Ser', 'Cys', 'Arg', 'Asp', 'Gly', 'SeC', 'Phe', 'His', 'Tyr'}",4,1,1,2,88.29,2.15,93.86,96.03,0.19,87.9,0,TRUE,Candidatus_Omnitrophota_bacterium_nHGRbin18,PRJNA400260,SAMN15005519,JADFZK000000000,Scaffold,Illumina HiSeq,2020/5/24,"Institute of Geology and Geophysics, Chinese Academy of Sciences",33126926,2020,Expanding magnetic organelle biogenesis in the domain Bacteria,"W Lin, et al.",10.1186/s40168-020-00931-9,Microbiome,China: Innermogolia,41.573047 N 108.313566 E,41.573047,108.313566,Biosample/Paper,freshwater,freshwater,Yes,No
GCA_015232575.1,GCA_015232575.1_Candidatus_Riflebacteria_bacterium_nHGRbin4,d__Bacteria;p__Riflebacteria;c__Ozemobacteria;o__Ozemobacterales;f__Ozemobacteraceae;g__JADFXM01;s__JADFXM01 sp015232575,54,7047312,40.28,283247,5436,20,"{'Ala', 'Lys', 'Thr', 'Val', 'Trp', 'Met', 'Gln', 'Leu', 'Asn', 'Glu', 'Pro', 'Ser', 'Cys', 'Arg', 'Asp', 'Gly', 'SeC', 'Phe', 'His', 'Tyr'}",4,2,1,1,96,0,94.23,99.93,5.07,90.3,0.8,TRUE,Candidatus_Riflebacteria_bacterium_nHGRbin4,PRJNA400260,SAMN15005609,JADFZL000000000,Scaffold,Illumina HiSeq,2020/5/24,"Institute of Geology and Geophysics, Chinese Academy of Sciences",33126926,2020,Expanding magnetic organelle biogenesis in the domain Bacteria,"W Lin, et al.",10.1186/s40168-020-00931-9,Microbiome,China: Innermogolia,41.573047 N 108.313566 E,41.573047,108.313566,Biosample/Paper,freshwater,freshwater,Yes,No
GCA_015232615.1,GCA_015232615.1_Nitrospirota_bacterium_nHCHbin2,d__Bacteria;p__Nitrospirota;c__Thermodesulfovibrionia;o__Thermodesulfovibrionales;f__Magnetobacteriaceae;g__Magnetominusculus;s__Magnetominusculus xianensis,99,3701936,45.24,57400,3432,19,"{'Ala', 'Lys', 'Thr', 'Val', 'Trp', 'Ile', 'Met', 'Gln', 'Leu', 'Glu', 'Pro', 'Ser', 'Cys', 'Arg', 'Asp', 'Gly', 'Phe', 'His', 'Tyr'}",2,0,1,1,98.18,0.91,100,100,0.57,94.3,0.8,TRUE,Nitrospirota_bacterium_nHCHbin2,PRJNA400260,SAMN15005499,JADFZI000000000,Scaffold,Illumina HiSeq,2020/5/24,"Institute of Geology and Geophysics, Chinese Academy of Sciences",33126926,2020,Expanding magnetic organelle biogenesis in the domain Bacteria,"W Lin, et al.",10.1186/s40168-020-00931-9,Microbiome,China: Xian city moat,34.25287 N 108.92187 E,34.25287,108.92187,Biosample/Paper,freshwater,freshwater,Yes,No
GCA_015232635.1,GCA_015232635.1_Magnetococcales_bacterium_nHCHbin1,d__Bacteria;p__Pseudomonadota;c__Magnetococcia;o__Magnetococcales;f__Magnetaquicoccaceae;g__HCHbin5;s__HCHbin5 sp002753505,295,3805225,56.77,22140,3233,19,"{'Ala', 'Lys', 'Thr', 'Val', 'Trp', 'Ile', 'Met', 'Gln', 'Leu', 'Asn', 'Glu', 'Pro', 'Ser', 'Cys', 'Arg', 'Gly', 'Phe', 'His', 'Tyr'}",2,1,0,1,94.79,2.1,95.35,88.99,0.96,93.5,0.8,TRUE,Magnetococcales_bacterium_nHCHbin1,PRJNA400260,SAMN15005589,JADFZH000000000,Scaffold,Illumina HiSeq,2020/5/24,"Institute of Geology and Geophysics, Chinese Academy of Sciences",33126926,2020,Expanding magnetic organelle biogenesis in the domain Bacteria,"W Lin, et al.",10.1186/s40168-020-00931-9,Microbiome,China: Xian city moat,34.25287 N 108.92187 E,34.25287,108.92187,Biosample/Paper,freshwater,freshwater,Yes,No
GCA_015232645.1,GCA_015232645.1_Magnetococcales_bacterium_nHA5abin3,d__Bacteria;p__Pseudomonadota;c__Magnetococcia;o__Magnetococcales;f__UBA8363;g__UBA8363;s__UBA8363 sp015232645,426,3385412,54.67,12490,2985,10,"{'Ser', 'Arg', 'Val', 'Asp', 'Gln', 'Leu', 'Phe', 'Lys', 'Thr', 'Pro'}",1,1,0,0,70.28,1.68,74.14,71.52,0.76,65.3,0,TRUE,Magnetococcales_bacterium_nHA5abin3,PRJNA400260,SAMN15005572,JADFZF000000000,Scaffold,Illumina HiSeq,2020/5/24,"Institute of Geology and Geophysics, Chinese Academy of Sciences",33126926,2020,Expanding magnetic organelle biogenesis in the domain Bacteria,"W Lin, et al.",10.1186/s40168-020-00931-9,Microbiome,China: Hongan,31.290556 N 114.913333 E,31.290556,114.913333,Biosample/Paper,freshwater,freshwater,Yes,No
GCA_015232675.1,GCA_015232675.1_Magnetococcales_bacterium_nHAa3bin1,d__Bacteria;p__Pseudomonadota;c__Magnetococcia;o__Magnetococcales;f__UBA8363;g__UBA8363;s__UBA8363 sp002753515,97,3004780,53.21,84180,2604,19,"{'Ala', 'Thr', 'Val', 'Trp', 'Ile', 'Met', 'Gln', 'Leu', 'Asn', 'Glu', 'Pro', 'Ser', 'Cys', 'Arg', 'Asp', 'Gly', 'Phe', 'His', 'Tyr'}",6,2,2,2,81.86,1.68,79.25,76.7,0.68,81.4,3.2,TRUE,Magnetococcales_bacterium_nHAa3bin1,PRJNA400260,SAMN15005578,JADFZG000000000,Scaffold,Illumina HiSeq,2020/5/24,"Institute of Geology and Geophysics, Chinese Academy of Sciences",33126926,2020,Expanding magnetic organelle biogenesis in the domain Bacteria,"W Lin, et al.",10.1186/s40168-020-00931-9,Microbiome,China: Hongan,31.174289 N 114.543941 E,31.174289,114.543941,Biosample/Paper,freshwater,freshwater,Yes,No
GCA_015232685.1,GCA_015232685.1_Magnetococcales_bacterium_nHA5abin2,d__Bacteria;p__Pseudomonadota;c__Magnetococcia;o__Magnetococcales;f__UBA8363;g__UBA8363;s__UBA8363 sp015228975,229,3237156,52.36,25023,2912,17,"{'Ser', 'Cys', 'Arg', 'Met', 'Val', 'Gly', 'Leu', 'Gln', 'Trp', 'Glu', 'Ala', 'Lys', 'His', 'Thr', 'Pro', 'Tyr', 'Ile'}",1,1,0,0,84.03,4.62,83.17,78.82,0.75,81.4,2.4,TRUE,Magnetococcales_bacterium_nHA5abin2,PRJNA400260,SAMN15005577,JADFZE000000000,Scaffold,Illumina HiSeq,2020/5/24,"Institute of Geology and Geophysics, Chinese Academy of Sciences",33126926,2020,Expanding magnetic organelle biogenesis in the domain Bacteria,"W Lin, et al.",10.1186/s40168-020-00931-9,Microbiome,China: Hongan,31.290556 N 114.913333 E,31.290556,114.913333,Biosample/Paper,freshwater,freshwater,Yes,No
GCA_015232705.1,GCA_015232705.1_Magnetococcales_bacterium_nHA4bin8,d__Bacteria;p__Pseudomonadota;c__Magnetococcia;o__Magnetococcales;f__Magnetaquicoccaceae;g__JAANAU01;s__JAANAU01 sp015232705,382,2053645,58.19,6996,1922,15,"{'Ser', 'Cys', 'Arg', 'Val', 'Met', 'Gln', 'Leu', 'Asn', 'Gly', 'Trp', 'Pro', 'Glu', 'Lys', 'Thr', 'His'}",1,1,0,0,53.73,0.05,57.79,49.87,0.24,50,0,TRUE,Magnetococcales_bacterium_nHA4bin8,PRJNA400260,SAMN15005585,JADFZD000000000,Contig,Illumina HiSeq,2020/5/24,"Institute of Geology and Geophysics, Chinese Academy of Sciences",33126926,2020,Expanding magnetic organelle biogenesis in the domain Bacteria,"W Lin, et al.",10.1186/s40168-020-00931-9,Microbiome,China: Hongan,31.292222 N 114.921667 E,31.292222,114.921667,Biosample/Paper,freshwater,freshwater,Yes,No
GCA_015232735.1,GCA_015232735.1_Oligoflexales_bacterium_nHA4bin4,d__Bacteria;p__Bdellovibrionota;c__Oligoflexia;o__Oligoflexales;f__Oligoflexaceae;g__JADFZC01;s__JADFZC01 sp015232735,942,4285564,43.67,5119,3518,19,"{'Ala', 'Lys', 'Thr', 'Val', 'Trp', 'Ile', 'Met', 'Gln', 'Leu', 'Asn', 'Glu', 'Pro', 'Ser', 'Cys', 'Arg', 'Gly', 'Phe', 'His', 'Tyr'}",2,1,0,1,63.54,0.93,55.97,82.22,4.68,41.9,0,FALSE,Oligoflexales_bacterium_nHA4bin4,PRJNA400260,SAMN15005453,JADFZC000000000,Scaffold,Illumina HiSeq,2020/5/24,"Institute of Geology and Geophysics, Chinese Academy of Sciences",33126926,2020,Expanding magnetic organelle biogenesis in the domain Bacteria,"W Lin, et al.",10.1186/s40168-020-00931-9,Microbiome,China: Hongan,31.292222 N 114.921667 E,31.292222,114.921667,Biosample/Paper,freshwater,freshwater,Yes,No
GCA_015232755.1,GCA_015232755.1_Magnetococcales_bacterium_nHA3dbin2,d__Bacteria;p__Pseudomonadota;c__Magnetococcia;o__Magnetococcales;f__DC0425bin3;g__HA3dbin3;s__HA3dbin3 sp002753495,358,3545338,61.56,17432,3142,19,"{'Ala', 'Lys', 'Thr', 'Val', 'Trp', 'Ile', 'Met', 'Gln', 'Leu', 'Asn', 'Glu', 'Pro', 'Ser', 'Cys', 'Arg', 'Gly', 'Phe', 'His', 'Tyr'}",2,2,0,0,86.97,3.78,91.54,88.41,3.96,87.1,0.8,TRUE,Magnetococcales_bacterium_nHA3dbin2,PRJNA400260,SAMN15005565,JADFZA000000000,Scaffold,Illumina HiSeq,2020/5/24,"Institute of Geology and Geophysics, Chinese Academy of Sciences",33126926,2020,Expanding magnetic organelle biogenesis in the domain Bacteria,"W Lin, et al.",10.1186/s40168-020-00931-9,Microbiome,China: Hongan,31.173819 N 114.547642 E,31.173819,114.547642,Biosample/Paper,freshwater,freshwater,Yes,No
GCA_015232765.1,GCA_015232765.1_Magnetococcales_bacterium_nHA4bin1,d__Bacteria;p__Pseudomonadota;c__Magnetococcia;o__Magnetococcales;f__Magnetaquicoccaceae;g__JAANAU01;s__JAANAU01 sp015232825,414,2438036,50.34,7694,2236,14,"{'Ser', 'Cys', 'Arg', 'Met', 'Val', 'Asp', 'Gln', 'Leu', 'Asn', 'Gly', 'His', 'Ala', 'Lys', 'Pro'}",2,1,0,1,56.19,0,62.04,63.97,1.16,50,0,TRUE,Magnetococcales_bacterium_nHA4bin1,PRJNA400260,SAMN15005593,JADFZB000000000,Contig,Illumina HiSeq,2020/5/24,"Institute of Geology and Geophysics, Chinese Academy of Sciences",33126926,2020,Expanding magnetic organelle biogenesis in the domain Bacteria,"W Lin, et al.",10.1186/s40168-020-00931-9,Microbiome,China: Hongan,31.292222 N 114.921667 E,31.292222,114.921667,Biosample/Paper,freshwater,freshwater,Yes,No
GCA_015232795.1,GCA_015232795.1_Magnetococcales_bacterium_nGRbin4,d__Bacteria;p__Pseudomonadota;c__Magnetococcia;o__Magnetococcales;f__UBA8363;g__GCA-2753565;s__GCA-2753565 sp015232795,466,2868494,42,7505,2478,12,"{'Ser', 'Arg', 'Met', 'Val', 'Asp', 'Gln', 'Leu', 'Asn', 'Glu', 'Thr', 'Pro', 'Ile'}",1,1,0,0,61.47,1.68,67.08,65.19,0.34,60.5,0,TRUE,Magnetococcales_bacterium_nGRbin4,PRJNA400260,SAMN15005567,JADFYX000000000,Contig,Illumina HiSeq,2020/5/24,"Institute of Geology and Geophysics, Chinese Academy of Sciences",33126926,2020,Expanding magnetic organelle biogenesis in the domain Bacteria,"W Lin, et al.",10.1186/s40168-020-00931-9,Microbiome,Australia: Gellibrand River,38.69715 S 143.15477 E,-38.69715,143.15477,Biosample/Paper,brackish,brackish,Yes,No
GCA_015232815.1,GCA_015232815.1_Magnetococcales_bacterium_nHA3dbin1,d__Bacteria;p__Pseudomonadota;c__Magnetococcia;o__Magnetococcales;f__UBA8363;g__UBA8363;s__UBA8363 sp002753515,203,4465439,52.89,43128,3904,19,"{'Ala', 'Lys', 'Thr', 'Val', 'Trp', 'Ile', 'Met', 'Gln', 'Leu', 'Glu', 'Pro', 'Ser', 'Cys', 'Arg', 'Asp', 'Gly', 'Phe', 'His', 'Tyr'}",3,1,1,1,96.57,2.94,98.77,100,1.12,94.3,4,TRUE,Magnetococcales_bacterium_nHA3dbin1,PRJNA400260,SAMN15005576,JADFYZ000000000,Scaffold,Illumina HiSeq,2020/5/24,"Institute of Geology and Geophysics, Chinese Academy of Sciences",33126926,2020,Expanding magnetic organelle biogenesis in the domain Bacteria,"W Lin, et al.",10.1186/s40168-020-00931-9,Microbiome,China: Hongan,31.173819 N 114.547642 E,31.173819,114.547642,Biosample/Paper,freshwater,freshwater,Yes,No
GCA_015232825.1,GCA_015232825.1_Magnetococcales_bacterium_nHA1bin2,d__Bacteria;p__Pseudomonadota;c__Magnetococcia;o__Magnetococcales;f__Magnetaquicoccaceae;g__JAANAU01;s__JAANAU01 sp015232825,270,3028638,50.29,17143,2727,17,"{'Ser', 'Arg', 'Met', 'Val', 'Asp', 'Gly', 'Leu', 'Asn', 'Gln', 'Ala', 'Glu', 'His', 'Lys', 'Phe', 'Thr', 'Pro', 'Ile'}",1,1,0,0,76.53,3.36,77.49,73.03,0.9,67.7,0.8,TRUE,Magnetococcales_bacterium_nHA1bin2,PRJNA400260,SAMN15005592,JADFYY000000000,Scaffold,Illumina HiSeq,2020/5/24,"Institute of Geology and Geophysics, Chinese Academy of Sciences",33126926,2020,Expanding magnetic organelle biogenesis in the domain Bacteria,"W Lin, et al.",10.1186/s40168-020-00931-9,Microbiome,China: Hongan,31.295 N 114.916944 E,31.295,114.916944,Biosample/Paper,freshwater,freshwater,Yes,No
GCA_015232855.1,GCA_015232855.1_Fibrobacteria_bacterium_nGRbin1,d__Bacteria;p__Fibrobacterota;c__Fibrobacteria;o__UBA11236;f__JADFYW01;g__JADFYW01;s__JADFYW01 sp015232855,350,5376203,40.73,27450,4035,18,"{'Ser', 'Cys', 'Arg', 'Met', 'Val', 'Asp', 'Gly', 'Gln', 'Asn', 'Leu', 'Trp', 'Glu', 'Phe', 'His', 'Ala', 'Thr', 'Pro', 'Tyr'}",3,1,1,1,88.69,1.1,79.91,84.46,1.76,62.9,0.8,TRUE,Fibrobacteria_bacterium_nGRbin1,PRJNA400260,SAMN15005482,JADFYW000000000,Scaffold,Illumina HiSeq,2020/5/24,"Institute of Geology and Geophysics, Chinese Academy of Sciences",33126926,2020,Expanding magnetic organelle biogenesis in the domain Bacteria,"W Lin, et al.",10.1186/s40168-020-00931-9,Microbiome,Australia: Gellibrand River,38.69715 S 143.15477 E,-38.69715,143.15477,Biosample/Paper,brackish,brackish,Yes,No
GCA_015232865.1,GCA_015232865.1_Magnetococcales_bacterium_nER1bin6,d__Bacteria;p__Pseudomonadota;c__Magnetococcia;o__Magnetococcales;f__UBA8363;g__GCA-2753565;s__GCA-2753565 sp015232865,102,3093236,51.04,51978,2620,17,"{'Ser', 'Cys', 'Arg', 'Val', 'Met', 'Gly', 'Leu', 'Asn', 'Gln', 'Ala', 'Phe', 'Lys', 'Glu', 'Thr', 'Pro', 'Tyr', 'Ile'}",1,1,0,0,73.79,1.72,74.49,71.45,10.32,58.9,2.4,TRUE,Magnetococcales_bacterium_nER1bin6,PRJNA400260,SAMN15005566,JADFYU000000000,Scaffold,Illumina HiSeq,2020/5/24,"Institute of Geology and Geophysics, Chinese Academy of Sciences",33126926,2020,Expanding magnetic organelle biogenesis in the domain Bacteria,"W Lin, et al.",10.1186/s40168-020-00931-9,Microbiome,Australia: Erskine River,38.5338 S 143.97832 E,-38.5338,143.97832,Biosample/Paper,brackish,brackish,Yes,No
GCA_015232875.1,GCA_015232875.1_Candidatus_Magnetomorum_sp._nER2bin1,d__Bacteria;p__Desulfobacterota;c__Desulfobacteria;o__Desulfobacterales;f__Magnetomoraceae;g__Magnetomorum;s__Magnetomorum sp002753725,393,6162735,38.94,22709,4014,17,"{'Ser', 'Cys', 'Arg', 'Met', 'Val', 'Asp', 'Gly', 'Leu', 'SeC', 'Gln', 'Trp', 'Ala', 'Glu', 'Lys', 'His', 'Thr', 'Pro'}",1,1,0,0,93.82,0,93.86,96.13,1.03,90.3,0,TRUE,Candidatus_Magnetomorum_sp._nER2bin1,PRJNA400260,SAMN15005474,JADFYV000000000,Scaffold,Illumina HiSeq,2020/5/24,"Institute of Geology and Geophysics, Chinese Academy of Sciences",33126926,2020,Expanding magnetic organelle biogenesis in the domain Bacteria,"W Lin, et al.",10.1186/s40168-020-00931-9,Microbiome,Australia: Erskine River,38.5359 S 143.97478 E,-38.5359,143.97478,Biosample/Paper,brackish,brackish,Yes,No
GCA_015232915.1,GCA_015232915.1_Magnetococcales_bacterium_nER1bin1,d__Bacteria;p__Pseudomonadota;c__Magnetococcia;o__Magnetococcales;f__UBA8363;g__GCA-2753565;s__GCA-2753565 sp002753565,47,3664887,52.32,113822,3150,18,"{'Ser', 'Arg', 'Met', 'Val', 'Asp', 'Gly', 'Leu', 'Asn', 'Gln', 'Trp', 'Pro', 'Glu', 'Ala', 'Lys', 'Phe', 'Thr', 'His', 'Ile'}",3,2,0,1,99.11,1.68,99.28,99.51,1.29,98.4,0.8,TRUE,Magnetococcales_bacterium_nER1bin1,PRJNA400260,SAMN15005571,JADFYR000000000,Scaffold,Illumina HiSeq,2020/5/24,"Institute of Geology and Geophysics, Chinese Academy of Sciences",33126926,2020,Expanding magnetic organelle biogenesis in the domain Bacteria,"W Lin, et al.",10.1186/s40168-020-00931-9,Microbiome,Australia: Erskine River,38.5338 S 143.97832 E,-38.5338,143.97832,Biosample/Paper,brackish,brackish,Yes,No
GCA_015232935.1,GCA_015232935.1_Desulfamplus_sp._nER1bin2,d__Bacteria;p__Desulfobacterota;c__Desulfobacteria;o__Desulfobacterales;f__Desulfobacteraceae;g__Desulfamplus;s__Desulfamplus sp015232935,486,2882814,42.66,7321,2327,14,"{'Ser', 'Cys', 'Arg', 'Val', 'Met', 'Asp', 'Gly', 'Leu', 'Asn', 'Gln', 'SeC', 'Glu', 'Lys', 'Thr'}",2,2,0,0,73.13,0.97,65.16,63.78,1.73,58.9,0,TRUE,Desulfamplus_sp._nER1bin2,PRJNA400260,SAMN15005460,JADFYT000000000,Contig,Illumina HiSeq,2020/5/24,"Institute of Geology and Geophysics, Chinese Academy of Sciences",33126926,2020,Expanding magnetic organelle biogenesis in the domain Bacteria,"W Lin, et al.",10.1186/s40168-020-00931-9,Microbiome,Australia: Erskine River,38.5338 S 143.97832 E,-38.5338,143.97832,Biosample/Paper,brackish,brackish,Yes,No
GCA_015232945.1,GCA_015232945.1_Nitrospirota_bacterium_nDJH8bin7,d__Bacteria;p__Nitrospirota;c__Thermodesulfovibrionia;o__Thermodesulfovibrionales;f__Magnetobacteriaceae;g__JADFXP01;s__JADFXP01 sp015233465,354,1912965,35.14,6641,1960,9,"{'Ser', 'Arg', 'Met', 'Val', 'Gly', 'Leu', 'His', 'Ala', 'Pro'}",0,0,0,0,55.23,0,49.81,51.62,0.07,46,0,TRUE,Nitrospirota_bacterium_nDJH8bin7,PRJNA400260,SAMN15005492,JADFYP000000000,Scaffold,Illumina HiSeq,2020/5/24,"Institute of Geology and Geophysics, Chinese Academy of Sciences",33126926,2020,Expanding magnetic organelle biogenesis in the domain Bacteria,"W Lin, et al.",10.1186/s40168-020-00931-9,Microbiome,China: Dajiu Lake,31.48944 N 109.99638 E,31.48944,109.99638,Biosample/Paper,bog/peatland (acidic),Acidic Peatland,Yes,No
GCA_015232955.1,GCA_015232955.1_Gammaproteobacteria_bacterium_nER1bin10,d__Bacteria;p__Pseudomonadota;c__Gammaproteobacteria;o__BW-2;f__BW-2;g__JADFYS01;s__JADFYS01 sp015232955,485,2595233,54.7,6203,2369,16,"{'Ser', 'Arg', 'Met', 'Val', 'Asp', 'Gly', 'Leu', 'Gln', 'Trp', 'Pro', 'Glu', 'Ala', 'Phe', 'Thr', 'His', 'Tyr'}",0,0,0,0,68.81,0.62,72.39,76.52,0.53,62.1,0,TRUE,Gammaproteobacteria_bacterium_nER1bin10,PRJNA400260,SAMN15005547,JADFYS000000000,Contig,Illumina HiSeq,2020/5/24,"Institute of Geology and Geophysics, Chinese Academy of Sciences",33126926,2020,Expanding magnetic organelle biogenesis in the domain Bacteria,"W Lin, et al.",10.1186/s40168-020-00931-9,Microbiome,Australia: Erskine River,38.5338 S 143.97832 E,-38.5338,143.97832,Biosample/Paper,brackish,brackish,Yes,No
GCA_015232995.1,GCA_015232995.1_Nitrospirota_bacterium_nDJH8bin8,d__Bacteria;p__Nitrospirota;c__Thermodesulfovibrionia;o__Thermodesulfovibrionales;f__Magnetobacteriaceae;g__JADFXG01;s__JADFXG01 sp015233895,111,4187783,41.49,60346,3834,20,"{'Ala', 'Lys', 'Thr', 'Val', 'Trp', 'Met', 'Gln', 'Leu', 'Asn', 'Glu', 'Pro', 'Ser', 'Cys', 'Arg', 'Asp', 'Gly', 'SeC', 'Phe', 'His', 'Tyr'}",4,2,1,1,98.58,0.91,99.06,99.98,1.3,95.2,0,TRUE,Nitrospirota_bacterium_nDJH8bin8,PRJNA400260,SAMN15005493,JADFYQ000000000,Scaffold,Illumina HiSeq,2020/5/24,"Institute of Geology and Geophysics, Chinese Academy of Sciences",33126926,2020,Expanding magnetic organelle biogenesis in the domain Bacteria,"W Lin, et al.",10.1186/s40168-020-00931-9,Microbiome,China: Dajiu Lake,31.48944 N 109.99638 E,31.48944,109.99638,Biosample/Paper,bog/peatland (acidic),Acidic Peatland,Yes,No
GCA_015233015.1,GCA_015233015.1_Nitrospirota_bacterium_nDJH8bin6,d__Bacteria;p__Nitrospirota;c__Thermodesulfovibrionia;o__Thermodesulfovibrionales;f__Magnetobacteriaceae;g__Magnetominusculus;s__Magnetominusculus sp015233015,149,3781477,46.6,45032,3507,20,"{'Ala', 'Lys', 'Thr', 'Val', 'Trp', 'Met', 'Gln', 'Leu', 'Asn', 'Glu', 'Pro', 'Ser', 'Cys', 'Arg', 'Asp', 'Gly', 'SeC', 'Phe', 'His', 'Tyr'}",2,1,1,0,98.03,0.91,99.23,99.97,0.34,93.5,0.8,TRUE,Nitrospirota_bacterium_nDJH8bin6,PRJNA400260,SAMN15005498,JADFYO000000000,Scaffold,Illumina HiSeq,2020/5/24,"Institute of Geology and Geophysics, Chinese Academy of Sciences",33126926,2020,Expanding magnetic organelle biogenesis in the domain Bacteria,"W Lin, et al.",10.1186/s40168-020-00931-9,Microbiome,China: Dajiu Lake,31.48944 N 109.99638 E,31.48944,109.99638,Biosample/Paper,bog/peatland (acidic),Acidic Peatland,Yes,No
GCA_015233035.1,GCA_015233035.1_Magnetococcales_bacterium_nDJH8bin2,d__Bacteria;p__Pseudomonadota;c__Magnetococcia;o__Magnetococcales;f__Magnetaquicoccaceae;g__HCHbin5;s__HCHbin5 sp015233035,434,4525783,57.45,14666,3875,20,"{'Ala', 'Lys', 'Thr', 'Val', 'Trp', 'Ile', 'Met', 'Gln', 'Leu', 'Asn', 'Glu', 'Pro', 'Ser', 'Cys', 'Arg', 'Asp', 'Gly', 'Phe', 'His', 'Tyr'}",2,2,0,0,98.99,3.99,96.76,96.5,2.61,96,0,TRUE,Magnetococcales_bacterium_nDJH8bin2,PRJNA400260,SAMN15005586,JADFYM000000000,Scaffold,Illumina HiSeq,2020/5/24,"Institute of Geology and Geophysics, Chinese Academy of Sciences",33126926,2020,Expanding magnetic organelle biogenesis in the domain Bacteria,"W Lin, et al.",10.1186/s40168-020-00931-9,Microbiome,China: Dajiu Lake,31.48944 N 109.99638 E,31.48944,109.99638,Biosample/Paper,bog/peatland (acidic),Acidic Peatland,Yes,No
GCA_015233045.1,GCA_015233045.1_Nitrospirota_bacterium_nDJH8bin13,d__Bacteria;p__Nitrospirota;c__Thermodesulfovibrionia;o__Thermodesulfovibrionales;f__Magnetobacteriaceae;g__Magnetominusculus;s__Magnetominusculus sp015233045,190,2611585,47.66,19254,2496,12,"{'Ser', 'Cys', 'Arg', 'Met', 'Val', 'Gly', 'SeC', 'Leu', 'Asn', 'Trp', 'Thr', 'His'}",0,0,0,0,71.27,1.82,73.58,68.12,0.69,50,0.8,TRUE,Nitrospirota_bacterium_nDJH8bin13,PRJNA400260,SAMN15005497,JADFYL000000000,Scaffold,Illumina HiSeq,2020/5/24,"Institute of Geology and Geophysics, Chinese Academy of Sciences",33126926,2020,Expanding magnetic organelle biogenesis in the domain Bacteria,"W Lin, et al.",10.1186/s40168-020-00931-9,Microbiome,China: Dajiu Lake,31.48944 N 109.99638 E,31.48944,109.99638,Biosample/Paper,bog/peatland (acidic),Acidic Peatland,Yes,No
GCA_015233055.1,GCA_015233055.1_Deltaproteobacteria_bacterium_nDJH8bin5,d__Bacteria;p__Desulfobacterota;c__JADFXK01;o__JADFXK01;f__JADFXK01;g__JADFXK01;s__JADFXK01 sp015233055,527,4054746,51.56,10433,3628,18,"{'Ser', 'Cys', 'Arg', 'Val', 'Met', 'Asp', 'Gly', 'Leu', 'SeC', 'Asn', 'Gln', 'Trp', 'His', 'Glu', 'Lys', 'Ala', 'Phe', 'Pro'}",1,1,0,0,81.25,0.65,79.65,75.87,3.09,75,0.8,TRUE,Deltaproteobacteria_bacterium_nDJH8bin5,PRJNA400260,SAMN15005458,JADFYN000000000,Scaffold,Illumina HiSeq,2020/5/24,"Institute of Geology and Geophysics, Chinese Academy of Sciences",33126926,2020,Expanding magnetic organelle biogenesis in the domain Bacteria,"W Lin, et al.",10.1186/s40168-020-00931-9,Microbiome,China: Dajiu Lake,31.48944 N 109.99638 E,31.48944,109.99638,Biosample/Paper,bog/peatland (acidic),Acidic Peatland,Yes,No
GCA_015233065.1,GCA_015233065.1_Desulfovibrionaceae_bacterium_nDJH8bin10,d__Bacteria;p__Desulfobacterota;c__Desulfovibrionia;o__Desulfovibrionales;f__Desulfovibrionaceae;g__JADFXV01;s__JADFXV01 sp015233395,255,3285386,62.71,21540,2960,19,"{'Ala', 'Lys', 'Thr', 'Val', 'Trp', 'Met', 'Gln', 'Leu', 'Asn', 'Glu', 'Pro', 'Ser', 'Cys', 'Arg', 'Asp', 'Gly', 'SeC', 'Phe', 'His'}",0,0,0,0,95.77,0,96.53,93.67,0.07,90.3,0,TRUE,Desulfovibrionaceae_bacterium_nDJH8bin10,PRJNA400260,SAMN15005481,JADFYK000000000,Scaffold,Illumina HiSeq,2020/5/24,"Institute of Geology and Geophysics, Chinese Academy of Sciences",33126926,2020,Expanding magnetic organelle biogenesis in the domain Bacteria,"W Lin, et al.",10.1186/s40168-020-00931-9,Microbiome,China: Dajiu Lake,31.48944 N 109.99638 E,31.48944,109.99638,Biosample/Paper,bog/peatland (acidic),Acidic Peatland,Yes,No
GCA_015233115.1,GCA_015233115.1_Candidatus_Omnitrophica_bacterium_nDJH6bin5,d__Bacteria;p__Omnitrophota;c__Koll11;o__Zapsychrales;f__Zapsychraceae;g__JADFYE01;s__JADFYE01 sp015233115,37,2393593,40.68,108715,2188,18,"{'Ser', 'Arg', 'Val', 'Met', 'Asp', 'Gln', 'Leu', 'Asn', 'Gly', 'Trp', 'His', 'Glu', 'Lys', 'Phe', 'Ala', 'Thr', 'Pro', 'Tyr'}",2,1,0,1,82.8,3.23,91.43,90.95,0.26,79.8,0.8,TRUE,Candidatus_Omnitrophota_bacterium_nDJH6bin5,PRJNA400260,SAMN15005525,JADFYJ000000000,Scaffold,Illumina HiSeq,2020/5/24,"Institute of Geology and Geophysics, Chinese Academy of Sciences",33126926,2020,Expanding magnetic organelle biogenesis in the domain Bacteria,"W Lin, et al.",10.1186/s40168-020-00931-9,Microbiome,China: Dajiu Lake,31.49055 N 109.99611 E,31.49055,109.99611,Biosample/Paper,bog/peatland (acidic),Acidic Peatland,Yes,No
GCA_015233135.1,GCA_015233135.1_Deltaproteobacteria_bacterium_nDJH6bin20,d__Bacteria;p__UBA10199;c__UBA10199;o__DSSB01;f__JADFYH01;g__JADFYH01;s__JADFYH01 sp015233135,64,2614640,45.14,63680,2349,19,"{'Ala', 'Lys', 'Thr', 'Val', 'Trp', 'Ile', 'Met', 'Gln', 'Leu', 'Glu', 'Pro', 'Ser', 'Cys', 'Arg', 'Asp', 'Gly', 'Phe', 'His', 'Tyr'}",5,1,2,2,94.84,0.83,98.33,100,0.08,97.6,0,TRUE,Deltaproteobacteria_bacterium_nDJH6bin20,PRJNA400260,SAMN15005614,JADFYH000000000,Scaffold,Illumina HiSeq,2020/5/24,"Institute of Geology and Geophysics, Chinese Academy of Sciences",33126926,2020,Expanding magnetic organelle biogenesis in the domain Bacteria,"W Lin, et al.",10.1186/s40168-020-00931-9,Microbiome,China: Dajiu Lake,31.49055 N 109.99611 E,31.49055,109.99611,Biosample/Paper,bog/peatland (acidic),Acidic Peatland,Yes,No
GCA_015233145.1,GCA_015233145.1_Candidatus_Omnitrophica_bacterium_nDJH6bin28,d__Bacteria;p__Omnitrophota;c__Koll11;o__Zapsychrales;f__Fredricksoniimonadaceae;g__JADFYI01;s__JADFYI01 sp015233145,58,1814028,47.32,63386,1642,16,"{'Ser', 'Cys', 'Arg', 'Met', 'Val', 'Asp', 'Gly', 'Leu', 'Gln', 'Glu', 'Ala', 'Lys', 'Phe', 'Thr', 'Pro', 'Tyr'}",0,0,0,0,65.52,0,80.34,69.88,0.59,50,0,TRUE,Candidatus_Omnitrophota_bacterium_nDJH6bin28,PRJNA400260,SAMN15005515,JADFYI000000000,Scaffold,Illumina HiSeq,2020/5/24,"Institute of Geology and Geophysics, Chinese Academy of Sciences",33126926,2020,Expanding magnetic organelle biogenesis in the domain Bacteria,"W Lin, et al.",10.1186/s40168-020-00931-9,Microbiome,China: Dajiu Lake,31.49055 N 109.99611 E,31.49055,109.99611,Biosample/Paper,bog/peatland (acidic),Acidic Peatland,Yes,No
GCA_015233155.1,GCA_015233155.1_Candidatus_Riflebacteria_bacterium_nDJH6bin19,d__Bacteria;p__Riflebacteria;c__Ozemobacteria;o__Ozemobacterales;f__Ozemobacteraceae;g__JADFYG01;s__JADFYG01 sp015233155,185,6314079,49.32,78585,5060,18,"{'Cys', 'Arg', 'Val', 'Met', 'Asp', 'Gly', 'Leu', 'Gln', 'Asn', 'Trp', 'Glu', 'Phe', 'Ala', 'His', 'Lys', 'Thr', 'Pro', 'Tyr'}",2,2,0,0,77.53,1.69,83.93,86.87,2.56,76.6,1.6,TRUE,Candidatus_Riflebacteria_bacterium_nDJH6bin19,PRJNA400260,SAMN15005608,JADFYG000000000,Scaffold,Illumina HiSeq,2020/5/24,"Institute of Geology and Geophysics, Chinese Academy of Sciences",33126926,2020,Expanding magnetic organelle biogenesis in the domain Bacteria,"W Lin, et al.",10.1186/s40168-020-00931-9,Microbiome,China: Dajiu Lake,31.49055 N 109.99611 E,31.49055,109.99611,Biosample/Paper,bog/peatland (acidic),Acidic Peatland,Yes,No
GCA_015233165.1,GCA_015233165.1_Candidatus_Omnitrophica_bacterium_nDJH6bin18,d__Bacteria;p__Omnitrophota;c__Koll11;o__Zapsychrales;f__Fredricksoniimonadaceae;g__JACQCF01;s__JACQCF01 sp015233165,187,2287963,41.64,23939,2052,16,"{'Ser', 'Cys', 'Arg', 'Met', 'Val', 'Gly', 'Gln', 'Asn', 'Leu', 'Trp', 'Ala', 'Phe', 'Lys', 'Thr', 'Pro', 'Tyr'}",2,1,0,1,76.15,3.23,78.13,84.09,3.87,72.6,0.8,TRUE,Candidatus_Omnitrophota_bacterium_nDJH6bin18,PRJNA400260,SAMN15005514,JADFYF000000000,Scaffold,Illumina HiSeq,2020/5/24,"Institute of Geology and Geophysics, Chinese Academy of Sciences",33126926,2020,Expanding magnetic organelle biogenesis in the domain Bacteria,"W Lin, et al.",10.1186/s40168-020-00931-9,Microbiome,China: Dajiu Lake,31.49055 N 109.99611 E,31.49055,109.99611,Biosample/Paper,bog/peatland (acidic),Acidic Peatland,Yes,No
GCA_015233195.1,GCA_015233195.1_Candidatus_Omnitrophica_bacterium_nDJH6bin14,d__Bacteria;p__Omnitrophota;c__Koll11;o__Zapsychrales;f__Zapsychraceae;g__JADFYE01;s__JADFYE01 sp015233195,50,1979993,37.49,86148,1793,16,"{'Ser', 'Arg', 'Met', 'Val', 'Asp', 'Gly', 'Leu', 'Gln', 'His', 'Glu', 'Lys', 'Ala', 'Phe', 'Thr', 'Pro', 'Tyr'}",1,1,0,0,66.9,1.72,77.56,83.76,0.42,52.4,0,TRUE,Candidatus_Omnitrophota_bacterium_nDJH6bin14,PRJNA400260,SAMN15005524,JADFYE000000000,Scaffold,Illumina HiSeq,2020/5/24,"Institute of Geology and Geophysics, Chinese Academy of Sciences",33126926,2020,Expanding magnetic organelle biogenesis in the domain Bacteria,"W Lin, et al.",10.1186/s40168-020-00931-9,Microbiome,China: Dajiu Lake,31.49055 N 109.99611 E,31.49055,109.99611,Biosample/Paper,bog/peatland (acidic),Acidic Peatland,Yes,No
GCA_015233235.1,GCA_015233235.1_Candidatus_Omnitrophica_bacterium_nDJH6bin13,d__Bacteria;p__Omnitrophota;c__Koll11;o__Tantalellales;f__Tantalellaceae;g__JADFYD01;s__JADFYD01 sp015233235,175,1591307,47.17,11632,1421,14,"{'Ser', 'Cys', 'Arg', 'Val', 'Met', 'Asp', 'Gly', 'Leu', 'Gln', 'Glu', 'Ala', 'His', 'Lys', 'Pro'}",0,0,0,0,73.12,0.1,77.94,75.83,0.18,74.2,0,TRUE,Candidatus_Omnitrophota_bacterium_nDJH6bin13,PRJNA400260,SAMN15005527,JADFYD000000000,Scaffold,Illumina HiSeq,2020/5/24,"Institute of Geology and Geophysics, Chinese Academy of Sciences",33126926,2020,Expanding magnetic organelle biogenesis in the domain Bacteria,"W Lin, et al.",10.1186/s40168-020-00931-9,Microbiome,China: Dajiu Lake,31.49055 N 109.99611 E,31.49055,109.99611,Biosample/Paper,bog/peatland (acidic),Acidic Peatland,Yes,No
GCA_015233245.1,GCA_015233245.1_Nitrospirota_bacterium_nDJH6bin1,d__Bacteria;p__Nitrospirota;c__Thermodesulfovibrionia;o__Thermodesulfovibrionales;f__Magnetobacteriaceae;g__JADFXG01;s__JADFXG01 sp015233245,318,3469571,41.13,17243,3183,17,"{'Ser', 'Arg', 'Met', 'Val', 'Gln', 'Leu', 'Gly', 'SeC', 'Asn', 'Trp', 'Pro', 'Ala', 'Phe', 'Lys', 'Glu', 'Thr', 'His'}",1,1,0,0,95.17,1.97,93.35,93.13,1.43,84.7,0.8,TRUE,Nitrospirota_bacterium_nDJH6bin1,PRJNA400260,SAMN15005491,JADFYB000000000,Scaffold,Illumina HiSeq,2020/5/24,"Institute of Geology and Geophysics, Chinese Academy of Sciences",33126926,2020,Expanding magnetic organelle biogenesis in the domain Bacteria,"W Lin, et al.",10.1186/s40168-020-00931-9,Microbiome,China: Dajiu Lake,31.49055 N 109.99611 E,31.49055,109.99611,Biosample/Paper,bog/peatland (acidic),Acidic Peatland,Yes,No
GCA_015233265.1,GCA_015233265.1_Nitrospirota_bacterium_nDJH5bin4,d__Bacteria;p__Nitrospirota;c__Thermodesulfovibrionia;o__Thermodesulfovibrionales;f__Magnetobacteriaceae;g__Magnetominusculus;s__Magnetominusculus sp015233265,344,2541747,47.41,11135,2556,11,"{'Ser', 'Arg', 'Val', 'Met', 'Gln', 'Leu', 'Ala', 'Glu', 'Lys', 'Thr', 'Pro'}",0,0,0,0,69.64,0,75.66,70.48,1.19,66.1,0,TRUE,Nitrospirota_bacterium_nDJH5bin4,PRJNA400260,SAMN15005496,JADFXZ000000000,Scaffold,Illumina HiSeq,2020/5/24,"Institute of Geology and Geophysics, Chinese Academy of Sciences",33126926,2020,Expanding magnetic organelle biogenesis in the domain Bacteria,"W Lin, et al.",10.1186/s40168-020-00931-9,Microbiome,China: Dajiu Lake,31.490422 N 109.995886 E,31.490422,109.995886,Biosample/Paper,bog/peatland (acidic),Acidic Peatland,Yes,No
GCA_015233285.1,GCA_015233285.1_Deltaproteobacteria_bacterium_nDJH5bin8,d__Bacteria;p__Desulfobacterota;c__JADFXK01;o__JADFXK01;f__JADFXK01;g__JADFXK01;s__JADFXK01 sp015233285,521,3747650,51.53,8844,3374,16,"{'Ser', 'Arg', 'Met', 'Val', 'Asp', 'Gln', 'Leu', 'SeC', 'Asn', 'Glu', 'Ala', 'Lys', 'His', 'Phe', 'Thr', 'Pro'}",1,1,0,0,67.24,0.65,67.18,68.91,3.53,43.5,0,TRUE,Deltaproteobacteria_bacterium_nDJH5bin8,PRJNA400260,SAMN15005456,JADFYA000000000,Scaffold,Illumina HiSeq,2020/5/24,"Institute of Geology and Geophysics, Chinese Academy of Sciences",33126926,2020,Expanding magnetic organelle biogenesis in the domain Bacteria,"W Lin, et al.",10.1186/s40168-020-00931-9,Microbiome,China: Dajiu Lake,31.490422 N 109.995886 E,31.490422,109.995886,Biosample/Paper,bog/peatland (acidic),Acidic Peatland,Yes,No
GCA_015233295.1,GCA_015233295.1_Deltaproteobacteria_bacterium_nDJH6bin12,d__Bacteria;p__Desulfobacterota;c__JADFXK01;o__JADFXK01;f__JADFXK01;g__JADFXK01;s__JADFXK01 sp015233295,569,3952371,51.41,9135,3552,14,"{'Ser', 'Cys', 'Arg', 'Met', 'Gln', 'Leu', 'Asn', 'SeC', 'Gly', 'Ala', 'Glu', 'Lys', 'His', 'Pro'}",0,0,0,0,66.54,0.97,52.48,62.37,1.68,50,0.8,TRUE,Deltaproteobacteria_bacterium_nDJH6bin12,PRJNA400260,SAMN15005457,JADFYC000000000,Scaffold,Illumina HiSeq,2020/5/24,"Institute of Geology and Geophysics, Chinese Academy of Sciences",33126926,2020,Expanding magnetic organelle biogenesis in the domain Bacteria,"W Lin, et al.",10.1186/s40168-020-00931-9,Microbiome,China: Dajiu Lake,31.49055 N 109.99611 E,31.49055,109.99611,Biosample/Paper,bog/peatland (acidic),Acidic Peatland,Yes,No
GCA_015233335.1,GCA_015233335.1_Candidatus_Omnitrophica_bacterium_nDJH2bin18,d__Bacteria;p__Omnitrophota;c__Koll11;o__Zapsychrales;f__Fredricksoniimonadaceae;g__JABDGZ01;s__JABDGZ01 sp015233335,38,1845990,44.09,102146,1747,15,"{'Ser', 'Arg', 'Met', 'Val', 'Asp', 'Gly', 'Gln', 'Leu', 'Trp', 'His', 'Ala', 'Lys', 'Thr', 'Pro', 'Tyr'}",1,1,0,0,62.54,1.08,64.71,73.16,2.59,71,0.8,TRUE,Candidatus_Omnitrophota_bacterium_nDJH2bin18,PRJNA400260,SAMN15005513,JADFXX000000000,Scaffold,Illumina HiSeq,2020/5/24,"Institute of Geology and Geophysics, Chinese Academy of Sciences",33126926,2020,Expanding magnetic organelle biogenesis in the domain Bacteria,"W Lin, et al.",10.1186/s40168-020-00931-9,Microbiome,China: Dajiu Lake,31.49194 N 109.99472 E,31.49194,109.99472,Biosample/Paper,bog/peatland (acidic),Acidic Peatland,Yes,No
GCA_015233355.1,GCA_015233355.1_Deltaproteobacteria_bacterium_nDJH2bin9,d__Bacteria;p__Desulfobacterota;c__JADFXK01;o__JADFXK01;f__JADFXK01;g__JADFXK01;s__JADFXK01 sp015233285,633,4762695,51.72,10360,4158,17,"{'Ser', 'Cys', 'Arg', 'Val', 'Met', 'Asp', 'Gly', 'SeC', 'Leu', 'Gln', 'Asn', 'Trp', 'Ala', 'Glu', 'Lys', 'Phe', 'Pro'}",0,0,0,0,72.63,1.06,61.97,79.55,1.7,50.8,0,TRUE,Deltaproteobacteria_bacterium_nDJH2bin9,PRJNA400260,SAMN15005455,JADFXY000000000,Scaffold,Illumina HiSeq,2020/5/24,"Institute of Geology and Geophysics, Chinese Academy of Sciences",33126926,2020,Expanding magnetic organelle biogenesis in the domain Bacteria,"W Lin, et al.",10.1186/s40168-020-00931-9,Microbiome,China: Dajiu Lake,31.49194 N 109.99472 E,31.49194,109.99472,Biosample/Paper,bog/peatland (acidic),Acidic Peatland,Yes,No
GCA_015233365.1,GCA_015233365.1_Nitrospirota_bacterium_nDJH15bin8,d__Bacteria;p__Nitrospirota;c__Thermodesulfovibrionia;o__Thermodesulfovibrionales;f__Dissulfurispiraceae;g__JADFXI01;s__JADFXI01 sp015233365,62,2181452,48.65,52271,2123,14,"{'Ser', 'Cys', 'Arg', 'Val', 'Met', 'Asp', 'Gly', 'Leu', 'Gln', 'Trp', 'Ala', 'Phe', 'Glu', 'Pro'}",1,1,0,0,64.82,1.82,81.17,72.19,0.46,51.6,0,TRUE,Nitrospirota_bacterium_nDJH15bin8,PRJNA400260,SAMN15005508,JADFXU000000000,Scaffold,Illumina HiSeq,2020/5/24,"Institute of Geology and Geophysics, Chinese Academy of Sciences",33126926,2020,Expanding magnetic organelle biogenesis in the domain Bacteria,"W Lin, et al.",10.1186/s40168-020-00931-9,Microbiome,China: Dajiu Lake,31.485181 N 110.001483 E,31.485181,110.001483,Biosample/Paper,bog/peatland (acidic),Acidic Peatland,Yes,No
GCA_015233375.1,GCA_015233375.1_Candidatus_Omnitrophica_bacterium_nDJH2bin13,d__Bacteria;p__Omnitrophota;c__Koll11;o__Zapsychrales;f__Fredricksoniimonadaceae;g__JABDGZ01;s__JABDGZ01 sp015233375,209,1763723,42.08,11646,1618,15,"{'Ser', 'Arg', 'Val', 'Met', 'Gln', 'Leu', 'Gly', 'Asn', 'Ala', 'Glu', 'Lys', 'Phe', 'Thr', 'Pro', 'Tyr'}",0,0,0,0,70.95,0,64.11,66.85,0.29,51.6,0,TRUE,Candidatus_Omnitrophota_bacterium_nDJH2bin13,PRJNA400260,SAMN15005512,JADFXW000000000,Scaffold,Illumina HiSeq,2020/5/24,"Institute of Geology and Geophysics, Chinese Academy of Sciences",33126926,2020,Expanding magnetic organelle biogenesis in the domain Bacteria,"W Lin, et al.",10.1186/s40168-020-00931-9,Microbiome,China: Dajiu Lake,31.49194 N 109.99472 E,31.49194,109.99472,Biosample/Paper,bog/peatland (acidic),Acidic Peatland,Yes,No
GCA_015233395.1,GCA_015233395.1_Desulfovibrionaceae_bacterium_nDJH2bin10,d__Bacteria;p__Desulfobacterota;c__Desulfovibrionia;o__Desulfovibrionales;f__Desulfovibrionaceae;g__JADFXV01;s__JADFXV01 sp015233395,158,3372092,62.81,36054,2992,21,"{'Ala', 'Lys', 'Thr', 'Val', 'Trp', 'Ile', 'Met', 'Gln', 'Leu', 'Asn', 'Glu', 'Pro', 'Ser', 'Cys', 'Arg', 'Asp', 'Gly', 'SeC', 'Phe', 'His', 'Tyr'}",4,2,1,1,97.32,0,97.09,98.9,0,91.9,0,TRUE,Desulfovibrionaceae_bacterium_nDJH2bin10,PRJNA400260,SAMN15005480,JADFXV000000000,Scaffold,Illumina HiSeq,2020/5/24,"Institute of Geology and Geophysics, Chinese Academy of Sciences",33126926,2020,Expanding magnetic organelle biogenesis in the domain Bacteria,"W Lin, et al.",10.1186/s40168-020-00931-9,Microbiome,China: Dajiu Lake,31.49194 N 109.99472 E,31.49194,109.99472,Biosample/Paper,bog/peatland (acidic),Acidic Peatland,Yes,No
GCA_015233405.1,GCA_015233405.1_Candidatus_Omnitrophica_bacterium_nDJH15bin6,d__Bacteria;p__Omnitrophota;c__Koll11;o__Zapsychrales;f__Zapsychraceae;g__JADFXT01;s__JADFXT01 sp015233405,47,2379669,43.25,130162,2027,16,"{'Ser', 'Arg', 'Met', 'Val', 'Asp', 'Gly', 'Leu', 'Trp', 'Ala', 'Glu', 'Lys', 'His', 'Phe', 'Thr', 'Pro', 'Tyr'}",2,1,0,1,79.69,2.15,84.34,85.32,4.44,79.8,0.8,TRUE,Candidatus_Omnitrophota_bacterium_nDJH15bin6,PRJNA400260,SAMN15005523,JADFXT000000000,Scaffold,Illumina HiSeq,2020/5/24,"Institute of Geology and Geophysics, Chinese Academy of Sciences",33126926,2020,Expanding magnetic organelle biogenesis in the domain Bacteria,"W Lin, et al.",10.1186/s40168-020-00931-9,Microbiome,China: Dajiu Lake,31.485181 N 110.001483 E,31.485181,110.001483,Biosample/Paper,bog/peatland (acidic),Acidic Peatland,Yes,No
GCA_015233455.1,GCA_015233455.1_Nitrospirota_bacterium_nDJH15bin2,d__Bacteria;p__Nitrospirota;c__Thermodesulfovibrionia;o__Thermodesulfovibrionales;f__Magnetobacteriaceae;g__Magnetobacterium;s__Magnetobacterium sp015233725,245,3580043,49.18,21641,3232,18,"{'Ser', 'Cys', 'Arg', 'Met', 'Val', 'Asp', 'Gln', 'Leu', 'SeC', 'Asn', 'Gly', 'Glu', 'Ala', 'Lys', 'Phe', 'His', 'Thr', 'Pro'}",2,1,0,1,92.02,0.91,94.43,92.06,0.04,83.1,0,TRUE,Nitrospirota_bacterium_nDJH15bin2,PRJNA400260,SAMN15005502,JADFXR000000000,Scaffold,Illumina HiSeq,2020/5/24,"Institute of Geology and Geophysics, Chinese Academy of Sciences",33126926,2020,Expanding magnetic organelle biogenesis in the domain Bacteria,"W Lin, et al.",10.1186/s40168-020-00931-9,Microbiome,China: Dajiu Lake,31.485181 N 110.001483 E,31.485181,110.001483,Biosample/Paper,bog/peatland (acidic),Acidic Peatland,Yes,No
GCA_015233465.1,GCA_015233465.1_Nitrospirota_bacterium_nDJH14bin9,d__Bacteria;p__Nitrospirota;c__Thermodesulfovibrionia;o__Thermodesulfovibrionales;f__Magnetobacteriaceae;g__JADFXP01;s__JADFXP01 sp015233465,75,3130381,35.21,93402,2970,20,"{'Ala', 'Lys', 'Thr', 'Val', 'Trp', 'Ile', 'Met', 'Gln', 'Leu', 'Asn', 'Glu', 'Pro', 'Ser', 'Cys', 'Arg', 'Asp', 'Gly', 'SeC', 'Phe', 'His'}",7,1,1,5,95.95,0.91,92.51,99.8,0.97,91.9,0,TRUE,Candidatus_Magnetobacteriaceae_bacterium_nDJH14bin9,PRJNA400260,SAMN15005490,JADFXP000000000,Scaffold,Illumina HiSeq,2020/5/24,"Institute of Geology and Geophysics, Chinese Academy of Sciences",33126926,2020,Expanding magnetic organelle biogenesis in the domain Bacteria,"W Lin, et al.",10.1186/s40168-020-00931-9,Microbiome,China: Dajiu Lake,31.483503 N 110.000844 E,31.483503,110.000844,Biosample/Paper,bog/peatland (acidic),Acidic Peatland,Yes,No
GCA_015233485.1,GCA_015233485.1_Nitrospirota_bacterium_nDJH14bin7,d__Bacteria;p__Nitrospirota;c__Thermodesulfovibrionia;o__Thermodesulfovibrionales;f__Magnetobacteriaceae;g__Magnetominusculus;s__Magnetominusculus sp015233485,565,4238609,44.94,10032,4200,19,"{'Ala', 'Lys', 'Thr', 'Val', 'Met', 'Gln', 'Leu', 'Asn', 'Glu', 'Pro', 'Ser', 'Cys', 'Arg', 'Asp', 'Gly', 'SeC', 'Phe', 'His', 'Tyr'}",2,0,2,0,85.56,0.45,84.57,84.33,2.04,82.3,0,TRUE,Nitrospirota_bacterium_nDJH14bin7,PRJNA400260,SAMN15005495,JADFXO000000000,Scaffold,Illumina HiSeq,2020/5/24,"Institute of Geology and Geophysics, Chinese Academy of Sciences",33126926,2020,Expanding magnetic organelle biogenesis in the domain Bacteria,"W Lin, et al.",10.1186/s40168-020-00931-9,Microbiome,China: Dajiu Lake,31.483503 N 110.000844 E,31.483503,110.000844,Biosample/Paper,bog/peatland (acidic),Acidic Peatland,Yes,No
GCA_015233495.1,GCA_015233495.1_Candidatus_Omnitrophica_bacterium_nDJH15bin13,d__Bacteria;p__Omnitrophota;c__Koll11;o__Zapsychrales;f__Zapsychraceae;g__JADFXQ01;s__JADFXQ01 sp015233495,111,2101230,49.08,34545,1878,15,"{'Ser', 'Arg', 'Val', 'Met', 'Asp', 'Gln', 'Leu', 'Gly', 'Trp', 'Ala', 'Phe', 'Lys', 'Thr', 'Pro', 'Tyr'}",2,1,0,1,83.33,1.08,91.03,89.7,0.5,83.1,0,TRUE,Candidatus_Omnitrophota_bacterium_nDJH15bin13,PRJNA400260,SAMN15005522,JADFXQ000000000,Scaffold,Illumina HiSeq,2020/5/24,"Institute of Geology and Geophysics, Chinese Academy of Sciences",33126926,2020,Expanding magnetic organelle biogenesis in the domain Bacteria,"W Lin, et al.",10.1186/s40168-020-00931-9,Microbiome,China: Dajiu Lake,31.485181 N 110.001483 E,31.485181,110.001483,Biosample/Paper,bog/peatland (acidic),Acidic Peatland,Yes,No
GCA_015233515.1,GCA_015233515.1_Deltaproteobacteria_bacterium_nDJH15bin4,d__Bacteria;p__Desulfobacterota;c__Desulfarculia;o__Adiutricales;f__JAGVGV01;g__JADFXS01;s__JADFXS01 sp015233515,701,4200208,51.2,7756,3821,12,"{'Cys', 'Arg', 'Val', 'Met', 'Pyl', 'Gly', 'Leu', 'Ala', 'Phe', 'Glu', 'Lys', 'Pro'}",0,0,0,0,60.62,0.32,63.76,61.06,3.36,58.1,0,TRUE,Deltaproteobacteria_bacterium_nDJH15bin4,PRJNA400260,SAMN15005454,JADFXS000000000,Scaffold,Illumina HiSeq,2020/5/24,"Institute of Geology and Geophysics, Chinese Academy of Sciences",33126926,2020,Expanding magnetic organelle biogenesis in the domain Bacteria,"W Lin, et al.",10.1186/s40168-020-00931-9,Microbiome,China: Dajiu Lake,31.485181 N 110.001483 E,31.485181,110.001483,Biosample/Paper,bog/peatland (acidic),Acidic Peatland,Yes,No
GCA_015233555.1,GCA_015233555.1_Nitrospirota_bacterium_nDJH14bin5,d__Bacteria;p__Nitrospirota;c__Thermodesulfovibrionia;o__Thermodesulfovibrionales;f__Magnetobacteriaceae;g__JADFXG01;s__JADFXG01 sp015233895,69,3591102,41.5,83655,3272,19,"{'Ala', 'Lys', 'Thr', 'Val', 'Trp', 'Met', 'Gln', 'Leu', 'Asn', 'Glu', 'Pro', 'Ser', 'Cys', 'Arg', 'Asp', 'Gly', 'SeC', 'His', 'Tyr'}",3,1,1,1,95.85,0.91,99.02,98.8,0.19,95.2,0,TRUE,Nitrospirota_bacterium_nDJH14bin5,PRJNA400260,SAMN15005489,JADFXN000000000,Scaffold,Illumina HiSeq,2020/5/24,"Institute of Geology and Geophysics, Chinese Academy of Sciences",33126926,2020,Expanding magnetic organelle biogenesis in the domain Bacteria,"W Lin, et al.",10.1186/s40168-020-00931-9,Microbiome,China: Dajiu Lake,31.483503 N 110.000844 E,31.483503,110.000844,Biosample/Paper,bog/peatland (acidic),Acidic Peatland,Yes,No
GCA_015233565.1,GCA_015233565.1_Candidatus_Riflebacteria_bacterium_nDJH14bin3,d__Bacteria;p__Riflebacteria;c__Ozemobacteria;o__Ozemobacterales;f__Ozemobacteraceae;g__JADFXM01;s__JADFXM01 sp015233565,185,8297085,40.61,109594,6280,19,"{'Ala', 'Lys', 'Thr', 'Val', 'Trp', 'Met', 'Gln', 'Leu', 'Asn', 'Glu', 'Pro', 'Ser', 'Cys', 'Arg', 'Asp', 'Gly', 'Phe', 'His', 'Tyr'}",2,2,0,0,96,1.33,94.75,99.99,8.49,92.7,1.6,TRUE,Candidatus_Riflebacteria_bacterium_nDJH14bin3,PRJNA400260,SAMN15005607,JADFXM000000000,Scaffold,Illumina HiSeq,2020/5/24,"Institute of Geology and Geophysics, Chinese Academy of Sciences",33126926,2020,Expanding magnetic organelle biogenesis in the domain Bacteria,"W Lin, et al.",10.1186/s40168-020-00931-9,Microbiome,China: Dajiu Lake,31.483503 N 110.000844 E,31.483503,110.000844,Biosample/Paper,bog/peatland (acidic),Acidic Peatland,Yes,No
GCA_015233585.1,GCA_015233585.1_Alphaproteobacteria_bacterium_nDJH14bin10,d__Bacteria;p__Pseudomonadota;c__Alphaproteobacteria;o__Rhodospirillales;f__Rhodospirillaceae;g__JADFXL01;s__JADFXL01 sp015233585,435,3326350,60.2,11257,3309,16,"{'Ser', 'Cys', 'Arg', 'Val', 'Met', 'Asp', 'Gly', 'Leu', 'Gln', 'Asn', 'Ala', 'Glu', 'Phe', 'Lys', 'Thr', 'Pro'}",1,0,1,0,73.86,1.33,80.39,77.96,2.62,74.2,0.8,TRUE,Alphaproteobacteria_bacterium_nDJH14bin10,PRJNA400260,SAMN15005536,JADFXL000000000,Scaffold,Illumina HiSeq,2020/5/24,"Institute of Geology and Geophysics, Chinese Academy of Sciences",33126926,2020,Expanding magnetic organelle biogenesis in the domain Bacteria,"W Lin, et al.",10.1186/s40168-020-00931-9,Microbiome,China: Dajiu Lake,31.483503 N 110.000844 E,31.483503,110.000844,Biosample/Paper,bog/peatland (acidic),Acidic Peatland,Yes,No
GCA_015233615.1,GCA_015233615.1_Nitrospirota_bacterium_nDJH13bin3,d__Bacteria;p__Nitrospirota;c__Thermodesulfovibrionia;o__Thermodesulfovibrionales;f__Magnetobacteriaceae;g__JADFXJ01;s__JADFXJ01 sp015233615,220,4006792,47.81,25191,3651,18,"{'Ser', 'Cys', 'Arg', 'Met', 'Val', 'Asp', 'Gln', 'Leu', 'Asn', 'Gly', 'Trp', 'Glu', 'Ala', 'Lys', 'Phe', 'Thr', 'Pro', 'Tyr'}",0,0,0,0,77.94,1.82,80,80.08,2.93,83.1,1.6,TRUE,Nitrospirota_bacterium_nDJH13bin3,PRJNA400260,SAMN15005488,JADFXJ000000000,Scaffold,Illumina HiSeq,2020/5/24,"Institute of Geology and Geophysics, Chinese Academy of Sciences",33126926,2020,Expanding magnetic organelle biogenesis in the domain Bacteria,"W Lin, et al.",10.1186/s40168-020-00931-9,Microbiome,China: Dajiu Lake,31.483672 N 110.000694 E,31.483672,110.000694,Biosample/Paper,bog/peatland (acidic),Acidic Peatland,Yes,No
GCA_015233625.1,GCA_015233625.1_Deltaproteobacteria_bacterium_nDJH13bin5,d__Bacteria;p__Desulfobacterota;c__JADFXK01;o__JADFXK01;f__JADFXK01;g__JADFXK01;s__JADFXK01 sp015233625,619,4587119,51.85,9499,3977,13,"{'Ser', 'Arg', 'Val', 'Gln', 'Leu', 'Asn', 'SeC', 'Glu', 'Phe', 'Lys', 'His', 'Ala', 'Pro'}",0,0,0,0,56.21,0,67.78,75.76,2.54,42.7,0.8,TRUE,Deltaproteobacteria_bacterium_nDJH13bin5,PRJNA400260,SAMN15005459,JADFXK000000000,Scaffold,Illumina HiSeq,2020/5/24,"Institute of Geology and Geophysics, Chinese Academy of Sciences",33126926,2020,Expanding magnetic organelle biogenesis in the domain Bacteria,"W Lin, et al.",10.1186/s40168-020-00931-9,Microbiome,China: Dajiu Lake,31.483672 N 110.000694 E,31.483672,110.000694,Biosample/Paper,bog/peatland (acidic),Acidic Peatland,Yes,No
GCA_015233655.1,GCA_015233655.1_Nitrospirota_bacterium_nDJH13bin21,d__Bacteria;p__Nitrospirota;c__Thermodesulfovibrionia;o__Thermodesulfovibrionales;f__Dissulfurispiraceae;g__JADFXI01;s__JADFXI01 sp015233655,262,3287085,47.98,20424,3240,17,"{'Ser', 'Cys', 'Arg', 'Val', 'Met', 'Asp', 'Gln', 'Leu', 'Asn', 'SeC', 'Gly', 'Trp', 'Ala', 'Phe', 'Glu', 'Lys', 'Pro'}",1,0,1,0,85.99,2.25,84.28,91.63,2.4,78.2,0,TRUE,Nitrospirota_bacterium_nDJH13bin21,PRJNA400260,SAMN15005507,JADFXI000000000,Scaffold,Illumina HiSeq,2020/5/24,"Institute of Geology and Geophysics, Chinese Academy of Sciences",33126926,2020,Expanding magnetic organelle biogenesis in the domain Bacteria,"W Lin, et al.",10.1186/s40168-020-00931-9,Microbiome,China: Dajiu Lake,31.483672 N 110.000694 E,31.483672,110.000694,Biosample/Paper,bog/peatland (acidic),Acidic Peatland,Yes,No
GCA_015233675.1,GCA_015233675.1_Candidatus_Omnitrophica_bacterium_nDJH13bin20,d__Bacteria;p__Omnitrophota;c__Koll11;o__Zapsychrales;f__Fredricksoniimonadaceae;g__JABDGZ01;s__JABDGZ01 sp015233675,31,2119943,42.8,179029,1906,17,"{'Ser', 'Cys', 'Arg', 'Val', 'Met', 'Gln', 'Leu', 'Gly', 'Trp', 'Glu', 'His', 'Lys', 'Ala', 'Phe', 'Thr', 'Pro', 'Tyr'}",3,1,1,1,60.34,0,65.16,74.56,0.68,54,0,TRUE,Candidatus_Omnitrophota_bacterium_nDJH13bin20,PRJNA400260,SAMN15005511,JADFXH000000000,Scaffold,Illumina HiSeq,2020/5/24,"Institute of Geology and Geophysics, Chinese Academy of Sciences",33126926,2020,Expanding magnetic organelle biogenesis in the domain Bacteria,"W Lin, et al.",10.1186/s40168-020-00931-9,Microbiome,China: Dajiu Lake,31.483672 N 110.000694 E,31.483672,110.000694,Biosample/Paper,bog/peatland (acidic),Acidic Peatland,Yes,No
GCA_015233685.1,GCA_015233685.1_Nitrospirota_bacterium_nDJH13bin15,d__Bacteria;p__Nitrospirota;c__Thermodesulfovibrionia;o__Thermodesulfovibrionales;f__Magnetobacteriaceae;g__Magnetominusculus;s__Magnetominusculus sp015233685,121,2034618,48.07,27741,1951,15,"{'Ser', 'Cys', 'Arg', 'Val', 'Met', 'Gly', 'Leu', 'Gln', 'Asn', 'SeC', 'Glu', 'Phe', 'Lys', 'Thr', 'Pro'}",1,1,0,0,66.54,0,64.65,60.04,0,66.1,0,TRUE,Nitrospirota_bacterium_nDJH13bin15,PRJNA400260,SAMN15005494,JADFXF000000000,Scaffold,Illumina HiSeq,2020/5/24,"Institute of Geology and Geophysics, Chinese Academy of Sciences",33126926,2020,Expanding magnetic organelle biogenesis in the domain Bacteria,"W Lin, et al.",10.1186/s40168-020-00931-9,Microbiome,China: Dajiu Lake,31.483672 N 110.000694 E,31.483672,110.000694,Biosample/Paper,bog/peatland (acidic),Acidic Peatland,Yes,No
GCA_015233705.1,GCA_015233705.1_Candidatus_Omnitrophica_bacterium_nDJH13bin13,d__Bacteria;p__Omnitrophota;c__Koll11;o__Zapsychrales;f__Fredricksoniimonadaceae;g__JAAYZZ01;s__JAAYZZ01 sp015233705,97,1173747,54.15,15478,1060,12,"{'Arg', 'Val', 'Met', 'Asp', 'Gly', 'Leu', 'Gln', 'His', 'Ala', 'Lys', 'Phe', 'Pro'}",1,1,0,0,54.51,0,50.71,49.66,0.88,33.9,0,TRUE,Candidatus_Omnitrophota_bacterium_nDJH13bin13,PRJNA400260,SAMN15005517,JADFXE000000000,Scaffold,Illumina HiSeq,2020/5/24,"Institute of Geology and Geophysics, Chinese Academy of Sciences",33126926,2020,Expanding magnetic organelle biogenesis in the domain Bacteria,"W Lin, et al.",10.1186/s40168-020-00931-9,Microbiome,China: Dajiu Lake,31.483672 N 110.000694 E,31.483672,110.000694,Biosample/Paper,bog/peatland (acidic),Acidic Peatland,Yes,No
GCA_015233725.1,GCA_015233725.1_Nitrospirota_bacterium_nDJH13bin1,d__Bacteria;p__Nitrospirota;c__Thermodesulfovibrionia;o__Thermodesulfovibrionales;f__Magnetobacteriaceae;g__Magnetobacterium;s__Magnetobacterium sp015233725,168,3320021,49.07,29980,2953,16,"{'Ser', 'Arg', 'Met', 'Val', 'Asp', 'Gln', 'Leu', 'Gly', 'Trp', 'Ala', 'His', 'Glu', 'Lys', 'Phe', 'Thr', 'Pro'}",0,0,0,0,85.91,0.45,88.62,79.98,0.65,79,0,TRUE,Nitrospirota_bacterium_nDJH13bin1,PRJNA400260,SAMN15005501,JADFXD000000000,Scaffold,Illumina HiSeq,2020/5/24,"Institute of Geology and Geophysics, Chinese Academy of Sciences",33126926,2020,Expanding magnetic organelle biogenesis in the domain Bacteria,"W Lin, et al.",10.1186/s40168-020-00931-9,Microbiome,China: Dajiu Lake,31.483672 N 110.000694 E,31.483672,110.000694,Biosample/Paper,bog/peatland (acidic),Acidic Peatland,Yes,No
GCA_015233755.1,GCA_015233755.1_Desulfamplus_sp._nDH2bin3,d__Bacteria;p__Desulfobacterota;c__Desulfobacteria;o__Desulfobacterales;f__Desulfobacteraceae;g__Desulfamplus;s__Desulfamplus sp015233755,407,2540888,35.65,7726,2008,14,"{'Ser', 'Cys', 'Arg', 'Met', 'Val', 'Asp', 'Gln', 'Leu', 'Asn', 'Gly', 'Pro', 'Glu', 'Lys', 'His'}",1,1,0,0,75.5,1.29,69.67,66.15,0.37,62.9,0,TRUE,Desulfamplus_sp._nDH2bin3,PRJNA400260,SAMN15005468,JADFXA000000000,Scaffold,Illumina HiSeq,2020/5/24,"Institute of Geology and Geophysics, Chinese Academy of Sciences",33126926,2020,Expanding magnetic organelle biogenesis in the domain Bacteria,"W Lin, et al.",10.1186/s40168-020-00931-9,Microbiome,China: Lake East,30.555833 N 114.411389 E,30.555833,114.411389,Biosample/Paper,freshwater,freshwater,Yes,No
GCA_015233765.1,GCA_015233765.1_Candidatus_Omnitrophica_bacterium_nCal1bin2,d__Bacteria;p__Omnitrophota;c__Koll11;o__Zapsychrales;f__Fredricksoniimonadaceae;g__GCA-2753745;s__GCA-2753745 sp002753745,196,2952830,49.66,25022,2587,20,"{'Ala', 'Lys', 'Thr', 'Val', 'Trp', 'Ile', 'Met', 'Gln', 'Leu', 'Asn', 'Glu', 'Pro', 'Ser', 'Cys', 'Arg', 'Gly', 'SeC', 'Phe', 'His', 'Tyr'}",4,1,2,1,88.29,2.15,92.85,94.37,1.18,85.5,0,TRUE,Candidatus_Omnitrophota_bacterium_nCal1bin2,PRJNA400260,SAMN15005521,JADFWR000000000,Scaffold,Illumina HiSeq,2020/5/24,"Institute of Geology and Geophysics, Chinese Academy of Sciences",33126926,2020,Expanding magnetic organelle biogenesis in the domain Bacteria,"W Lin, et al.",10.1186/s40168-020-00931-9,Microbiome,Australia: Lake Catani,36.73426 S 146.81119 E,-36.73426,146.81119,Biosample/Paper,freshwater,freshwater,Yes,No
GCA_015233785.1,GCA_015233785.1_Magnetococcales_bacterium_nCLbin10,d__Bacteria;p__Pseudomonadota;c__Magnetococcia;o__Magnetococcales;f__JADFWT01;g__JADFWT01;s__JADFWT01 sp015233785,364,3357974,55.62,18428,2981,17,"{'Ser', 'Arg', 'Val', 'Met', 'Asp', 'Gln', 'Leu', 'Gly', 'Asn', 'Trp', 'His', 'Glu', 'Lys', 'Ala', 'Thr', 'Pro', 'Ile'}",3,2,0,1,61.19,2.1,64.76,72.32,1.23,43.5,2.4,TRUE,Magnetococcales_bacterium_nCLbin10,PRJNA400260,SAMN15005552,JADFWT000000000,Contig,Illumina HiSeq,2020/5/24,"Institute of Geology and Geophysics, Chinese Academy of Sciences",33126926,2020,Expanding magnetic organelle biogenesis in the domain Bacteria,"W Lin, et al.",10.1186/s40168-020-00931-9,Microbiome,Australia: Corunna Lake,38.23694 S 144.42936 E,-38.23694,144.42936,Biosample/Paper,freshwater,freshwater,Yes,No
GCA_015233895.1,GCA_015233895.1_Nitrospirota_bacterium_nDJH13bin19,d__Bacteria;p__Nitrospirota;c__Thermodesulfovibrionia;o__Thermodesulfovibrionales;f__Magnetobacteriaceae;g__JADFXG01;s__JADFXG01 sp015233895,65,3711429,41.57,125510,3384,21,"{'Ala', 'Lys', 'Thr', 'Val', 'Trp', 'Ile', 'Met', 'Gln', 'Leu', 'Asn', 'Glu', 'Pro', 'Ser', 'Cys', 'Arg', 'Asp', 'Gly', 'SeC', 'Phe', 'His', 'Tyr'}",9,1,4,4,99.03,0.91,100,99.98,0.02,97.6,0,TRUE,Nitrospirota_bacterium_nDJH13bin19,PRJNA400260,SAMN15005487,JADFXG000000000,Scaffold,Illumina HiSeq,2020/5/24,"Institute of Geology and Geophysics, Chinese Academy of Sciences",33126926,2020,Expanding magnetic organelle biogenesis in the domain Bacteria,"W Lin, et al.",10.1186/s40168-020-00931-9,Microbiome,China: Dajiu Lake,31.483672 N 110.000694 E,31.483672,110.000694,Biosample/Paper,bog/peatland (acidic),Acidic Peatland,Yes,No
GCA_015233905.1,GCA_015233905.1_Magnetococcales_bacterium_nDH2bin7,d__Bacteria;p__Pseudomonadota;c__Magnetococcia;o__Magnetococcales;f__Magnetaquicoccaceae;g__JAANAU01;s__JAANAU01 sp011089965,74,1952691,56.31,45589,1671,14,"{'Cys', 'Arg', 'Met', 'Asp', 'Gly', 'Leu', 'Asn', 'Gln', 'Trp', 'Glu', 'Phe', 'Thr', 'Pro', 'Tyr'}",0,0,0,0,54.48,0,54.11,51.46,0.04,40.3,0,TRUE,Magnetococcales_bacterium_nDH2bin7,PRJNA400260,SAMN15005591,JADFXC000000000,Scaffold,Illumina HiSeq,2020/5/24,"Institute of Geology and Geophysics, Chinese Academy of Sciences",33126926,2020,Expanding magnetic organelle biogenesis in the domain Bacteria,"W Lin, et al.",10.1186/s40168-020-00931-9,Microbiome,China: Lake East,30.555833 N 114.411389 E,30.555833,114.411389,Biosample/Paper,freshwater,freshwater,Yes,No
GCA_015233935.1,GCA_015233935.1_Magnetococcales_bacterium_nDH2bin6,d__Bacteria;p__Pseudomonadota;c__Magnetococcia;o__Magnetococcales;f__JADFXB01;g__JADFXB01;s__JADFXB01 sp015233935,414,4543171,52.7,21120,4082,18,"{'Ser', 'Cys', 'Arg', 'Met', 'Val', 'Asp', 'Gln', 'Leu', 'Asn', 'Gly', 'His', 'Ala', 'Lys', 'Glu', 'Thr', 'Pro', 'Tyr', 'Ile'}",3,1,0,2,80.77,2.1,93.69,90.85,7.17,81.4,0.8,TRUE,Magnetococcales_bacterium_nDH2bin6,PRJNA400260,SAMN15005554,JADFXB000000000,Scaffold,Illumina HiSeq,2020/5/24,"Institute of Geology and Geophysics, Chinese Academy of Sciences",33126926,2020,Expanding magnetic organelle biogenesis in the domain Bacteria,"W Lin, et al.",10.1186/s40168-020-00931-9,Microbiome,China: Lake East,30.555833 N 114.411389 E,30.555833,114.411389,Biosample/Paper,freshwater,freshwater,Yes,No
GCA_015233945.1,GCA_015233945.1_Magnetococcales_bacterium_nDC0425bin2,d__Bacteria;p__Pseudomonadota;c__Magnetococcia;o__Magnetococcales;f__Magnetaquicoccaceae;g__HCHbin5;s__HCHbin5 sp002753505,364,3037792,55.86,10610,2712,16,"{'Ser', 'Arg', 'Met', 'Val', 'Asp', 'Gln', 'Leu', 'Gly', 'Asn', 'Glu', 'His', 'Lys', 'Phe', 'Thr', 'Pro', 'Ile'}",1,1,0,0,71.32,1.79,74.63,70.41,4.72,69.3,4,TRUE,Magnetococcales_bacterium_nDC0425bin2,PRJNA400260,SAMN15005588,JADFWY000000000,Scaffold,Illumina HiSeq,2020/5/24,"Institute of Geology and Geophysics, Chinese Academy of Sciences",33126926,2020,Expanding magnetic organelle biogenesis in the domain Bacteria,"W Lin, et al.",10.1186/s40168-020-00931-9,Microbiome,China: Lake Dianchi,24.908133 N 102.74605 E,24.908133,102.74605,Biosample/Paper,freshwater,freshwater,Yes,No
GCA_015233965.1,GCA_015233965.1_Magnetococcales_bacterium_nDC0425bin4,d__Bacteria;p__Pseudomonadota;c__Magnetococcia;o__Magnetococcales;f__DC0425bin3;g__DC0425bin3;s__DC0425bin3 sp002753665,165,3892739,65.39,49112,3391,20,"{'Ala', 'Lys', 'Thr', 'Val', 'Trp', 'Ile', 'Met', 'Gln', 'Leu', 'Asn', 'Glu', 'Pro', 'Ser', 'Cys', 'Arg', 'Asp', 'Gly', 'Phe', 'His', 'Tyr'}",2,2,0,0,98.32,1.68,100,99.95,1.49,95.2,0.8,TRUE,Magnetococcales_bacterium_nDC0425bin4,PRJNA400260,SAMN15005560,JADFWZ000000000,Scaffold,Illumina HiSeq,2020/5/24,"Institute of Geology and Geophysics, Chinese Academy of Sciences",33126926,2020,Expanding magnetic organelle biogenesis in the domain Bacteria,"W Lin, et al.",10.1186/s40168-020-00931-9,Microbiome,China: Lake Dianchi,24.908133 N 102.74605 E,24.908133,102.74605,Biosample/Paper,freshwater,freshwater,Yes,No
GCA_015233985.1,GCA_015233985.1_Nitrospirota_bacterium_nDC0425bin1,d__Bacteria;p__Nitrospirota;c__Thermodesulfovibrionia;o__Thermodesulfovibrionales;f__Magnetobacteriaceae;g__Magnetobacterium;s__Magnetobacterium sp002753685,178,4037545,49.09,35907,3651,21,"{'Ala', 'Lys', 'Thr', 'Val', 'Trp', 'Ile', 'Met', 'Gln', 'Leu', 'Asn', 'Glu', 'Pro', 'Ser', 'Cys', 'Arg', 'Asp', 'Gly', 'SeC', 'Phe', 'His', 'Tyr'}",3,1,1,1,96.97,1.82,98.72,99.86,0.29,93.5,0,TRUE,Nitrospirota_bacterium_nDC0425bin1,PRJNA400260,SAMN15005506,JADFWX000000000,Scaffold,Illumina HiSeq,2020/5/24,"Institute of Geology and Geophysics, Chinese Academy of Sciences",33126926,2020,Expanding magnetic organelle biogenesis in the domain Bacteria,"W Lin, et al.",10.1186/s40168-020-00931-9,Microbiome,China: Lake Dianchi,24.908133 N 102.74605 E,24.908133,102.74605,Biosample/Paper,freshwater,freshwater,Yes,No
GCA_015234015.1,GCA_015234015.1_Magnetococcales_bacterium_nDCbin4,d__Bacteria;p__Pseudomonadota;c__Magnetococcia;o__Magnetococcales;f__UBA8363;g__UBA8363;s__UBA8363 sp002753735,149,4493558,54.13,47506,3795,20,"{'Ala', 'Lys', 'Thr', 'Val', 'Trp', 'Ile', 'Met', 'Gln', 'Leu', 'Asn', 'Glu', 'Pro', 'Ser', 'Cys', 'Arg', 'Asp', 'Gly', 'Phe', 'His', 'Tyr'}",1,1,0,0,97.48,2.1,97.4,99.89,0.58,93.5,0,TRUE,Magnetococcales_bacterium_nDCbin4,PRJNA400260,SAMN15005581,JADFWW000000000,Scaffold,Illumina HiSeq,2020/5/24,"Institute of Geology and Geophysics, Chinese Academy of Sciences",33126926,2020,Expanding magnetic organelle biogenesis in the domain Bacteria,"W Lin, et al.",10.1186/s40168-020-00931-9,Microbiome,China: Lake Dianchi,24.908133 N 102.74605 E,24.908133,102.74605,Biosample/Paper,freshwater,freshwater,Yes,No
GCA_015234035.1,GCA_015234035.1_Magnetococcales_bacterium_nDCbin2,d__Bacteria;p__Pseudomonadota;c__Magnetococcia;o__Magnetococcales;f__UBA8363;g__UBA8363;s__UBA8363 sp002753615,311,4466229,51.87,24333,4007,19,"{'Ala', 'Lys', 'Thr', 'Val', 'Ile', 'Met', 'Gln', 'Leu', 'Asn', 'Glu', 'Pro', 'Ser', 'Cys', 'Arg', 'Asp', 'Gly', 'Phe', 'His', 'Tyr'}",1,1,0,0,94.91,2.52,95.84,99.76,1.53,91.9,2.4,TRUE,Magnetococcales_bacterium_nDCbin2,PRJNA400260,SAMN15005579,JADFWV000000000,Scaffold,Illumina HiSeq,2020/5/24,"Institute of Geology and Geophysics, Chinese Academy of Sciences",33126926,2020,Expanding magnetic organelle biogenesis in the domain Bacteria,"W Lin, et al.",10.1186/s40168-020-00931-9,Microbiome,China: Lake Dianchi,24.908133 N 102.74605 E,24.908133,102.74605,Biosample/Paper,freshwater,freshwater,Yes,No
GCA_015234045.1,GCA_015234045.1_Magnetococcales_bacterium_nCLbin6,d__Bacteria;p__Pseudomonadota;c__Magnetococcia;o__Magnetococcales;f__JADFWU01;g__JADFWU01;s__JADFWU01 sp015234045,117,3646512,47.56,61959,2922,17,"{'Ser', 'Cys', 'Arg', 'Val', 'Met', 'Gln', 'Leu', 'Gly', 'Ala', 'His', 'Lys', 'Glu', 'Phe', 'Thr', 'Pro', 'Tyr', 'Ile'}",4,2,2,0,86.9,2.94,93.16,83.52,1.79,66.9,0.8,TRUE,Magnetococcales_bacterium_nCLbin6,PRJNA400260,SAMN15005553,JADFWU000000000,Scaffold,Illumina HiSeq,2020/5/24,"Institute of Geology and Geophysics, Chinese Academy of Sciences",33126926,2020,Expanding magnetic organelle biogenesis in the domain Bacteria,"W Lin, et al.",10.1186/s40168-020-00931-9,Microbiome,Australia: Corunna Lake,38.23694 S 144.42936 E,-38.23694,144.42936,Biosample/Paper,freshwater,freshwater,Yes,No
GCA_015234065.1,GCA_015234065.1_Candidatus_Omnitrophica_bacterium_nCal2bin1,d__Bacteria;p__Omnitrophota;c__Koll11;o__Zapsychrales;f__Fredricksoniimonadaceae;g__JADFWS01;s__JADFWS01 sp015234065,176,1746582,51.48,15478,1672,15,"{'Ser', 'Arg', 'Val', 'Met', 'Asp', 'Gln', 'Leu', 'Asn', 'Gly', 'Trp', 'Glu', 'Ala', 'Lys', 'Thr', 'Pro'}",4,1,1,2,83.95,3.23,85.69,78.41,2.16,76.6,0,TRUE,Candidatus_Omnitrophota_bacterium_nCal2bin1,PRJNA400260,SAMN15005518,JADFWS000000000,Contig,Illumina HiSeq,2020/5/24,"Institute of Geology and Geophysics, Chinese Academy of Sciences",33126926,2020,Expanding magnetic organelle biogenesis in the domain Bacteria,"W Lin, et al.",10.1186/s40168-020-00931-9,Microbiome,Australia: Lake Catani,36.73274 S 146.81226 E,-36.73274,146.81226,Biosample/Paper,freshwater,freshwater,Yes,No
GCA_015234085.1,GCA_015234085.1_Nitrospinae_bacterium_nARSLQbin3,d__Bacteria;p__Nitrospinota;c__UBA7883;o__UBA7883;f__JACRLM01;g__JADGAO01;s__JADGAO01 sp015231995,440,2637238,54.88,7942,2530,16,"{'Ser', 'Arg', 'Val', 'Met', 'Gly', 'Gln', 'Leu', 'Asn', 'Trp', 'Pro', 'Ala', 'Phe', 'Lys', 'Thr', 'His', 'Tyr'}",2,1,0,1,76.98,0.05,74.01,79.21,0.9,65.3,0,TRUE,Nitrospinota_bacterium_nARSLQbin3,PRJNA400260,SAMN15005484,JADFWQ000000000,Scaffold,Illumina HiSeq,2020/5/24,"Institute of Geology and Geophysics, Chinese Academy of Sciences",33126926,2020,Expanding magnetic organelle biogenesis in the domain Bacteria,"W Lin, et al.",10.1186/s40168-020-00931-9,Microbiome,China: Innermogolia,47.19788 N 119.92877 E,47.19788,119.92877,Biosample/Paper,freshwater,freshwater,Yes,No
GCA_015234115.1,GCA_015234115.1_Magnetococcales_bacterium_nARSLQbin1,d__Bacteria;p__Pseudomonadota;c__Magnetococcia;o__Magnetococcales;f__Magnetaquicoccaceae;g__JAANAU01;s__JAANAU01 sp015234115,161,3310492,58.83,41237,2763,17,"{'Ser', 'Cys', 'Arg', 'Val', 'Met', 'Asp', 'Gln', 'Leu', 'Gly', 'Asn', 'Glu', 'Phe', 'Lys', 'Ala', 'Thr', 'Pro', 'Ile'}",1,1,0,0,70.17,0,77.07,74.79,2.83,71.8,0,TRUE,Magnetococcales_bacterium_nARSLQbin1,PRJNA400260,SAMN15005590,JADFWP000000000,Scaffold,Illumina HiSeq,2020/5/24,"Institute of Geology and Geophysics, Chinese Academy of Sciences",33126926,2020,Expanding magnetic organelle biogenesis in the domain Bacteria,"W Lin, et al.",10.1186/s40168-020-00931-9,Microbiome,China: Innermogolia,47.19788 N 119.92877 E,47.19788,119.92877,Biosample/Paper,freshwater,freshwater,Yes,No
GCA_018606785.1,GCA_018606785.1_Candidatus_Magnetobacterium_sp._XYR,d__Bacteria;p__Nitrospirota;c__Thermodesulfovibrionia;o__Thermodesulfovibrionales;f__Magnetobacteriaceae;g__Magnetobacterium;s__Magnetobacterium sp002753685,195,4233998,48.61,61028,3844,21,"{'Ala', 'Lys', 'Thr', 'Val', 'Trp', 'Ile', 'Met', 'Gln', 'Leu', 'Asn', 'Glu', 'Pro', 'Ser', 'Cys', 'Arg', 'Asp', 'Gly', 'SeC', 'Phe', 'His', 'Tyr'}",3,1,1,1,96.06,2.73,98.67,99.98,0.73,93.5,0,TRUE,Candidatus_Magnetobacterium_cryptolimnobacter_XYR,PRJNA400260,SAMN18384533,JAGYWH000000000,Scaffold,Illumina HiSeq,2021/3/19,"Institute of Geology and Geophysics, Chinese Academy of Sciences",34385986,2021,Identification and Genomic Characterization of Two Previously Unknown Magnetotactic Nitrospirae,"W Zhang, et al.",10.3389/fmicb.2021.690052,Front Microbiol,"China: Shaanxi, Xianyang Lake",34.33 N 108.72 E,34.33,108.72,Biosample/Paper,freshwater,freshwater,Yes,No
GCA_018606805.1,GCA_018606805.1_Candidatus_Magnetobacterium_sp._XYC,d__Bacteria;p__Nitrospirota;c__Thermodesulfovibrionia;o__Thermodesulfovibrionales;f__Magnetobacteriaceae;g__XYC;s__XYC sp018606805,91,3588292,37.75,130433,3217,21,"{'Ala', 'Lys', 'Thr', 'Val', 'Trp', 'Ile', 'Met', 'Gln', 'Leu', 'Asn', 'Glu', 'Pro', 'Ser', 'Cys', 'Arg', 'Asp', 'Gly', 'SeC', 'Phe', 'His', 'Tyr'}",6,4,1,1,99.94,1.82,98.51,99.94,0.56,96,0,TRUE,Candidatus_Magnetomicrobium_cryptolimnococcus_XYC,PRJNA400260,SAMN18384534,JAGYWI000000000,Scaffold,Illumina HiSeq,2021/3/19,"Institute of Geology and Geophysics, Chinese Academy of Sciences",34385986,2021,Identification and Genomic Characterization of Two Previously Unknown Magnetotactic Nitrospirae,"W Zhang, et al.",10.3389/fmicb.2021.690052,Front Microbiol,"China: Shaanxi, Xianyang Lake",34.33 N 108.72 E,34.33,108.72,Biosample/Paper,freshwater,freshwater,Yes,No
GCA_020523885.1,GCA_020523885.1_Candidatus_Liberimonas_magnetica_DUR002,d__Bacteria;p__Elusimicrobiota;c__Endomicrobiia;o__Endomicrobiales;f__JAFGIL01;g__Liberimonas;s__Liberimonas magnetica,29,3394123,39.76,185704,2698,19,"{'Ala', 'Lys', 'Thr', 'Val', 'Trp', 'Ile', 'Met', 'Gln', 'Leu', 'Glu', 'Pro', 'Ser', 'Cys', 'Arg', 'Asp', 'Gly', 'Phe', 'His', 'Tyr'}",3,1,1,1,94.38,0,97.81,99.93,1.68,91.9,0.8,TRUE,Candidatus_Liberimonas_magnetica_DUR002,PRJNA769424,SAMN22164178,JAJAPY000000000,Scaffold,Oxford Nanopore MinION,2021/10/8,Research Center of Biotechnology RAS,36302955,2022,Recovery and genome reconstruction of novel magnetotactic Elusimicrobiota from bog soil,"M Uzun, et al.",10.1038/s41396-022-01339-z,ISME J,"Russia: Moscow Region, Durykino ravine",56.048889 N 37.164722 E,56.048889,37.164722,Biosample/Paper,bog/peatland (brackish),bog soil,Yes,No
GCA_020523905.1,GCA_020523905.1_Candidatus_Obscuribacterium_magneticum_DUR003,d__Bacteria;p__Elusimicrobiota;c__Elusimicrobia;o__F11;f__F11;g__Obscuribacterium;s__Obscuribacterium magneticum,137,2891406,52.84,46489,2410,19,"{'Ala', 'Lys', 'Thr', 'Val', 'Trp', 'Ile', 'Met', 'Gln', 'Leu', 'Asn', 'Glu', 'Pro', 'Ser', 'Cys', 'Arg', 'Asp', 'Gly', 'Phe', 'Tyr'}",3,1,1,1,75.84,3.37,71.03,78.45,13.07,51.7,6.5,TRUE,Candidatus_Obscuribacterium_magneticum_DUR003,PRJNA769424,SAMN22164179,JAJAPZ000000000,Scaffold,Oxford Nanopore MinION,2021/10/8,Research Center of Biotechnology RAS,36302955,2022,Recovery and genome reconstruction of novel magnetotactic Elusimicrobiota from bog soil,"M Uzun, et al.",10.1038/s41396-022-01339-z,ISME J,"Russia: Moscow Region, Durykino ravine",56.048889 N 37.164722 E,56.048889,37.164722,Biosample/Paper,bog/peatland (brackish),bog soil,Yes,No
GCA_022321325.1,GCA_022321325.1_Candidatus_Magnetominusculus_sp._LBB02,d__Bacteria;p__Nitrospirota;c__Thermodesulfovibrionia;o__Thermodesulfovibrionales;f__Magnetobacteriaceae;g__Magnetominusculus;s__Magnetominusculus sp022321325,142,3471208,47.48,44214,3309,18,"{'Ser', 'Cys', 'Arg', 'Val', 'Met', 'Gln', 'Leu', 'Asn', 'SeC', 'Gly', 'Trp', 'Pro', 'Ala', 'Glu', 'Lys', 'Thr', 'His', 'Tyr'}",1,0,1,0,91.52,0,91.6,93.11,2.01,65.3,0,TRUE,Candidatus_Magnetominusculus_sp._LBB02,PRJNA802353,SAMN25538131,JAKOEO000000000,Scaffold,DNBSEQ (MGI); Oxford Nanopore Technologies (ONT),2022/2/1,SciBear OU,35979495,2022,Detection of interphylum transfers of the magnetosome gene cluster in magnetotactic bacteria,"M Uzun, et al.",10.3389/fmicb.2022.945734,Front Microbiol,"Russia: Moscow region, Shatura district, Lake Beloe Bordukovskoe",55.63 N 39.74 E,55.63,39.74,Biosample/Paper,freshwater,freshwater,Yes,No
GCA_022321425.1,GCA_022321425.1_Syntrophales_bacterium_LBB04,d__Bacteria;p__Desulfobacterota;c__Syntrophia;o__Syntrophales;f__JACQWR01;g__;s__,2129,4495917,50.45,2222,5153,13,"{'Ser', 'Arg', 'Val', 'Met', 'Asp', 'Gln', 'Leu', 'SeC', 'Pro', 'Ala', 'Phe', 'Lys', 'His'}",2,1,0,1,60.18,0,63.25,60.03,15.13,29.8,2.4,TRUE,Syntrophales_bacterium_LBB04,PRJNA802356,SAMN25538218,JAKOEP000000000,Scaffold,DNBSEQ (MGI); Oxford Nanopore Technologies (ONT),2022/2/1,SciBear OU,35979495,2022,Detection of interphylum transfers of the magnetosome gene cluster in magnetotactic bacteria,"M Uzun, et al.",10.3389/fmicb.2022.945734,Front Microbiol,"Russia: Moscow region, Shatura district, Lake Beloe Bordukovskoe",55.63 N 39.74 E,55.63,39.74,Biosample/Paper,freshwater,freshwater,Yes,No
GCA_024275975.1,GCA_024275975.1_Nitrospirota_bacterium_Dive96_bin3.242,d__Bacteria;p__Nitrospirota;c__Thermodesulfovibrionia;o__Thermodesulfovibrionales;f__UBA6898;g__JAJRYC01;s__JAJRYC01 sp024275975,111,2513600,46.6,32562,2516,20,"{'Ala', 'Lys', 'Thr', 'Val', 'Trp', 'Met', 'Gln', 'Leu', 'Asn', 'Glu', 'Pro', 'Ser', 'Cys', 'Arg', 'Asp', 'Gly', 'SeC', 'Phe', 'His', 'Tyr'}",2,1,0,1,98.06,0.91,97.04,99.92,0.32,90.3,1.6,TRUE,Nitrospirota_bacterium_Dive96_bin3.242,PRJNA771178,SAMN22253383,JAJRYC000000000,Contig,Illumina Hiseq X-ten,2021/10/13,"Second Organization of Oceanography, State Oceanic Administration",36286994,2022,Metagenomic Features Characterized with Microbial Iron Oxidoreduction and Mineral Interaction in Southwest Indian Ridge,"YW Zhong, et al.",10.1128/spectrum.00614-22,Microbiol Spectr,"Indian Ocean: Longqi hydrothermal vent field, ultraslow-spreading Southwestern Indian Ridge",37.78 S 49.64 E,-37.78,49.64,Biosample/Paper,thermal environment (hydrothermal vent chimney),hydrothermal vent chimney,No,Yes
GCA_029001845.1,GCA_029001845.1_Candidatus_Magnetocorallium_paracelense_XS-1,d__Bacteria;p__Nitrospirota;c__Thermodesulfovibrionia;o__Thermodesulfovibrionales;f__Magnetobacteriaceae;g__Magnetocorallium;s__Magnetocorallium paracelense,103,6007824,41.25,99879,4854,21,"{'Ala', 'Lys', 'Thr', 'Val', 'Trp', 'Ile', 'Met', 'Gln', 'Leu', 'Asn', 'Glu', 'Pro', 'Ser', 'Cys', 'Arg', 'Asp', 'Gly', 'SeC', 'Phe', 'His', 'Tyr'}",3,1,1,1,97.27,3.64,99.61,100,0.58,93.5,0.8,TRUE,Candidatus_Magnetocorallium_paracelense_XS-1,PRJNA938736,SAMN33442943,JAREWP000000000,Contig,Illumina,2023/2/25,"institute of oceanology, Chinese academy of sciences",37342564,2023,Insight into the metabolic potential and ecological function of a novel Magnetotactic Nitrospirota in coral reef habitat,"Y Zhao, et al.",10.3389/fmicb.2023.1182330,Front Microbiol,China: the Paracel Islands,16.57 N 112.20 E,16.57,112.2,Biosample/Paper,marine,coral reef sediments,Yes,No
GCA_040325905.1,GCA_040325905.1_Candidatus_Magnetobacterium_sp._LHC-1,d__Bacteria;p__Nitrospirota;c__Thermodesulfovibrionia;o__Thermodesulfovibrionales;f__Magnetobacteriaceae;g__Magnetobacterium;s__Magnetobacterium sp002753685,283,4085014,48.69,22734,3769,21,"{'Ala', 'Lys', 'Thr', 'Val', 'Trp', 'Ile', 'Met', 'Gln', 'Leu', 'Asn', 'Glu', 'Pro', 'Ser', 'Cys', 'Arg', 'Asp', 'Gly', 'SeC', 'Phe', 'His', 'Tyr'}",3,1,1,1,94.7,2.73,98.27,98.69,0.24,90.3,0,TRUE,Candidatus_Magnetobacterium_sp._LHC-1,PRJNA400260,SAMN38167836,JBEQMU000000000,Scaffold,Illumina HiSeq,2023/11/9,"Institute of Geology and Geophysics, Chinese Academy of Sciences",-,2024,-,-,-,-,"China: Lake Lianhuachi, Beijing",39.89 N 116.30 E,39.89,116.3,Biosample/Paper,freshwater,freshwater,Yes,No
GCA_900093605.1,GCA_900093605.1_Candidatus_Terasakiella_magnetica_PR-1,d__Bacteria;p__Pseudomonadota;c__Alphaproteobacteria;o__Rhodospirillales_A;f__Terasakiellaceae;g__Terasakiella;s__Terasakiella magnetica,32,3682454,45.97,253666,3463,20,"{'Ala', 'Lys', 'Thr', 'Val', 'Trp', 'Ile', 'Met', 'Gln', 'Leu', 'Asn', 'Glu', 'Pro', 'Ser', 'Cys', 'Arg', 'Asp', 'Gly', 'Phe', 'His', 'Tyr'}",3,1,1,1,100,0.62,100,99.99,0.22,100,0,TRUE,Candidatus_Terasakiella_magnetica_PR-1,PRJEB14583,SAMEA4346298,FLYE00000000,Contig,-,2016/8/26,CNRS,30043533,2018,Genomic study of a novel magnetotactic Alphaproteobacteria uncovers the multiple ancestry of magnetotaxis,"CL Monteil, et al.",10.1111/1462-2920.14364,Environ Microbiol,France: Pointe Rouge Marina in Marseille,43.2456008291325 N 5.364499897128043 E,43.24560083,5.364499897,Google map,marine,marine,Yes,No
GCA_900170035.1,GCA_900170035.1_Desulfamplus_magnetovallimortis_BW-1,d__Bacteria;p__Desulfobacterota;c__Desulfobacteria;o__Desulfobacterales;f__Desulfobacteraceae;g__Desulfamplus;s__Desulfamplus magnetovallimortis,108,6677998,40.72,274785,5353,21,"{'Ala', 'Lys', 'Thr', 'Val', 'Pyl', 'Trp', 'Met', 'Gln', 'Leu', 'Asn', 'Glu', 'Pro', 'Ser', 'Cys', 'Arg', 'Asp', 'Gly', 'SeC', 'Phe', 'His', 'Tyr'}",2,0,1,1,95.97,2.15,97.3,99.95,0.34,91.9,0.8,TRUE,Desulfamplus_magnetovallimortis_BW-1,PRJEB14757,SAMEA100367668,FWEV00000000,Scaffold,-,2017/2/27,CNRS,28622795,2017,"Desulfamplus magnetovallimortis gen. nov., sp. nov., a magnetotactic bacterium from a brackish desert spring able to biomineralize greigite and magnetite, that represents a novel lineage in the Desulfobacteraceae","ECT Descamps, et al.",10.1016/j.syapm.2017.05.001,Syst Appl Microbiol,"USA: Badwater Basin at Death Valley National Park, California",36.2302 N 116.7674 W,36.2302,-116.7674,Biosample/Paper,brackish,brackish desert spring,Yes,No
GCA_900659855.1,GCA_900659855.1_uncultured_Desulfobacteraceae_bacterium_CR-1,d__Bacteria;p__Desulfobacterota;c__Desulfobacteria;o__Desulfobacterales;f__CR-1;g__CR-1;s__CR-1 sp900659855,46,3253206,54.03,317600,2960,21,"{'Ala', 'Lys', 'Thr', 'Val', 'Trp', 'Ile', 'Met', 'Gln', 'Leu', 'Asn', 'Glu', 'Pro', 'Ser', 'Cys', 'Arg', 'Asp', 'Gly', 'SeC', 'Phe', 'His', 'Tyr'}",3,1,1,1,98.06,1.29,99.7,99.28,0.47,93.5,0,TRUE,Candidatus_Desulfarcum_epimagneticum_CR-1,PRJEB30760,SAMEA5216008,CAACVI000000000,Contig,-,2019/3/12,Genoscope CEA,31036911,2019,Ectosymbiotic bacteria at the origin of magnetoreception in a marine protist,"CL Monteil, et al.",10.1038/s41564-019-0432-7,Nat Microbiol,France: Carry-le-Rouet,43.334222 N 5.175278 E,43.334222,5.175278,Biosample/Paper,marine,marine,Yes,No
GCA_902725215.1,GCA_902725215.1_Rhodospirillaceae_bacterium_LM-1,d__Bacteria;p__Pseudomonadota;c__Alphaproteobacteria;o__Rhodospirillales;f__WMHbin7;g__WMHbin7;s__WMHbin7 sp902725215,24,3571800,59.52,364589,3436,20,"{'Ala', 'Lys', 'Thr', 'Val', 'Trp', 'Ile', 'Met', 'Gln', 'Leu', 'Asn', 'Glu', 'Pro', 'Ser', 'Cys', 'Arg', 'Asp', 'Gly', 'Phe', 'His', 'Tyr'}",4,1,2,1,98.51,0,100,100,0.17,98.4,0.8,TRUE,Rhodospirillaceae_bacterium_LM-1,PRJEB35448,SAMEA6378407,CACUVI000000000,Contig,-,2020/1/9,CNRS,32296121,2020,Repeated horizontal gene transfers triggered parallel evolution of magnetotaxis in two evolutionary divergent lineages of magnetotactic bacteria,"CL Monteil, et al.",10.1038/s41396-020-0647-x,ISME J,"Boulder Beach, Lake Mead, Nevada",36.0427571 N 114.7999856 W,36.0427571,-114.7999856,Biosample/Paper,freshwater,freshwater,Yes,No
GCA_902729415.1,GCA_902729415.1_Candidatus_Terasakiella_magnetica_PR1,d__Bacteria;p__Pseudomonadota;c__Alphaproteobacteria;o__Rhodospirillales;f__Magnetospirillaceae;g__Phaeospirillum;s__Phaeospirillum magnetica_A,122,4205848,62.83,100312,3962,20,"{'Ala', 'Lys', 'Thr', 'Val', 'Trp', 'Ile', 'Met', 'Gln', 'Leu', 'Asn', 'Glu', 'Pro', 'Ser', 'Cys', 'Arg', 'Asp', 'Gly', 'Phe', 'His', 'Tyr'}",3,1,1,1,100,1.26,100,96.37,0,98.4,0.8,FALSE,Candidatus_Terasakiella_magnetica_PR1,PRJEB35444,SAMEA4346298,CACVCF000000000,Scaffold,-,2016/8/26,CNRS,32296121,2020,Repeated horizontal gene transfers triggered parallel evolution of magnetotaxis in two evolutionary divergent lineages of magnetotactic bacteria,"CL Monteil, et al.",10.1038/s41396-020-0647-x,ISME J,"France: Couze Pavin, Auvergne",45.5097222 N 2.90349999 E,45.5097222,2.90349999,Biosample/Paper,freshwater,freshwater,Yes,No
GCA_902729425.1,GCA_902729425.1_Magnetospirillum_sp._SS-4,d__Bacteria;p__Pseudomonadota;c__Alphaproteobacteria;o__Rhodospirillales;f__Magnetospirillaceae;g__Phaeospirillum;s__Phaeospirillum sp902729425,101,4518863,66.03,175174,4247,20,"{'Ala', 'Lys', 'Thr', 'Val', 'Trp', 'Ile', 'Met', 'Gln', 'Leu', 'Asn', 'Glu', 'Pro', 'Ser', 'Cys', 'Arg', 'Asp', 'Gly', 'Phe', 'His', 'Tyr'}",2,0,1,1,100,0.25,100,100,0.37,99.2,0.8,TRUE,Magnetospirillum_sp._SS-4,PRJEB35447,SAMEA6378406,CACVCH000000000,Scaffold,-,2020/1/24,CNRS,32296121,2020,Repeated horizontal gene transfers triggered parallel evolution of magnetotaxis in two evolutionary divergent lineages of magnetotactic bacteria,"CL Monteil, et al.",10.1038/s41396-020-0647-x,ISME J,"Alamo River near the Salton Sea, California",33.201109 N 115.602421 W,33.201109,-115.602421,Biosample/Paper,brackish,brackish,Yes,No
GCA_902729435.1,GCA_902729435.1_Magnetospirillum_sp._UT-4,d__Bacteria;p__Pseudomonadota;c__Alphaproteobacteria;o__Rhodospirillales;f__Magnetospirillaceae;g__Magnetospirillum;s__Magnetospirillum sp902729435,94,4005051,68.88,92932,3731,20,"{'Ala', 'Lys', 'Thr', 'Val', 'Trp', 'Ile', 'Met', 'Gln', 'Leu', 'Asn', 'Glu', 'Pro', 'Ser', 'Cys', 'Arg', 'Asp', 'Gly', 'Phe', 'His', 'Tyr'}",4,2,1,1,99.5,0.5,100,100,0.1,100,0.8,TRUE,Magnetospirillum_sp._UT-4,PRJEB35446,SAMEA6378405,CACVCG000000000,Scaffold,-,2020/1/24,CNRS,32296121,2020,Repeated horizontal gene transfers triggered parallel evolution of magnetotaxis in two evolutionary divergent lineages of magnetotactic bacteria,"CL Monteil, et al.",10.1038/s41396-020-0647-x,ISME J,"Pond near Zion National Park, Utah",37.2452462 N 113.1446629 W,37.2452462,-113.1446629,Biosample/Paper,freshwater,freshwater,Yes,No
GCA_902729445.1,GCA_902729445.1_Magnetospirillum_sp._LM-5,d__Bacteria;p__Pseudomonadota;c__Alphaproteobacteria;o__Rhodospirillales;f__Magnetospirillaceae;g__Magnetospirillum;s__Magnetospirillum sp902729445,71,3903923,65.48,141579,3645,21,"{'Ala', 'Lys', 'Thr', 'Val', 'Trp', 'Ile', 'Met', 'Gln', 'Leu', 'Asn', 'Glu', 'Pro', 'Ser', 'Cys', 'Arg', 'Asp', 'Gly', 'SeC', 'Phe', 'His', 'Tyr'}",3,1,1,1,100,1,100,100,0.07,98.4,0.8,TRUE,Magnetospirillum_sp._LM-5,PRJEB35445,SAMEA6378404,CACVCE000000000,Scaffold,-,2020/1/24,CNRS,32296121,2020,Repeated horizontal gene transfers triggered parallel evolution of magnetotaxis in two evolutionary divergent lineages of magnetotactic bacteria,"CL Monteil, et al.",10.1038/s41396-020-0647-x,ISME J,"Boulder Beach, Lake Mead, Nevada",36.0427571 N 114.7999856 W,36.0427571,-114.7999856,Biosample/Paper,freshwater,freshwater,Yes,No
GCA_937425535.1,GCA_937425535.1_Rhodovastum_atsumiense_G2-11,d__Bacteria;p__Pseudomonadota;c__Alphaproteobacteria;o__Acetobacterales;f__Acetobacteraceae;g__Rhodovastum;s__Rhodovastum atsumiense,9,7423543,68.56,6482810,6630,19,"{'Ala', 'Lys', 'Thr', 'Val', 'Trp', 'Ile', 'Met', 'Gln', 'Leu', 'Glu', 'Pro', 'Ser', 'Cys', 'Arg', 'Asp', 'Gly', 'Phe', 'His', 'Tyr'}",15,5,5,5,99.5,0.54,100,100,1.93,99.2,0.8,TRUE,Rhodovastum_atsumiense_G2-11,PRJEB52102,SAMEA13915331,-,Complete Genome,-,2022/4/15,Genoscope CEA,36517527,2022,Silent gene clusters encode magnetic organelle biosynthesis in a non-magnetotactic phototrophic bacterium,"MV Dziuba, et al.",10.1038/s41396-022-01348-y,ISME J,Japan: Atsumi Peninsula,34.7166667 N 137.366666 E,34.7166667,137.366666,Biosample/Paper,freshwater,freshwater,No,Yes
IMG_2264265205,IMG_2264265205_Planctomycetes_bacterium_SCGC_JGI090-P21,d__Bacteria;p__Planctomycetota;c__Phycisphaerae;o__UBA1845;f__PWPN01;g__;s__,242,1230646,49.2,12722,1172,13,"{'Arg', 'Val', 'Asp', 'Gln', 'Gly', 'Leu', 'Pro', 'Ala', 'Glu', 'Lys', 'His', 'Tyr', 'Ile'}",5,1,4,0,38.87,2.19,32.66,26.59,2.04,30.6,1.6,FALSE,Planctomycetes_bacterium_SCGC_JGI090-P21,PRJNA165609,SAMN02745919,-,Contig,-,2015/8/6,-,32737307,2020,Unravelling the diversity of magnetotactic bacteria through analysis of open genomic databases,"M Uzun, et al.",10.1038/s41597-020-00593-0,Sci Data,Greece: Aitoliko Lagoon,38.4825 N 21.315 E,38.4825,21.315,Biosample/Paper,brackish,brackish,No,Yes
IMG_2651870060,IMG_2651870060_Unclassified_Nitrospina_Bin_25,d__Bacteria;p__Nitrospinota;c__Nitrospinia;o__Nitrospinales;f__JAJDAT01;g__JAJDAT01;s__,431,4158979,37.69,11956,3619,18,"{'Ser', 'Cys', 'Arg', 'Val', 'Met', 'Asp', 'Gly', 'Gln', 'Asn', 'Leu', 'Trp', 'Glu', 'Phe', 'His', 'Ala', 'Thr', 'Pro', 'Tyr'}",3,1,1,1,92.31,4.27,91.89,90.14,0.37,90.3,0,TRUE,Unclassified_Nitrospina_Bin_25,-,-,-,Contig,-,2016/12/19,-,32737307,2020,Unravelling the diversity of magnetotactic bacteria through analysis of open genomic databases,"M Uzun, et al.",10.1038/s41597-020-00593-0,Sci Data,northern gulf of mexico hypoxic zone,25.559724256587067 N 90.38104391023542 W,25.55972426,-90.38104391,Biosample/Paper,marine,marine (hypoxia),No,Yes
IMG_3300015153,IMG_3300015153_Omnitrophica_bacterium_SCGC_AG-290-C17,d__Bacteria;p__Omnitrophota;c__Omnitrophia;o__Omnitrophales;f__Aquincolibacteriaceae;g__;s__,171,1712617,48.6,13921,1376,11,"{'Ser', 'Arg', 'Val', 'Leu', 'Asn', 'Glu', 'Phe', 'Ala', 'Lys', 'Pro', 'Ile'}",3,1,1,1,62.84,0,68.22,59,0.22,63.7,0,TRUE,Omnitrophica_bacterium_SCGC_AG-290-C17,PRJNA404658,SAMN07630144,-,Contig,Illumina NextSeq-HO,2017/6/4,-,32737307,2020,Unravelling the diversity of magnetotactic bacteria through analysis of open genomic databases,"M Uzun, et al.",10.1038/s41597-020-00593-0,Sci Data,USA: Nevada,36.9648 N 116.7241 W,36.9648,-116.7241,Biosample/Paper,freshwater,"freshwater, cold creek",No,Yes
IMG_3300022116,IMG_3300022116_Uncultured_microorganism_SbSrfc_SA12_01_D19,d__Bacteria;p__Desulfobacterota;c__Desulfobulbia;o__Desulfobulbales;f__BM004;g__;s__,175,2501480,52.6,25257,2335,18,"{'Ser', 'Arg', 'Met', 'Val', 'Gly', 'Leu', 'SeC', 'Asn', 'Gln', 'Trp', 'Ala', 'Phe', 'His', 'Lys', 'Thr', 'Pro', 'Tyr', 'Ile'}",3,1,1,1,49.13,0,66.81,58.21,0.37,65.3,0,TRUE,Uncultured_microorganism_SbSrfc_SA12_01_D19,PRJNA441863,SAMN08778123,-,Contig,Illumina NextSeq-HO,2018/2/10,-,32737307,2020,Unravelling the diversity of magnetotactic bacteria through analysis of open genomic databases,"M Uzun, et al.",10.1038/s41597-020-00593-0,Sci Data,Sweden: Oskarshamn,57.4344 N 16.6600 E,57.4344,16.66,Biosample/Paper,subsurface/deep subsurface,"deep subsurface, saline groundwater environment",No,Yes
LMSG_G000036956.1,LMSG_G000036956.1_uncultured_Bdellovibrionaceae_bacterium_SFLP_MTB_Ki1-2-2m_bin5,d__Bacteria;p__Bdellovibrionota;c__Bdellovibrionia;o__Bdellovibrionales;f__Bdellovibrionaceae;g__CAIYID01;s__CAIYID01 sp903926205,132,3279113,41.8,58117,3028,19,"{'Ala', 'Lys', 'Thr', 'Val', 'Trp', 'Met', 'Gln', 'Leu', 'Asn', 'Glu', 'Pro', 'Ser', 'Cys', 'Arg', 'Asp', 'Gly', 'Phe', 'His', 'Tyr'}",3,1,1,1,96.43,1.79,97.89,99.94,1.09,95.2,0.8,TRUE,uncultured_Bdellovibrionaceae_bacterium_SFLP_MTB_Ki1-2-2m_bin5,PRJNA400260,SAMEA6872855,-,Contig,NovaSeq,2024/6/12,"Institute of Geology and Geophysics, Chinese Academy of Sciences",-,2024,The under-recognized dominance of magnetosome gene cluster-containing bacteria in oxygen-stratified freshwater ecosystems,"R Ji, et al.",10.1101/2024.04.27.591411,bioRxiv,Sweden: lake Ki1,67.93 N 20.36 E,67.93,20.36,Biosample/Paper,freshwater,freshwater,No,Yes
LMSG_G000036957.1,LMSG_G000036957.1_uncultured_Bdellovibrionaceae_bacterium_SFLP_MTB_Ki1-2-7m_bin20,d__Bacteria;p__Bdellovibrionota;c__Bdellovibrionia;o__Bdellovibrionales;f__Bdellovibrionaceae;g__CAIYID01;s__CAIYID01 sp903926205,274,3171535,41.85,16269,2959,16,"{'Ser', 'Cys', 'Arg', 'Met', 'Val', 'Asp', 'Gly', 'Leu', 'Asn', 'Gln', 'Glu', 'Ala', 'Lys', 'His', 'Phe', 'Pro'}",1,0,1,0,95.29,1.79,95.46,95.93,1.61,91.1,0.8,TRUE,uncultured_Bdellovibrionaceae_bacterium_SFLP_MTB_Ki1-2-7m_bin20,PRJNA400260,SAMEA6872856,-,Contig,NovaSeq,2024/6/12,"Institute of Geology and Geophysics, Chinese Academy of Sciences",-,2024,The under-recognized dominance of magnetosome gene cluster-containing bacteria in oxygen-stratified freshwater ecosystems,"R Ji, et al.",10.1101/2024.04.27.591411,bioRxiv,Sweden: lake Ki1,67.93 N 20.36 E,67.93,20.36,Biosample/Paper,freshwater,freshwater,No,Yes
LMSG_G000036958.1,LMSG_G000036958.1_uncultured_Bdellovibrionia_bacterium_SFLP_MTB_Ki3-D4_bin3,d__Bacteria;p__Bdellovibrionota;c__UBA1018;o__UBA1018;f__UBA1018;g__CAIRTR01;s__CAIRTR01 sp903881565,267,4348562,50.45,26787,4178,19,"{'Ala', 'Lys', 'Thr', 'Val', 'Trp', 'Met', 'Gln', 'Leu', 'Asn', 'Glu', 'Pro', 'Ser', 'Cys', 'Arg', 'Asp', 'Gly', 'Phe', 'His', 'Tyr'}",0,0,0,0,92.62,1.79,94.82,98.4,1.3,92.7,0,TRUE,uncultured_Bdellovibrionia_bacterium_SFLP_MTB_Ki3-D4_bin3,PRJNA400260,SAMEA6872864,-,Contig,NovaSeq,2024/6/12,"Institute of Geology and Geophysics, Chinese Academy of Sciences",-,2024,The under-recognized dominance of magnetosome gene cluster-containing bacteria in oxygen-stratified freshwater ecosystems,"R Ji, et al.",10.1101/2024.04.27.591411,bioRxiv,Sweden: lake Haukij?rvi,67.65 N 21.17 E,67.65,21.17,Biosample/Paper,freshwater,freshwater,No,Yes
LMSG_G000036959.1,LMSG_G000036959.1_uncultured_Bdellovibrionia_bacterium_SFLP_MTB_LJ-3-65m_bin36,d__Bacteria;p__Bdellovibrionota;c__UBA1018;o__UBA1018;f__UBA1018;g__CAITVN01;s__CAITVN01 sp903895855,613,4673194,47.36,10043,4111,18,"{'Ser', 'Arg', 'Val', 'Met', 'Asp', 'Gly', 'Leu', 'Asn', 'Gln', 'Trp', 'Ala', 'Phe', 'Lys', 'His', 'Glu', 'Thr', 'Pro', 'Tyr'}",0,0,0,0,84.9,2.68,83.62,90.47,5.22,76.6,0,TRUE,uncultured_Bdellovibrionia_bacterium_SFLP_MTB_LJ-3-65m_bin36,PRJNA400260,SAMEA6872892,-,Contig,NovaSeq,2024/6/12,"Institute of Geology and Geophysics, Chinese Academy of Sciences",-,2024,The under-recognized dominance of magnetosome gene cluster-containing bacteria in oxygen-stratified freshwater ecosystems,"R Ji, et al.",10.1101/2024.04.27.591411,bioRxiv,Finland: lake Lovoj?rvi,61.08 N 25.03 E,61.08,25.03,Biosample/Paper,freshwater,freshwater,No,Yes
LMSG_G000036960.1,LMSG_G000036960.1_uncultured_Bdellovibrionia_bacterium_SFLP_MTB_LJ-5-9m_bin60,d__Bacteria;p__Bdellovibrionota;c__UBA1018;o__UBA1018;f__UBA1018;g__CAITVN01;s__CAITVN01 sp903895855,867,2785727,47.47,3191,2461,8,"{'Ser', 'Arg', 'Met', 'Gly', 'Leu', 'Asn', 'Ala', 'Pro'}",0,0,0,0,52.41,8.53,49.57,64,5.77,37.1,1.6,TRUE,uncultured_Bdellovibrionia_bacterium_SFLP_MTB_LJ-5-9m_bin60,PRJNA400260,SAMEA6872894,-,Contig,NovaSeq,2024/6/12,"Institute of Geology and Geophysics, Chinese Academy of Sciences",-,2024,The under-recognized dominance of magnetosome gene cluster-containing bacteria in oxygen-stratified freshwater ecosystems,"R Ji, et al.",10.1101/2024.04.27.591411,bioRxiv,Finland: lake Lovoj?rvi,61.08 N 25.03 E,61.08,25.03,Biosample/Paper,freshwater,freshwater,No,Yes
LMSG_G000036961.1,LMSG_G000036961.1_uncultured_Bdellovibrionia_bacterium_SFLP_MTB_LJ-7-9m_bin42,d__Bacteria;p__Bdellovibrionota;c__UBA1018;o__UBA1018;f__UBA1018;g__CAITVN01;s__CAITVN01 sp903895855,697,4569893,47.38,8218,4045,19,"{'Ala', 'Lys', 'Thr', 'Val', 'Trp', 'Met', 'Gln', 'Leu', 'Asn', 'Glu', 'Pro', 'Ser', 'Cys', 'Arg', 'Asp', 'Gly', 'Phe', 'His', 'Tyr'}",0,0,0,0,79.87,1.96,74.55,90.04,1.19,68.5,0,TRUE,uncultured_Bdellovibrionia_bacterium_SFLP_MTB_LJ-7-9m_bin42,PRJNA400260,SAMEA6872895,-,Contig,NovaSeq,2024/6/12,"Institute of Geology and Geophysics, Chinese Academy of Sciences",-,2024,The under-recognized dominance of magnetosome gene cluster-containing bacteria in oxygen-stratified freshwater ecosystems,"R Ji, et al.",10.1101/2024.04.27.591411,bioRxiv,Finland: lake Lovoj?rvi,61.08 N 25.03 E,61.08,25.03,Biosample/Paper,freshwater,freshwater,No,Yes
LMSG_G000036962.1,LMSG_G000036962.1_uncultured_Oligoflexia_bacterium_SFLP_MTB_LJ-13-9m_bin1,d__Bacteria;p__Bdellovibrionota;c__Oligoflexia;o__Oligoflexales;f__RGVZ01;g__CAILAO01;s__CAILAO01 sp903832105,780,4452101,44.53,6941,3721,19,"{'Ala', 'Lys', 'Thr', 'Val', 'Trp', 'Ile', 'Met', 'Gln', 'Leu', 'Glu', 'Pro', 'Ser', 'Cys', 'Arg', 'Asp', 'Gly', 'Phe', 'His', 'Tyr'}",7,2,1,4,77.87,0,83.12,87.89,1.77,67.7,0,TRUE,uncultured_Oligoflexia_bacterium_SFLP_MTB_LJ-13-9m_bin1,PRJNA400260,SAMEA6872889,-,Contig,NovaSeq,2024/6/12,"Institute of Geology and Geophysics, Chinese Academy of Sciences",-,2024,The under-recognized dominance of magnetosome gene cluster-containing bacteria in oxygen-stratified freshwater ecosystems,"R Ji, et al.",10.1101/2024.04.27.591411,bioRxiv,Finland: lake Lovoj?rvi,61.08 N 25.03 E,61.08,25.03,Biosample/Paper,freshwater,freshwater,No,Yes
LMSG_G000036963.1,LMSG_G000036963.1_uncultured_Desulfatirhabdiaceae_bacterium_SFLP_MTB_Day2-5_bin11,d__Bacteria;p__Desulfobacterota;c__Desulfobacteria;o__Desulfobacterales;f__Desulfatirhabdiaceae;g__RAAP-1;s__,769,3022680,47.66,4167,2839,12,"{'Ser', 'Cys', 'Arg', 'Val', 'Met', 'Asp', 'Gly', 'Leu', 'Asn', 'Gln', 'Glu', 'Pro'}",0,0,0,0,76.97,2.47,69.35,67,1.06,57.3,0.8,FALSE,uncultured_Desulfatirhabdiaceae_bacterium_SFLP_MTB_Day2-5_bin11,PRJNA400260,SAMEA6872813,-,Contig,NovaSeq,2024/6/12,"Institute of Geology and Geophysics, Chinese Academy of Sciences",-,2024,The under-recognized dominance of magnetosome gene cluster-containing bacteria in oxygen-stratified freshwater ecosystems,"R Ji, et al.",10.1101/2024.04.27.591411,bioRxiv,Sweden: lake Lomtj?rnan (703480-142137),63.35 N 14.46 E,63.35,14.46,Biosample/Paper,freshwater,freshwater,No,Yes
LMSG_G000036964.1,LMSG_G000036964.1_uncultured_Desulfatirhabdiaceae_bacterium_SFLP_MTB_Day2-6_bin13,d__Bacteria;p__Desulfobacterota;c__Desulfobacteria;o__Desulfobacterales;f__Desulfatirhabdiaceae;g__RAAP-1;s__,1017,4308409,47.95,4807,3985,16,"{'Ser', 'Cys', 'Arg', 'Val', 'Met', 'Asp', 'Gln', 'Gly', 'Asn', 'Leu', 'SeC', 'Trp', 'Ala', 'Thr', 'Pro', 'Tyr'}",0,0,0,0,76.19,0.97,76.09,76.32,0.91,71.8,0,FALSE,uncultured_Desulfatirhabdiaceae_bacterium_SFLP_MTB_Day2-6_bin13,PRJNA400260,SAMEA6872814,-,Contig,NovaSeq,2024/6/12,"Institute of Geology and Geophysics, Chinese Academy of Sciences",-,2024,The under-recognized dominance of magnetosome gene cluster-containing bacteria in oxygen-stratified freshwater ecosystems,"R Ji, et al.",10.1101/2024.04.27.591411,bioRxiv,Sweden: lake Lomtj?rnan (703480-142137),63.35 N 14.46 E,63.35,14.46,Biosample/Paper,freshwater,freshwater,No,Yes
LMSG_G000036965.1,LMSG_G000036965.1_uncultured_Desulfatirhabdiaceae_bacterium_SFLP_MTB_Ja1-D5_bin27,d__Bacteria;p__Desulfobacterota;c__Desulfobacteria;o__Desulfobacterales;f__Desulfatirhabdiaceae;g__RAAP-1;s__,653,3075861,48.13,5270,2823,15,"{'Ser', 'Arg', 'Met', 'Val', 'Asp', 'Gly', 'Leu', 'Gln', 'SeC', 'Ala', 'Glu', 'Phe', 'Lys', 'Thr', 'Pro'}",0,0,0,0,78.06,0.97,80.15,72.06,1.65,71.8,0,FALSE,uncultured_Desulfatirhabdiaceae_bacterium_SFLP_MTB_Ja1-D5_bin27,PRJNA400260,SAMEA6872850,-,Contig,NovaSeq,2024/6/12,"Institute of Geology and Geophysics, Chinese Academy of Sciences",-,2024,The under-recognized dominance of magnetosome gene cluster-containing bacteria in oxygen-stratified freshwater ecosystems,"R Ji, et al.",10.1101/2024.04.27.591411,bioRxiv,Sweden: lake Lomtj?rnan (703480-142137),63.35 N 14.46 E,63.35,14.46,Biosample/Paper,freshwater,freshwater,No,Yes
LMSG_G000036966.1,LMSG_G000036966.1_uncultured_Desulfatirhabdiaceae_bacterium_SFLP_MTB_Ki1-2-7m_bin29,d__Bacteria;p__Desulfobacterota;c__Desulfobacteria;o__Desulfobacterales;f__Desulfatirhabdiaceae;g__RAAP-1;s__,562,4674740,47.9,11777,4168,19,"{'Ala', 'Lys', 'Thr', 'Val', 'Trp', 'Met', 'Gln', 'Leu', 'Glu', 'Pro', 'Ser', 'Cys', 'Arg', 'Asp', 'Gly', 'SeC', 'Phe', 'His', 'Tyr'}",1,0,1,0,90.06,0.65,85.11,84.32,1.23,82.3,0,TRUE,uncultured_Desulfatirhabdiaceae_bacterium_SFLP_MTB_Ki1-2-7m_bin29,PRJNA400260,SAMEA6872856,-,Contig,NovaSeq,2024/6/12,"Institute of Geology and Geophysics, Chinese Academy of Sciences",-,2024,The under-recognized dominance of magnetosome gene cluster-containing bacteria in oxygen-stratified freshwater ecosystems,"R Ji, et al.",10.1101/2024.04.27.591411,bioRxiv,Sweden: lake Ki1,67.93 N 20.36 E,67.93,20.36,Biosample/Paper,freshwater,freshwater,No,Yes
LMSG_G000036967.1,LMSG_G000036967.1_uncultured_Desulfatirhabdiaceae_bacterium_SFLP_MTB_Umea1p4_bin7,d__Bacteria;p__Desulfobacterota;c__Desulfobacteria;o__Desulfobacterales;f__Desulfatirhabdiaceae;g__RAAP-1;s__RAAP-1 sp903839535,596,5332913,47.29,13145,4726,20,"{'Ala', 'Lys', 'Thr', 'Val', 'Trp', 'Met', 'Gln', 'Leu', 'Asn', 'Glu', 'Pro', 'Ser', 'Cys', 'Arg', 'Asp', 'Gly', 'SeC', 'Phe', 'His', 'Tyr'}",3,2,1,0,96.13,1.18,96.6,100,2.01,92.7,0,TRUE,uncultured_Desulfatirhabdiaceae_bacterium_SFLP_MTB_Umea1p4_bin7,PRJNA400260,SAMEA6872998,-,Contig,NovaSeq,2024/6/12,"Institute of Geology and Geophysics, Chinese Academy of Sciences",-,2024,The under-recognized dominance of magnetosome gene cluster-containing bacteria in oxygen-stratified freshwater ecosystems,"R Ji, et al.",10.1101/2024.04.27.591411,bioRxiv,Sweden: lake N?stj?rnen (711940-164576),64.15 N 18.8 E,64.15,18.8,Biosample/Paper,freshwater,freshwater,No,Yes
LMSG_G000036968.1,LMSG_G000036968.1_uncultured_Desulfatirhabdiaceae_bacterium_SFLP_MTB_Loc080925-7m_bin41,d__Bacteria;p__Desulfobacterota;c__Desulfobacteria;o__Desulfobacterales;f__Desulfatirhabdiaceae;g__RAAP-1;s__RAAP-1 sp903953895,265,4078212,50.36,25537,3647,17,"{'Ser', 'Cys', 'Arg', 'Val', 'Met', 'Asp', 'Gly', 'Gln', 'Leu', 'SeC', 'Asn', 'Trp', 'Glu', 'Lys', 'Thr', 'Pro', 'Tyr'}",2,1,0,1,96.13,0.22,97.34,98.52,1.42,91.9,0,TRUE,uncultured_Desulfatirhabdiaceae_bacterium_SFLP_MTB_Loc080925-7m_bin41,PRJNA400260,SAMEA6872901,-,Contig,NovaSeq,2024/6/12,"Institute of Geology and Geophysics, Chinese Academy of Sciences",-,2024,The under-recognized dominance of magnetosome gene cluster-containing bacteria in oxygen-stratified freshwater ecosystems,"R Ji, et al.",10.1101/2024.04.27.591411,bioRxiv,Switzerland: lake Loclat,47.02 N 7.0 E,47.02,7,Biosample/Paper,freshwater,freshwater,No,Yes
LMSG_G000036969.1,LMSG_G000036969.1_uncultured_Desulfatirhabdiaceae_bacterium_SFLP_MTB_Loc090519-7m_bin30,d__Bacteria;p__Desulfobacterota;c__Desulfobacteria;o__Desulfobacterales;f__Desulfatirhabdiaceae;g__RAAP-1;s__RAAP-1 sp903953895,503,3997748,50.56,9926,3562,15,"{'Ser', 'Cys', 'Arg', 'Val', 'Met', 'Asp', 'Gly', 'Leu', 'SeC', 'Asn', 'Glu', 'Phe', 'Lys', 'Thr', 'Pro'}",0,0,0,0,90.82,1.04,83.9,87.79,1.52,65.3,0,TRUE,uncultured_Desulfatirhabdiaceae_bacterium_SFLP_MTB_Loc090519-7m_bin30,PRJNA400260,SAMEA6872924,-,Contig,NovaSeq,2024/6/12,"Institute of Geology and Geophysics, Chinese Academy of Sciences",-,2024,The under-recognized dominance of magnetosome gene cluster-containing bacteria in oxygen-stratified freshwater ecosystems,"R Ji, et al.",10.1101/2024.04.27.591411,bioRxiv,Switzerland: lake Loclat,47.02 N 7.0 E,47.02,7,Biosample/Paper,freshwater,freshwater,No,Yes
LMSG_G000036970.1,LMSG_G000036970.1_uncultured_Desulfatirhabdiaceae_bacterium_SFLP_MTB_Loc090519-8m_bin12,d__Bacteria;p__Desulfobacterota;c__Desulfobacteria;o__Desulfobacterales;f__Desulfatirhabdiaceae;g__RAAP-1;s__RAAP-1 sp903953895,487,4659652,50.25,13135,4223,19,"{'Ala', 'Lys', 'Thr', 'Val', 'Trp', 'Met', 'Gln', 'Leu', 'Asn', 'Glu', 'Pro', 'Ser', 'Cys', 'Arg', 'Asp', 'Gly', 'SeC', 'Phe', 'Tyr'}",3,1,1,1,96.41,0.02,95.92,99.75,0.32,86.3,0,TRUE,uncultured_Desulfatirhabdiaceae_bacterium_SFLP_MTB_Loc090519-8m_bin12,PRJNA400260,SAMEA6872926,-,Contig,NovaSeq,2024/6/12,"Institute of Geology and Geophysics, Chinese Academy of Sciences",-,2024,The under-recognized dominance of magnetosome gene cluster-containing bacteria in oxygen-stratified freshwater ecosystems,"R Ji, et al.",10.1101/2024.04.27.591411,bioRxiv,Switzerland: lake Loclat,47.02 N 7.0 E,47.02,7,Biosample/Paper,freshwater,freshwater,No,Yes
LMSG_G000036971.1,LMSG_G000036971.1_uncultured_Desulfatirhabdiaceae_bacterium_SFLP_MTB_Loc090721-6m_bin27,d__Bacteria;p__Desulfobacterota;c__Desulfobacteria;o__Desulfobacterales;f__Desulfatirhabdiaceae;g__RAAP-1;s__RAAP-1 sp903953895,181,4787135,50.11,53218,4154,18,"{'Ser', 'Cys', 'Arg', 'Val', 'Met', 'Asp', 'Gly', 'Leu', 'Gln', 'Asn', 'SeC', 'Trp', 'Glu', 'Phe', 'Lys', 'Thr', 'Pro', 'Tyr'}",0,0,0,0,99.03,0.36,99.56,100,0.4,92.7,0,TRUE,uncultured_Desulfatirhabdiaceae_bacterium_SFLP_MTB_Loc090721-6m_bin27,PRJNA400260,SAMEA6872930,-,Contig,NovaSeq,2024/6/12,"Institute of Geology and Geophysics, Chinese Academy of Sciences",-,2024,The under-recognized dominance of magnetosome gene cluster-containing bacteria in oxygen-stratified freshwater ecosystems,"R Ji, et al.",10.1101/2024.04.27.591411,bioRxiv,Switzerland: lake Loclat,47.02 N 7.0 E,47.02,7,Biosample/Paper,freshwater,freshwater,No,Yes
LMSG_G000036972.1,LMSG_G000036972.1_uncultured_Desulfatirhabdiaceae_bacterium_SFLP_MTB_Loc090721-7m_bin30,d__Bacteria;p__Desulfobacterota;c__Desulfobacteria;o__Desulfobacterales;f__Desulfatirhabdiaceae;g__RAAP-1;s__RAAP-1 sp903953895,567,3952897,50.67,9005,3568,14,"{'Ser', 'Cys', 'Met', 'Val', 'Asp', 'Gly', 'Leu', 'Gln', 'SeC', 'Asn', 'Glu', 'Phe', 'Lys', 'Pro'}",2,1,0,1,91.33,0.27,87.7,91.89,1.2,75,0,TRUE,uncultured_Desulfatirhabdiaceae_bacterium_SFLP_MTB_Loc090721-7m_bin30,PRJNA400260,SAMEA6872931,-,Contig,NovaSeq,2024/6/12,"Institute of Geology and Geophysics, Chinese Academy of Sciences",-,2024,The under-recognized dominance of magnetosome gene cluster-containing bacteria in oxygen-stratified freshwater ecosystems,"R Ji, et al.",10.1101/2024.04.27.591411,bioRxiv,Switzerland: lake Loclat,47.02 N 7.0 E,47.02,7,Biosample/Paper,freshwater,freshwater,No,Yes
LMSG_G000036973.1,LMSG_G000036973.1_uncultured_Desulfatirhabdiaceae_bacterium_SFLP_MTB_Loc090907-6m_bin20,d__Bacteria;p__Desulfobacterota;c__Desulfobacteria;o__Desulfobacterales;f__Desulfatirhabdiaceae;g__RAAP-1;s__RAAP-1 sp903953895,361,4223275,50.49,19290,3770,19,"{'Ala', 'Lys', 'Thr', 'Val', 'Trp', 'Ile', 'Met', 'Gln', 'Leu', 'Glu', 'Pro', 'Ser', 'Cys', 'Arg', 'Asp', 'Gly', 'SeC', 'Phe', 'Tyr'}",3,1,1,1,94.29,0.86,92.47,94.44,0.5,80.6,0,TRUE,uncultured_Desulfatirhabdiaceae_bacterium_SFLP_MTB_Loc090907-6m_bin20,PRJNA400260,SAMEA6872937,-,Contig,NovaSeq,2024/6/12,"Institute of Geology and Geophysics, Chinese Academy of Sciences",-,2024,The under-recognized dominance of magnetosome gene cluster-containing bacteria in oxygen-stratified freshwater ecosystems,"R Ji, et al.",10.1101/2024.04.27.591411,bioRxiv,Switzerland: lake Loclat,47.02 N 7.0 E,47.02,7,Biosample/Paper,freshwater,freshwater,No,Yes
LMSG_G000036974.1,LMSG_G000036974.1_uncultured_Geobacterales_bacterium_SFLP_MTB_A4_bin1,d__Bacteria;p__Desulfobacterota;c__Desulfuromonadia;o__Geobacterales;f__CAIOGM01;g__CAIOGM01;s__,209,5003715,55.24,40527,4575,19,"{'Ala', 'Lys', 'Thr', 'Val', 'Trp', 'Met', 'Gln', 'Leu', 'Asn', 'Glu', 'Pro', 'Ser', 'Cys', 'Arg', 'Asp', 'Gly', 'SeC', 'Phe', 'His'}",2,2,0,0,92.6,4.09,100,95.32,1.93,67.7,0.8,TRUE,uncultured_Geobacterales_bacterium_SFLP_MTB_A4_bin1,PRJNA400260,SAMEA6872752,-,Contig,NovaSeq,2024/6/12,"Institute of Geology and Geophysics, Chinese Academy of Sciences",-,2024,The under-recognized dominance of magnetosome gene cluster-containing bacteria in oxygen-stratified freshwater ecosystems,"R Ji, et al.",10.1101/2024.04.27.591411,bioRxiv,Canada: pond SAS2A,55.23 N 77.7 W,55.23,-77.7,Biosample/Paper,freshwater,freshwater,No,Yes
LMSG_G000036975.1,LMSG_G000036975.1_uncultured_Pseudopelobacteraceae_bacterium_SFLP_MTB_Ja1-D5_bin9,d__Bacteria;p__Desulfobacterota;c__Desulfuromonadia;o__Geobacterales;f__Pseudopelobacteraceae;g__JACRCG01;s__,779,3239695,51.42,4474,3212,14,"{'Ser', 'Arg', 'Met', 'Gly', 'Leu', 'Gln', 'Asn', 'Ala', 'Phe', 'Lys', 'Glu', 'His', 'Thr', 'Pro'}",0,0,0,0,51.67,3.51,63.8,64.32,5,41.9,0,FALSE,uncultured_Pseudopelobacteraceae_bacterium_SFLP_MTB_Ja1-D5_bin9,PRJNA400260,SAMEA6872850,-,Contig,NovaSeq,2024/6/12,"Institute of Geology and Geophysics, Chinese Academy of Sciences",-,2024,The under-recognized dominance of magnetosome gene cluster-containing bacteria in oxygen-stratified freshwater ecosystems,"R Ji, et al.",10.1101/2024.04.27.591411,bioRxiv,Sweden: lake Lomtj?rnan (703480-142137),63.35 N 14.46 E,63.35,14.46,Biosample/Paper,freshwater,freshwater,No,Yes
LMSG_G000036976.1,LMSG_G000036976.1_uncultured_Pseudopelobacteraceae_bacterium_SFLP_MTB_Ki2-D4_bin37,d__Bacteria;p__Desulfobacterota;c__Desulfuromonadia;o__Geobacterales;f__Pseudopelobacteraceae;g__JACRCG01;s__,721,3150376,51.48,4757,3174,11,"{'Ser', 'Cys', 'Arg', 'Val', 'Met', 'Leu', 'Ala', 'Lys', 'Thr', 'His', 'Tyr'}",0,0,0,0,72.8,1.94,72.66,68.54,1.71,41.9,0.8,FALSE,uncultured_Pseudopelobacteraceae_bacterium_SFLP_MTB_Ki2-D4_bin37,PRJNA400260,SAMEA6872860,-,Contig,NovaSeq,2024/6/12,"Institute of Geology and Geophysics, Chinese Academy of Sciences",-,2024,The under-recognized dominance of magnetosome gene cluster-containing bacteria in oxygen-stratified freshwater ecosystems,"R Ji, et al.",10.1101/2024.04.27.591411,bioRxiv,Sweden: lake Kiruna 754378??69136,67.92 N 20.37 E,67.92,20.37,Biosample/Paper,freshwater,freshwater,No,Yes
LMSG_G000036977.1,LMSG_G000036977.1_uncultured_Pseudopelobacteraceae_bacterium_SFLP_MTB_LJ-3-15m_bin6,d__Bacteria;p__Desulfobacterota;c__Desulfuromonadia;o__Geobacterales;f__Pseudopelobacteraceae;g__JACRCG01;s__,704,2549169,50.53,3718,2515,5,"{'Ser', 'Gly', 'Ala', 'Lys', 'Thr'}",0,0,0,0,60.32,0.65,67.27,56.9,0.79,40.3,0,FALSE,uncultured_Pseudopelobacteraceae_bacterium_SFLP_MTB_LJ-3-15m_bin6,PRJNA400260,SAMEA6872890,-,Contig,NovaSeq,2024/6/12,"Institute of Geology and Geophysics, Chinese Academy of Sciences",-,2024,The under-recognized dominance of magnetosome gene cluster-containing bacteria in oxygen-stratified freshwater ecosystems,"R Ji, et al.",10.1101/2024.04.27.591411,bioRxiv,Finland: lake Lovoj?rvi,61.08 N 25.03 E,61.08,25.03,Biosample/Paper,freshwater,freshwater,No,Yes
LMSG_G000036978.1,LMSG_G000036978.1_uncultured_Pseudopelobacteraceae_bacterium_SFLP_MTB_LJ-3-4m_bin11,d__Bacteria;p__Desulfobacterota;c__Desulfuromonadia;o__Geobacterales;f__Pseudopelobacteraceae;g__JACRCG01;s__,398,3153806,49.29,11602,2904,13,"{'Ser', 'Arg', 'Met', 'Gly', 'Leu', 'SeC', 'Asn', 'Trp', 'Ala', 'Lys', 'Thr', 'Pro', 'Tyr'}",0,0,0,0,82.21,0.86,89.36,82.41,0.32,58.9,0,FALSE,uncultured_Pseudopelobacteraceae_bacterium_SFLP_MTB_LJ-3-4m_bin11,PRJNA400260,SAMEA6872891,-,Contig,NovaSeq,2024/6/12,"Institute of Geology and Geophysics, Chinese Academy of Sciences",-,2024,The under-recognized dominance of magnetosome gene cluster-containing bacteria in oxygen-stratified freshwater ecosystems,"R Ji, et al.",10.1101/2024.04.27.591411,bioRxiv,Finland: lake Lovoj?rvi,61.08 N 25.03 E,61.08,25.03,Biosample/Paper,freshwater,freshwater,No,Yes
LMSG_G000036979.1,LMSG_G000036979.1_uncultured_Pseudopelobacteraceae_bacterium_SFLP_MTB_Ja1-D4_bin17,d__Bacteria;p__Desulfobacterota;c__Desulfuromonadia;o__Geobacterales;f__Pseudopelobacteraceae;g__JACRCG01;s__JACRCG01 sp903845365,484,3378071,49.98,8999,3094,13,"{'Ser', 'Arg', 'Met', 'Val', 'Asp', 'Gly', 'Leu', 'Asn', 'Ala', 'Glu', 'Lys', 'Thr', 'Pro'}",0,0,0,0,86.57,6.45,93.98,83.15,4.07,54,0.8,TRUE,uncultured_Pseudopelobacteraceae_bacterium_SFLP_MTB_Ja1-D4_bin17,PRJNA400260,SAMEA6872849,-,Contig,NovaSeq,2024/6/12,"Institute of Geology and Geophysics, Chinese Academy of Sciences",-,2024,The under-recognized dominance of magnetosome gene cluster-containing bacteria in oxygen-stratified freshwater ecosystems,"R Ji, et al.",10.1101/2024.04.27.591411,bioRxiv,Sweden: lake Lomtj?rnan (703480-142137),63.35 N 14.46 E,63.35,14.46,Biosample/Paper,freshwater,freshwater,No,Yes
LMSG_G000036980.1,LMSG_G000036980.1_uncultured_Pseudopelobacteraceae_bacterium_SFLP_MTB_LJ-3-4m_bin33,d__Bacteria;p__Desulfobacterota;c__Desulfuromonadia;o__Geobacterales;f__Pseudopelobacteraceae;g__JACRCG01;s__JACRCG01 sp903845365,877,6481942,47.89,10356,6210,18,"{'Ser', 'Cys', 'Arg', 'Met', 'Val', 'Gly', 'Gln', 'Asn', 'Leu', 'SeC', 'Trp', 'Ala', 'Phe', 'Glu', 'Lys', 'His', 'Thr', 'Pro'}",1,1,0,0,82.72,2.73,84.28,90.89,10.13,79.9,6.5,FALSE,uncultured_Pseudopelobacteraceae_bacterium_SFLP_MTB_LJ-3-4m_bin33,PRJNA400260,SAMEA6872891,-,Contig,NovaSeq,2024/6/12,"Institute of Geology and Geophysics, Chinese Academy of Sciences",-,2024,The under-recognized dominance of magnetosome gene cluster-containing bacteria in oxygen-stratified freshwater ecosystems,"R Ji, et al.",10.1101/2024.04.27.591411,bioRxiv,Finland: lake Lovoj?rvi,61.08 N 25.03 E,61.08,25.03,Biosample/Paper,freshwater,freshwater,No,Yes
LMSG_G000036981.1,LMSG_G000036981.1_uncultured_Pseudopelobacteraceae_bacterium_SFLP_MTB_AM-lipid-02-D5_bin1,d__Bacteria;p__Desulfobacterota;c__Desulfuromonadia;o__Geobacterales;f__Pseudopelobacteraceae;g__JACRCG01;s__JACRCG01 sp903925005,452,4387140,50.98,13394,4156,17,"{'Ser', 'Cys', 'Arg', 'Met', 'Val', 'Asp', 'Gln', 'Leu', 'Gly', 'SeC', 'Pro', 'Ala', 'Glu', 'Lys', 'Thr', 'His', 'Tyr'}",0,0,0,0,97.12,2.43,93.53,96.57,2.67,91.1,2.4,TRUE,uncultured_Pseudopelobacteraceae_bacterium_SFLP_MTB_AM-lipid-02-D5_bin1,PRJNA400260,SAMEA6872777,-,Contig,NovaSeq,2024/6/12,"Institute of Geology and Geophysics, Chinese Academy of Sciences",-,2024,The under-recognized dominance of magnetosome gene cluster-containing bacteria in oxygen-stratified freshwater ecosystems,"R Ji, et al.",10.1101/2024.04.27.591411,bioRxiv,Finland: lake Alinen Mustaj?rvi,61.21 N 25.11 E,61.21,25.11,Biosample/Paper,freshwater,freshwater,No,Yes
LMSG_G000036982.1,LMSG_G000036982.1_uncultured_Pseudopelobacteraceae_bacterium_SFLP_MTB_AM4_bin5,d__Bacteria;p__Desulfobacterota;c__Desulfuromonadia;o__Geobacterales;f__Pseudopelobacteraceae;g__JACRCG01;s__JACRCG01 sp903925005,852,4518964,50.81,6119,4482,14,"{'Ser', 'Arg', 'Met', 'Val', 'Asp', 'Gly', 'Gln', 'Leu', 'SeC', 'Glu', 'His', 'Ala', 'Lys', 'Pro'}",0,0,0,0,83.72,2.95,81.7,85.99,4.74,71,0.8,FALSE,uncultured_Pseudopelobacteraceae_bacterium_SFLP_MTB_AM4_bin5,PRJNA400260,SAMEA6872794,-,Contig,NovaSeq,2024/6/12,"Institute of Geology and Geophysics, Chinese Academy of Sciences",-,2024,The under-recognized dominance of magnetosome gene cluster-containing bacteria in oxygen-stratified freshwater ecosystems,"R Ji, et al.",10.1101/2024.04.27.591411,bioRxiv,Finland: lake Alinen Mustaj?rvi,61.21 N 25.11 E,61.21,25.11,Biosample/Paper,freshwater,freshwater,No,Yes
LMSG_G000036983.1,LMSG_G000036983.1_uncultured_Pseudopelobacteraceae_bacterium_SFLP_MTB_A3_bin18,d__Bacteria;p__Desulfobacterota;c__Desulfuromonadia;o__Geobacterales;f__Pseudopelobacteraceae;g__JACRCG01;s__JACRCG01 sp903939115,190,3694317,51.56,31972,3398,15,"{'Ser', 'Cys', 'Arg', 'Met', 'Val', 'Asp', 'Gln', 'Leu', 'Asn', 'Trp', 'Pro', 'Ala', 'Lys', 'Thr', 'His'}",1,1,0,0,83.87,0.9,79.11,84.76,1.38,63.7,2.4,TRUE,uncultured_Pseudopelobacteraceae_bacterium_SFLP_MTB_A3_bin18,PRJNA400260,SAMEA6872751,-,Contig,NovaSeq,2024/6/12,"Institute of Geology and Geophysics, Chinese Academy of Sciences",-,2024,The under-recognized dominance of magnetosome gene cluster-containing bacteria in oxygen-stratified freshwater ecosystems,"R Ji, et al.",10.1101/2024.04.27.591411,bioRxiv,Canada: pond SAS2A,55.23 N 77.7 W,55.23,-77.7,Biosample/Paper,freshwater,freshwater,No,Yes
LMSG_G000036984.1,LMSG_G000036984.1_uncultured_Pseudopelobacteraceae_bacterium_SFLP_MTB_A4_bin21,d__Bacteria;p__Desulfobacterota;c__Desulfuromonadia;o__Geobacterales;f__Pseudopelobacteraceae;g__JACRCG01;s__JACRCG01 sp903939115,84,4661276,50.58,104191,4374,20,"{'Ala', 'Lys', 'Thr', 'Val', 'Trp', 'Met', 'Gln', 'Leu', 'Asn', 'Glu', 'Pro', 'Ser', 'Cys', 'Arg', 'Asp', 'Gly', 'SeC', 'Phe', 'His', 'Tyr'}",2,1,0,1,99.35,0.97,99.73,100,2.97,98.4,0.8,TRUE,uncultured_Pseudopelobacteraceae_bacterium_SFLP_MTB_A4_bin21,PRJNA400260,SAMEA6872752,-,Contig,NovaSeq,2024/6/12,"Institute of Geology and Geophysics, Chinese Academy of Sciences",-,2024,The under-recognized dominance of magnetosome gene cluster-containing bacteria in oxygen-stratified freshwater ecosystems,"R Ji, et al.",10.1101/2024.04.27.591411,bioRxiv,Canada: pond SAS2A,55.23 N 77.7 W,55.23,-77.7,Biosample/Paper,freshwater,freshwater,No,Yes
LMSG_G000036985.1,LMSG_G000036985.1_uncultured_Pseudopelobacteraceae_bacterium_SFLP_MTB_D3_bin2,d__Bacteria;p__Desulfobacterota;c__Desulfuromonadia;o__Geobacterales;f__Pseudopelobacteraceae;g__JACRCG01;s__JACRCG01 sp903939115,306,4125050,50.9,18817,3875,20,"{'Ala', 'Lys', 'Thr', 'Val', 'Trp', 'Met', 'Gln', 'Leu', 'Asn', 'Glu', 'Pro', 'Ser', 'Cys', 'Arg', 'Asp', 'Gly', 'SeC', 'Phe', 'His', 'Tyr'}",2,1,0,1,94.21,0.97,86.56,92.11,1.58,79,0,TRUE,uncultured_Pseudopelobacteraceae_bacterium_SFLP_MTB_D3_bin2,PRJNA400260,SAMEA6872807,-,Contig,NovaSeq,2024/6/12,"Institute of Geology and Geophysics, Chinese Academy of Sciences",-,2024,The under-recognized dominance of magnetosome gene cluster-containing bacteria in oxygen-stratified freshwater ecosystems,"R Ji, et al.",10.1101/2024.04.27.591411,bioRxiv,Canada: pond SAS2B,55.23 N 77.7 W,55.23,-77.7,Biosample/Paper,freshwater,freshwater,No,Yes
LMSG_G000036986.1,LMSG_G000036986.1_uncultured_Pseudopelobacteraceae_bacterium_SFLP_MTB_D4_bin5,d__Bacteria;p__Desulfobacterota;c__Desulfuromonadia;o__Geobacterales;f__Pseudopelobacteraceae;g__JACRCG01;s__JACRCG01 sp903939115,137,4096958,51.06,47161,3788,19,"{'Ala', 'Lys', 'Thr', 'Val', 'Trp', 'Met', 'Gln', 'Leu', 'Asn', 'Glu', 'Ser', 'Cys', 'Arg', 'Asp', 'Gly', 'SeC', 'Phe', 'His', 'Tyr'}",1,0,1,0,94.62,0.86,94.42,93.08,1.47,91.9,0.8,TRUE,uncultured_Pseudopelobacteraceae_bacterium_SFLP_MTB_D4_bin5,PRJNA400260,SAMEA6872808,-,Contig,NovaSeq,2024/6/12,"Institute of Geology and Geophysics, Chinese Academy of Sciences",-,2024,The under-recognized dominance of magnetosome gene cluster-containing bacteria in oxygen-stratified freshwater ecosystems,"R Ji, et al.",10.1101/2024.04.27.591411,bioRxiv,Canada: pond SAS2B,55.23 N 77.7 W,55.23,-77.7,Biosample/Paper,freshwater,freshwater,No,Yes
LMSG_G000036987.1,LMSG_G000036987.1_uncultured_Pseudopelobacteraceae_bacterium_SFLP_MTB_E5_bin6,d__Bacteria;p__Desulfobacterota;c__Desulfuromonadia;o__Geobacterales;f__Pseudopelobacteraceae;g__JACRCG01;s__JACRCG01 sp903939115,674,4255482,51.29,8125,4014,11,"{'Ser', 'Arg', 'Val', 'Leu', 'SeC', 'Asn', 'Trp', 'His', 'Phe', 'Thr', 'Pro'}",0,0,0,0,86.35,2.58,86.77,88.92,1.89,53.2,0.8,TRUE,uncultured_Pseudopelobacteraceae_bacterium_SFLP_MTB_E5_bin6,PRJNA400260,SAMEA6872825,-,Contig,NovaSeq,2024/6/12,"Institute of Geology and Geophysics, Chinese Academy of Sciences",-,2024,The under-recognized dominance of magnetosome gene cluster-containing bacteria in oxygen-stratified freshwater ecosystems,"R Ji, et al.",10.1101/2024.04.27.591411,bioRxiv,Canada: pond SAS2D,55.23 N 77.69 W,55.23,-77.69,Biosample/Paper,freshwater,freshwater,No,Yes
LMSG_G000036988.1,LMSG_G000036988.1_uncultured_Smithellaceae_bacterium_SFLP_MTB_Loc090519-8-7m_bin35,d__Bacteria;p__Desulfobacterota;c__Syntrophia;o__Syntrophales;f__Smithellaceae;g__UBA8904;s__UBA8904 sp903904655,354,1653787,49.82,4906,1529,8,"{'Ser', 'Arg', 'Met', 'Val', 'Gln', 'Leu', 'Glu', 'Lys'}",0,0,0,0,54.87,1.51,56.88,53.91,0.22,38.7,0.8,TRUE,uncultured_Smithellaceae_bacterium_SFLP_MTB_Loc090519-8-7m_bin35,PRJNA400260,SAMEA6872925,-,Contig,NovaSeq,2024/6/12,"Institute of Geology and Geophysics, Chinese Academy of Sciences",-,2024,The under-recognized dominance of magnetosome gene cluster-containing bacteria in oxygen-stratified freshwater ecosystems,"R Ji, et al.",10.1101/2024.04.27.591411,bioRxiv,Switzerland: lake Loclat,47.02 N 7.0 E,47.02,7,Biosample/Paper,freshwater,freshwater,No,Yes
LMSG_G000036989.1,LMSG_G000036989.1_uncultured_Syntrophales_bacterium_SFLP_MTB_Day2-5_bin12,d__Bacteria;p__Desulfobacterota;c__Syntrophia;o__Syntrophales;f__UBA5619;g__UBA5619;s__UBA5619 sp903903205,569,3127564,55.65,6780,3002,19,"{'Ala', 'Lys', 'Thr', 'Val', 'Trp', 'Met', 'Gln', 'Leu', 'Asn', 'Glu', 'Pro', 'Ser', 'Cys', 'Arg', 'Asp', 'Gly', 'SeC', 'Phe', 'His'}",1,0,1,0,78.62,2.74,80.77,68.78,1.15,78.2,0,TRUE,uncultured_Syntrophales_bacterium_SFLP_MTB_Day2-5_bin12,PRJNA400260,SAMEA6872813,-,Contig,NovaSeq,2024/6/12,"Institute of Geology and Geophysics, Chinese Academy of Sciences",-,2024,The under-recognized dominance of magnetosome gene cluster-containing bacteria in oxygen-stratified freshwater ecosystems,"R Ji, et al.",10.1101/2024.04.27.591411,bioRxiv,Sweden: lake Lomtj?rnan (703480-142137),63.35 N 14.46 E,63.35,14.46,Biosample/Paper,freshwater,freshwater,No,Yes
LMSG_G000036990.1,LMSG_G000036990.1_uncultured_Syntrophales_bacterium_SFLP_MTB_Day2-6_bin17,d__Bacteria;p__Desulfobacterota;c__Syntrophia;o__Syntrophales;f__UBA5619;g__UBA5619;s__UBA5619 sp903903205,566,3596738,55.43,7806,3369,19,"{'Ala', 'Lys', 'Thr', 'Val', 'Trp', 'Met', 'Gln', 'Leu', 'Asn', 'Glu', 'Pro', 'Ser', 'Cys', 'Arg', 'Asp', 'Gly', 'SeC', 'Phe', 'His'}",3,1,1,1,87.4,1.29,91.53,83.37,3,84.7,0,TRUE,uncultured_Syntrophales_bacterium_SFLP_MTB_Day2-6_bin17,PRJNA400260,SAMEA6872814,-,Contig,NovaSeq,2024/6/12,"Institute of Geology and Geophysics, Chinese Academy of Sciences",-,2024,The under-recognized dominance of magnetosome gene cluster-containing bacteria in oxygen-stratified freshwater ecosystems,"R Ji, et al.",10.1101/2024.04.27.591411,bioRxiv,Sweden: lake Lomtj?rnan (703480-142137),63.35 N 14.46 E,63.35,14.46,Biosample/Paper,freshwater,freshwater,No,Yes
LMSG_G000036991.1,LMSG_G000036991.1_uncultured_Syntrophales_bacterium_SFLP_MTB_Ja1-D5_bin7,d__Bacteria;p__Desulfobacterota;c__Syntrophia;o__Syntrophales;f__UBA5619;g__UBA5619;s__UBA5619 sp903903205,395,3486791,56.04,15534,3163,21,"{'Ala', 'Lys', 'Thr', 'Val', 'Trp', 'Ile', 'Met', 'Gln', 'Leu', 'Asn', 'Glu', 'Pro', 'Ser', 'Cys', 'Arg', 'Asp', 'Gly', 'SeC', 'Phe', 'His', 'Tyr'}",9,1,4,4,88.49,1.29,91.52,82.45,1.57,89.5,0,TRUE,uncultured_Syntrophales_bacterium_SFLP_MTB_Ja1-D5_bin7,PRJNA400260,SAMEA6872850,-,Contig,NovaSeq,2024/6/12,"Institute of Geology and Geophysics, Chinese Academy of Sciences",-,2024,The under-recognized dominance of magnetosome gene cluster-containing bacteria in oxygen-stratified freshwater ecosystems,"R Ji, et al.",10.1101/2024.04.27.591411,bioRxiv,Sweden: lake Lomtj?rnan (703480-142137),63.35 N 14.46 E,63.35,14.46,Biosample/Paper,freshwater,freshwater,No,Yes
LMSG_G000036992.1,LMSG_G000036992.1_uncultured_Syntrophorhabdaceae_bacterium_SFLP_MTB_Ja1-D5_bin2,d__Bacteria;p__Desulfobacterota_G;c__Syntrophorhabdia;o__Syntrophorhabdales;f__Syntrophorhabdaceae;g__Delta-02;s__Delta-02 sp903872255,301,2723977,51.07,11869,2692,18,"{'Ser', 'Cys', 'Arg', 'Val', 'Met', 'Asp', 'Gly', 'Leu', 'Asn', 'Gln', 'Pro', 'Ala', 'Glu', 'Phe', 'Lys', 'Thr', 'His', 'Tyr'}",0,0,0,0,86.96,0.36,90.05,89.78,1.05,75,0,TRUE,uncultured_Syntrophorhabdaceae_bacterium_SFLP_MTB_Ja1-D5_bin2,PRJNA400260,SAMEA6872850,-,Contig,NovaSeq,2024/6/12,"Institute of Geology and Geophysics, Chinese Academy of Sciences",-,2024,The under-recognized dominance of magnetosome gene cluster-containing bacteria in oxygen-stratified freshwater ecosystems,"R Ji, et al.",10.1101/2024.04.27.591411,bioRxiv,Sweden: lake Lomtj?rnan (703480-142137),63.35 N 14.46 E,63.35,14.46,Biosample/Paper,freshwater,freshwater,No,Yes
LMSG_G000036993.1,LMSG_G000036993.1_uncultured_Desulfovibrionaceae_bacterium_SFLP_MTB_AM-lipid-01-D7_bin11,d__Bacteria;p__Desulfobacterota;c__Desulfovibrionia;o__Desulfovibrionales;f__Desulfovibrionaceae;g__CAILNX01;s__CAILNX01 sp903835685,47,3886096,63.83,142028,3456,21,"{'Ala', 'Lys', 'Thr', 'Val', 'Trp', 'Ile', 'Met', 'Gln', 'Leu', 'Asn', 'Glu', 'Pro', 'Ser', 'Cys', 'Arg', 'Asp', 'Gly', 'SeC', 'Phe', 'His', 'Tyr'}",0,0,0,0,99.41,0,97.87,99.79,0.46,92.7,0,TRUE,uncultured_Desulfovibrionaceae_bacterium_SFLP_MTB_AM-lipid-01-D7_bin11,PRJNA400260,SAMEA6872769,-,Contig,NovaSeq,2024/6/12,"Institute of Geology and Geophysics, Chinese Academy of Sciences",-,2024,The under-recognized dominance of magnetosome gene cluster-containing bacteria in oxygen-stratified freshwater ecosystems,"R Ji, et al.",10.1101/2024.04.27.591411,bioRxiv,Finland: lake Alinen Mustaj?rvi,61.21 N 25.11 E,61.21,25.11,Biosample/Paper,freshwater,freshwater,No,Yes
LMSG_G000036994.1,LMSG_G000036994.1_uncultured_Desulfovibrionaceae_bacterium_SFLP_MTB_AM-lipid-01-D8_bin17,d__Bacteria;p__Desulfobacterota;c__Desulfovibrionia;o__Desulfovibrionales;f__Desulfovibrionaceae;g__CAILNX01;s__CAILNX01 sp903835685,130,4382062,62.87,66826,3915,21,"{'Ala', 'Lys', 'Thr', 'Val', 'Trp', 'Ile', 'Met', 'Gln', 'Leu', 'Asn', 'Glu', 'Pro', 'Ser', 'Cys', 'Arg', 'Asp', 'Gly', 'SeC', 'Phe', 'His', 'Tyr'}",0,0,0,0,100,0.1,97.56,99.96,0.81,92.7,0,TRUE,uncultured_Desulfovibrionaceae_bacterium_SFLP_MTB_AM-lipid-01-D8_bin17,PRJNA400260,SAMEA6872770,-,Contig,NovaSeq,2024/6/12,"Institute of Geology and Geophysics, Chinese Academy of Sciences",-,2024,The under-recognized dominance of magnetosome gene cluster-containing bacteria in oxygen-stratified freshwater ecosystems,"R Ji, et al.",10.1101/2024.04.27.591411,bioRxiv,Finland: lake Alinen Mustaj?rvi,61.21 N 25.11 E,61.21,25.11,Biosample/Paper,freshwater,freshwater,No,Yes
LMSG_G000036995.1,LMSG_G000036995.1_uncultured_Desulfovibrionaceae_bacterium_SFLP_MTB_AM-lipid-02-D6_bin11,d__Bacteria;p__Desulfobacterota;c__Desulfovibrionia;o__Desulfovibrionales;f__Desulfovibrionaceae;g__CAILNX01;s__CAILNX01 sp903835685,521,3374484,64.82,7919,3109,17,"{'Ser', 'Arg', 'Val', 'Met', 'Asp', 'Gln', 'Leu', 'Gly', 'Trp', 'Glu', 'Ala', 'His', 'Lys', 'Thr', 'Pro', 'Tyr', 'Ile'}",0,0,0,0,88.35,2.86,79.15,83.86,0.91,66.9,0.8,TRUE,uncultured_Desulfovibrionaceae_bacterium_SFLP_MTB_AM-lipid-02-D6_bin11,PRJNA400260,SAMEA6872778,-,Contig,NovaSeq,2024/6/12,"Institute of Geology and Geophysics, Chinese Academy of Sciences",-,2024,The under-recognized dominance of magnetosome gene cluster-containing bacteria in oxygen-stratified freshwater ecosystems,"R Ji, et al.",10.1101/2024.04.27.591411,bioRxiv,Finland: lake Alinen Mustaj?rvi,61.21 N 25.11 E,61.21,25.11,Biosample/Paper,freshwater,freshwater,No,Yes
LMSG_G000036996.1,LMSG_G000036996.1_uncultured_Desulfovibrionaceae_bacterium_SFLP_MTB_AM-lipid-02-D7_bin42,d__Bacteria;p__Desulfobacterota;c__Desulfovibrionia;o__Desulfovibrionales;f__Desulfovibrionaceae;g__CAILNX01;s__CAILNX01 sp903835685,114,4220505,63.4,68600,3774,21,"{'Ala', 'Lys', 'Thr', 'Val', 'Trp', 'Ile', 'Met', 'Gln', 'Leu', 'Asn', 'Glu', 'Pro', 'Ser', 'Cys', 'Arg', 'Asp', 'Gly', 'SeC', 'Phe', 'His', 'Tyr'}",2,1,0,1,100,0.46,97.39,99.97,0.84,91.9,0,TRUE,uncultured_Desulfovibrionaceae_bacterium_SFLP_MTB_AM-lipid-02-D7_bin42,PRJNA400260,SAMEA6872779,-,Contig,NovaSeq,2024/6/12,"Institute of Geology and Geophysics, Chinese Academy of Sciences",-,2024,The under-recognized dominance of magnetosome gene cluster-containing bacteria in oxygen-stratified freshwater ecosystems,"R Ji, et al.",10.1101/2024.04.27.591411,bioRxiv,Finland: lake Alinen Mustaj?rvi,61.21 N 25.11 E,61.21,25.11,Biosample/Paper,freshwater,freshwater,No,Yes
LMSG_G000036997.1,LMSG_G000036997.1_uncultured_Hydrogenedentiales_bacterium_SFLP_MTB_Ki3-D4_bin17,d__Bacteria;p__Hydrogenedentota;c__Hydrogenedentia;o__Hydrogenedentiales;f__CAIZGN01;g__CAIZGN01;s__CAIZGN01 sp903932505,795,4936554,58,7875,4148,17,"{'Ser', 'Cys', 'Arg', 'Met', 'Asp', 'Gly', 'Leu', 'Gln', 'Asn', 'Trp', 'Pro', 'Ala', 'Phe', 'Glu', 'Lys', 'Thr', 'His'}",2,1,0,1,87.28,0.39,85.7,89.77,2,72.6,0,TRUE,uncultured_Hydrogenedentiales_bacterium_SFLP_MTB_Ki3-D4_bin17,PRJNA400260,SAMEA6872864,-,Contig,NovaSeq,2024/6/12,"Institute of Geology and Geophysics, Chinese Academy of Sciences",-,2024,The under-recognized dominance of magnetosome gene cluster-containing bacteria in oxygen-stratified freshwater ecosystems,"R Ji, et al.",10.1101/2024.04.27.591411,bioRxiv,Sweden: lake Haukij?rvi,67.65 N 21.17 E,67.65,21.17,Biosample/Paper,freshwater,freshwater,No,Yes
LMSG_G000036998.1,LMSG_G000036998.1_uncultured_Polyangiaceae_bacterium_SFLP_MTB_KT4_bin17,d__Bacteria;p__Myxococcota;c__Polyangia;o__Polyangiales;f__Polyangiaceae;g__JAJZQG01;s__,669,8017071,63.82,17174,6906,17,"{'Ser', 'Cys', 'Arg', 'Met', 'Val', 'Asp', 'Gly', 'Leu', 'Gln', 'Ala', 'Glu', 'Lys', 'Phe', 'His', 'Thr', 'Pro', 'Tyr'}",1,0,1,0,90.61,7.57,98.33,99.67,4.32,87.9,2.4,TRUE,uncultured_Polyangiaceae_bacterium_SFLP_MTB_KT4_bin17,PRJNA400260,SAMEA6872873,-,Contig,NovaSeq,2024/6/12,"Institute of Geology and Geophysics, Chinese Academy of Sciences",-,2024,The under-recognized dominance of magnetosome gene cluster-containing bacteria in oxygen-stratified freshwater ecosystems,"R Ji, et al.",10.1101/2024.04.27.591411,bioRxiv,Sweden: lake Lomtj?rnan (703480-142137),63.35 N 14.46 E,63.35,14.46,Biosample/Paper,freshwater,freshwater,No,Yes
LMSG_G000036999.1,LMSG_G000036999.1_uncultured_Omnitrophota_bacterium_SFLP_MTB_Ki1-2-7m_bin21,d__Bacteria;p__Omnitrophota;c__Koll11;o__Zapsychrales;f__Fredricksoniimonadaceae;g__Fredricksoniimonas;s__Fredricksoniimonas aquilentivivens,357,1345947,53.18,3866,1358,16,"{'Cys', 'Arg', 'Val', 'Met', 'Asp', 'Gln', 'Leu', 'SeC', 'Gly', 'Trp', 'Glu', 'Phe', 'Ala', 'Thr', 'Pro', 'Tyr'}",0,0,0,0,50.86,8.62,58.93,59.2,6.86,39.5,0.8,TRUE,uncultured_Omnitrophota_bacterium_SFLP_MTB_Ki1-2-7m_bin21,PRJNA400260,SAMEA6872856,-,Contig,NovaSeq,2024/6/12,"Institute of Geology and Geophysics, Chinese Academy of Sciences",-,2024,The under-recognized dominance of magnetosome gene cluster-containing bacteria in oxygen-stratified freshwater ecosystems,"R Ji, et al.",10.1101/2024.04.27.591411,bioRxiv,Sweden: lake Ki1,67.93 N 20.36 E,67.93,20.36,Biosample/Paper,freshwater,freshwater,No,Yes
LMSG_G000037000.1,LMSG_G000037000.1_uncultured_Omnitrophota_bacterium_SFLP_MTB_Ki2-D4_bin23,d__Bacteria;p__Omnitrophota;c__Koll11;o__Zapsychrales;f__Fredricksoniimonadaceae;g__Fredricksoniimonas;s__Fredricksoniimonas sp903861305,99,2613013,54.89,45002,2243,20,"{'Ala', 'Lys', 'Thr', 'Val', 'Trp', 'Met', 'Gln', 'Leu', 'Asn', 'Glu', 'Pro', 'Ser', 'Cys', 'Arg', 'Asp', 'Gly', 'SeC', 'Phe', 'His', 'Tyr'}",0,0,0,0,89.36,4.3,93.83,96.03,0.83,84.7,1.6,TRUE,uncultured_Omnitrophota_bacterium_SFLP_MTB_Ki2-D4_bin23,PRJNA400260,SAMEA6872860,-,Contig,NovaSeq,2024/6/12,"Institute of Geology and Geophysics, Chinese Academy of Sciences",-,2024,The under-recognized dominance of magnetosome gene cluster-containing bacteria in oxygen-stratified freshwater ecosystems,"R Ji, et al.",10.1101/2024.04.27.591411,bioRxiv,Sweden: lake Kiruna 754378??69136,67.92 N 20.37 E,67.92,20.37,Biosample/Paper,freshwater,freshwater,No,Yes
LMSG_G000037001.1,LMSG_G000037001.1_uncultured_Omnitrophales_bacterium_SFLP_MTB_AM5_bin22,d__Bacteria;p__Omnitrophota;c__Omnitrophia;o__Omnitrophales;f__Aquincolibacteriaceae;g__JAKLFP01;s__,509,1944779,48.74,4063,1823,10,"{'Ser', 'Arg', 'Val', 'Met', 'Asp', 'Gly', 'Leu', 'Gln', 'Ala', 'Glu'}",0,0,0,0,55.05,0.06,65.72,64.04,3.96,49.2,0,FALSE,uncultured_Omnitrophales_bacterium_SFLP_MTB_AM5_bin22,PRJNA400260,SAMEA6872795,-,Contig,NovaSeq,2024/6/12,"Institute of Geology and Geophysics, Chinese Academy of Sciences",-,2024,The under-recognized dominance of magnetosome gene cluster-containing bacteria in oxygen-stratified freshwater ecosystems,"R Ji, et al.",10.1101/2024.04.27.591411,bioRxiv,Finland: lake Alinen Mustaj?rvi,61.21 N 25.11 E,61.21,25.11,Biosample/Paper,freshwater,freshwater,No,Yes
LMSG_G000037002.1,LMSG_G000037002.1_uncultured_Omnitrophales_bacterium_SFLP_MTB_AM-2014-D8_bin43,d__Bacteria;p__Omnitrophota;c__Omnitrophia;o__Omnitrophales;f__Aquincolibacteriaceae;g__Aquincolibacterium;s__,431,1972089,50.77,4694,1886,10,"{'Ser', 'Arg', 'Val', 'Gly', 'Leu', 'Gln', 'Glu', 'Phe', 'Ala', 'Thr'}",0,0,0,0,52.81,7.53,50.15,47.09,12.39,40.3,1.6,TRUE,uncultured_Omnitrophales_bacterium_SFLP_MTB_AM-2014-D8_bin43,PRJNA400260,SAMEA6872761,-,Contig,NovaSeq,2024/6/12,"Institute of Geology and Geophysics, Chinese Academy of Sciences",-,2024,The under-recognized dominance of magnetosome gene cluster-containing bacteria in oxygen-stratified freshwater ecosystems,"R Ji, et al.",10.1101/2024.04.27.591411,bioRxiv,Finland: lake Alinen Mustaj?rvi,61.21 N 25.11 E,61.21,25.11,Biosample/Paper,freshwater,freshwater,No,Yes
LMSG_G000037003.1,LMSG_G000037003.1_uncultured_Omnitrophales_bacterium_SFLP_MTB_MJ4_bin9,d__Bacteria;p__Omnitrophota;c__Omnitrophia;o__Omnitrophales;f__Aquincolibacteriaceae;g__Aquincolibacterium;s__,507,1800638,51.41,3721,1815,14,"{'Ser', 'Cys', 'Arg', 'Val', 'Met', 'Asp', 'Gln', 'Leu', 'Asn', 'Gly', 'Trp', 'Phe', 'Lys', 'Pro'}",0,0,0,0,60.53,0.1,59.96,61.46,3.46,41.1,0,FALSE,uncultured_Omnitrophales_bacterium_SFLP_MTB_MJ4_bin9,PRJNA400260,SAMEA6872990,-,Contig,NovaSeq,2024/6/12,"Institute of Geology and Geophysics, Chinese Academy of Sciences",-,2024,The under-recognized dominance of magnetosome gene cluster-containing bacteria in oxygen-stratified freshwater ecosystems,"R Ji, et al.",10.1101/2024.04.27.591411,bioRxiv,Finland: lake Mekkoj?rvi,61.23 N 25.14 E,61.23,25.14,Biosample/Paper,freshwater,freshwater,No,Yes
LMSG_G000037004.1,LMSG_G000037004.1_uncultured_Azospirillaceae_bacterium_SFLP_MTB_AM-2014-D3_bin8,d__Bacteria;p__Pseudomonadota;c__Alphaproteobacteria;o__Azospirillales;f__Azospirillaceae;g__BOG-933;s__BOG-933 sp903927615,1238,4097361,63.26,3167,4224,12,"{'Arg', 'Met', 'Val', 'Gly', 'Leu', 'Gln', 'Asn', 'Ala', 'His', 'Lys', 'Glu', 'Pro'}",1,0,1,0,53.83,9.59,51.21,62.25,9.04,48.4,0.8,FALSE,uncultured_Azospirillaceae_bacterium_SFLP_MTB_AM-2014-D3_bin8,PRJNA400260,SAMEA6872756,-,Contig,NovaSeq,2024/6/12,"Institute of Geology and Geophysics, Chinese Academy of Sciences",-,2024,The under-recognized dominance of magnetosome gene cluster-containing bacteria in oxygen-stratified freshwater ecosystems,"R Ji, et al.",10.1101/2024.04.27.591411,bioRxiv,Finland: lake Alinen Mustaj?rvi,61.21 N 25.11 E,61.21,25.11,Biosample/Paper,freshwater,freshwater,No,Yes
LMSG_G000037005.1,LMSG_G000037005.1_uncultured_Azospirillaceae_bacterium_SFLP_MTB_AM-2014-D4_bin6,d__Bacteria;p__Pseudomonadota;c__Alphaproteobacteria;o__Azospirillales;f__Azospirillaceae;g__CAIZDL01;s__,390,5129281,65.22,20242,4841,18,"{'Ser', 'Cys', 'Arg', 'Met', 'Val', 'Asp', 'Gly', 'Leu', 'Asn', 'Gln', 'Trp', 'Glu', 'His', 'Lys', 'Ala', 'Thr', 'Pro', 'Tyr'}",0,0,0,0,97.4,2.4,96.12,96.21,4.47,84.7,1.6,TRUE,uncultured_Azospirillaceae_bacterium_SFLP_MTB_AM-2014-D4_bin6,PRJNA400260,SAMEA6872757,-,Contig,NovaSeq,2024/6/12,"Institute of Geology and Geophysics, Chinese Academy of Sciences",-,2024,The under-recognized dominance of magnetosome gene cluster-containing bacteria in oxygen-stratified freshwater ecosystems,"R Ji, et al.",10.1101/2024.04.27.591411,bioRxiv,Finland: lake Alinen Mustaj?rvi,61.21 N 25.11 E,61.21,25.11,Biosample/Paper,freshwater,freshwater,No,Yes
LMSG_G000037006.1,LMSG_G000037006.1_uncultured_Azospirillaceae_bacterium_SFLP_MTB_VK3_bin11,d__Bacteria;p__Pseudomonadota;c__Alphaproteobacteria;o__Azospirillales;f__Azospirillaceae;g__CAIZDL01;s__CAIZDL01 sp903856295,250,3612753,65.64,23527,3353,20,"{'Ala', 'Lys', 'Thr', 'Val', 'Trp', 'Met', 'Gln', 'Leu', 'Asn', 'Glu', 'Pro', 'Ser', 'Cys', 'Arg', 'Asp', 'Gly', 'SeC', 'Phe', 'His', 'Tyr'}",0,0,0,0,95.45,0.22,96.29,84.57,0.77,92.7,0,TRUE,uncultured_Azospirillaceae_bacterium_SFLP_MTB_VK3_bin11,PRJNA400260,SAMEA6873016,-,Contig,NovaSeq,2024/6/12,"Institute of Geology and Geophysics, Chinese Academy of Sciences",-,2024,The under-recognized dominance of magnetosome gene cluster-containing bacteria in oxygen-stratified freshwater ecosystems,"R Ji, et al.",10.1101/2024.04.27.591411,bioRxiv,Finland: lake Valkea Kotinen,61.24 N 25.06 E,61.24,25.06,Biosample/Paper,freshwater,freshwater,No,Yes
LMSG_G000037007.1,LMSG_G000037007.1_uncultured_Azospirillaceae_bacterium_SFLP_MTB_Umea3p3_bin40,d__Bacteria;p__Pseudomonadota;c__Alphaproteobacteria;o__Azospirillales;f__Azospirillaceae;g__CAIZDL01;s__CAIZDL01 sp903931735,393,2902485,60.9,9431,2763,18,"{'Ser', 'Cys', 'Arg', 'Met', 'Val', 'Gln', 'Leu', 'Asn', 'Gly', 'Trp', 'Pro', 'Ala', 'Glu', 'Phe', 'Lys', 'Thr', 'His', 'Tyr'}",1,0,1,0,91.65,0.6,92.8,83.62,1.77,82.3,0,TRUE,uncultured_Azospirillaceae_bacterium_SFLP_MTB_Umea3p3_bin40,PRJNA400260,SAMEA6873005,-,Contig,NovaSeq,2024/6/12,"Institute of Geology and Geophysics, Chinese Academy of Sciences",-,2024,The under-recognized dominance of magnetosome gene cluster-containing bacteria in oxygen-stratified freshwater ecosystems,"R Ji, et al.",10.1101/2024.04.27.591411,bioRxiv,Sweden: lake Bj?rntj?rnan (711632-164487),64.12 N 18.78 E,64.12,18.78,Biosample/Paper,freshwater,freshwater,No,Yes
LMSG_G000037008.1,LMSG_G000037008.1_uncultured_Azospirillaceae_bacterium_SFLP_MTB_Umea3p4_bin32,d__Bacteria;p__Pseudomonadota;c__Alphaproteobacteria;o__Azospirillales;f__Azospirillaceae;g__CAIZDL01;s__CAIZDL01 sp903931735,491,2967519,60.88,7202,2876,15,"{'Ser', 'Cys', 'Arg', 'Val', 'Met', 'Gln', 'Gly', 'Asn', 'Leu', 'Pro', 'Glu', 'Phe', 'Thr', 'His', 'Tyr'}",0,0,0,0,87.1,0.36,89.75,80.73,1.75,74.2,0,TRUE,uncultured_Azospirillaceae_bacterium_SFLP_MTB_Umea3p4_bin32,PRJNA400260,SAMEA6873006,-,Contig,NovaSeq,2024/6/12,"Institute of Geology and Geophysics, Chinese Academy of Sciences",-,2024,The under-recognized dominance of magnetosome gene cluster-containing bacteria in oxygen-stratified freshwater ecosystems,"R Ji, et al.",10.1101/2024.04.27.591411,bioRxiv,Sweden: lake Bj?rntj?rnan (711632-164487),64.12 N 18.78 E,64.12,18.78,Biosample/Paper,freshwater,freshwater,No,Yes
LMSG_G000037009.1,LMSG_G000037009.1_uncultured_Magnetospirillum_SFLP_MTB_Loc080925-5-5m_bin37,d__Bacteria;p__Pseudomonadota;c__Alphaproteobacteria;o__Rhodospirillales;f__Magnetospirillaceae;g__Magnetospirillum;s__Magnetospirillum sp903941095,299,3078168,66.77,14145,2912,17,"{'Ser', 'Arg', 'Met', 'Val', 'Asp', 'Gly', 'Leu', 'Gln', 'Asn', 'SeC', 'Glu', 'Ala', 'Lys', 'His', 'Phe', 'Thr', 'Pro'}",0,0,0,0,90.23,1.33,92.89,83.67,1.99,60.5,0.8,TRUE,uncultured_Magnetospirillum_SFLP_MTB_Loc080925-5-5m_bin37,PRJNA400260,SAMEA6872898,-,Contig,NovaSeq,2024/6/12,"Institute of Geology and Geophysics, Chinese Academy of Sciences",-,2024,The under-recognized dominance of magnetosome gene cluster-containing bacteria in oxygen-stratified freshwater ecosystems,"R Ji, et al.",10.1101/2024.04.27.591411,bioRxiv,Switzerland: lake Loclat,47.02 N 7.0 E,47.02,7,Biosample/Paper,freshwater,freshwater,No,Yes
LMSG_G000037010.1,LMSG_G000037010.1_uncultured_Phaeospirillum_SFLP_MTB_AM-lipid-02-D5_bin40,d__Bacteria;p__Pseudomonadota;c__Alphaproteobacteria;o__Rhodospirillales;f__Magnetospirillaceae;g__Phaeospirillum;s__Phaeospirillum sp903853455,168,4253669,66.16,40961,3965,17,"{'Ser', 'Cys', 'Arg', 'Val', 'Met', 'Asp', 'Gly', 'Gln', 'Leu', 'Asn', 'Glu', 'His', 'Ala', 'Lys', 'Phe', 'Thr', 'Pro'}",0,0,0,0,94.65,0.66,100,90.81,0.17,68.5,0,TRUE,uncultured_Phaeospirillum_SFLP_MTB_AM-lipid-02-D5_bin40,PRJNA400260,SAMEA6872777,-,Contig,NovaSeq,2024/6/12,"Institute of Geology and Geophysics, Chinese Academy of Sciences",-,2024,The under-recognized dominance of magnetosome gene cluster-containing bacteria in oxygen-stratified freshwater ecosystems,"R Ji, et al.",10.1101/2024.04.27.591411,bioRxiv,Finland: lake Alinen Mustaj?rvi,61.21 N 25.11 E,61.21,25.11,Biosample/Paper,freshwater,freshwater,No,Yes
LMSG_G000037011.1,LMSG_G000037011.1_uncultured_Phaeospirillum_SFLP_MTB_VK2_bin2,d__Bacteria;p__Pseudomonadota;c__Alphaproteobacteria;o__Rhodospirillales;f__Magnetospirillaceae;g__Phaeospirillum;s__Phaeospirillum sp903853455,158,4888818,65.42,53920,4530,19,"{'Ala', 'Lys', 'Thr', 'Val', 'Trp', 'Met', 'Gln', 'Leu', 'Asn', 'Glu', 'Pro', 'Ser', 'Cys', 'Arg', 'Asp', 'Gly', 'Phe', 'His', 'Tyr'}",1,0,1,0,99.5,1.16,100,99.99,0.52,98.4,0,TRUE,uncultured_Phaeospirillum_SFLP_MTB_VK2_bin2,PRJNA400260,SAMEA6873015,-,Contig,NovaSeq,2024/6/12,"Institute of Geology and Geophysics, Chinese Academy of Sciences",-,2024,The under-recognized dominance of magnetosome gene cluster-containing bacteria in oxygen-stratified freshwater ecosystems,"R Ji, et al.",10.1101/2024.04.27.591411,bioRxiv,Finland: lake Valkea Kotinen,61.24 N 25.06 E,61.24,25.06,Biosample/Paper,freshwater,freshwater,No,Yes
LMSG_G000037012.1,LMSG_G000037012.1_uncultured_Phaeospirillum_SFLP_MTB_E3_bin4,d__Bacteria;p__Pseudomonadota;c__Alphaproteobacteria;o__Rhodospirillales;f__Magnetospirillaceae;g__Phaeospirillum;s__Phaeospirillum sp903901915,249,4098244,65.36,25121,3741,19,"{'Ala', 'Lys', 'Thr', 'Val', 'Trp', 'Met', 'Gln', 'Leu', 'Asn', 'Glu', 'Pro', 'Ser', 'Cys', 'Arg', 'Asp', 'Gly', 'Phe', 'His', 'Tyr'}",1,1,0,0,91.29,4.49,94.39,91.14,3.31,79.8,0.8,TRUE,uncultured_Phaeospirillum_SFLP_MTB_E3_bin4,PRJNA400260,SAMEA6872823,-,Contig,NovaSeq,2024/6/12,"Institute of Geology and Geophysics, Chinese Academy of Sciences",-,2024,The under-recognized dominance of magnetosome gene cluster-containing bacteria in oxygen-stratified freshwater ecosystems,"R Ji, et al.",10.1101/2024.04.27.591411,bioRxiv,Canada: pond SAS2C,55.23 N 77.7 W,55.23,-77.7,Biosample/Paper,freshwater,freshwater,No,Yes
LMSG_G000037013.1,LMSG_G000037013.1_uncultured_Telmatospirillum_SFLP_MTB_VK2_bin28,d__Bacteria;p__Pseudomonadota;c__Alphaproteobacteria;o__Rhodospirillales;f__Magnetospirillaceae;g__Telmatospirillum;s__,701,2471252,64.32,3651,2477,8,"{'Cys', 'Arg', 'Met', 'Gln', 'Leu', 'Gly', 'Ala', 'His'}",0,0,0,0,55.25,1.99,49.4,54.75,1.38,38.7,0,TRUE,uncultured_Telmatospirillum_SFLP_MTB_VK2_bin28,PRJNA400260,SAMEA6873015,-,Contig,NovaSeq,2024/6/12,"Institute of Geology and Geophysics, Chinese Academy of Sciences",-,2024,The under-recognized dominance of magnetosome gene cluster-containing bacteria in oxygen-stratified freshwater ecosystems,"R Ji, et al.",10.1101/2024.04.27.591411,bioRxiv,Finland: lake Valkea Kotinen,61.24 N 25.06 E,61.24,25.06,Biosample/Paper,freshwater,freshwater,No,Yes
LMSG_G000037014.1,LMSG_G000037014.1_uncultured_Telmatospirillum_SFLP_MTB_AM-2014-D4_bin5,d__Bacteria;p__Pseudomonadota;c__Alphaproteobacteria;o__Rhodospirillales;f__Magnetospirillaceae;g__Telmatospirillum;s__Telmatospirillum sp903858635,564,5220492,64.9,11758,4918,17,"{'Ser', 'Cys', 'Arg', 'Val', 'Met', 'Asp', 'Gln', 'Leu', 'Gly', 'Asn', 'Ala', 'Glu', 'Phe', 'Lys', 'His', 'Thr', 'Pro'}",0,0,0,0,89.55,0.79,85.9,88.95,1.93,85.5,0,TRUE,uncultured_Telmatospirillum_SFLP_MTB_AM-2014-D4_bin5,PRJNA400260,SAMEA6872757,-,Contig,NovaSeq,2024/6/12,"Institute of Geology and Geophysics, Chinese Academy of Sciences",-,2024,The under-recognized dominance of magnetosome gene cluster-containing bacteria in oxygen-stratified freshwater ecosystems,"R Ji, et al.",10.1101/2024.04.27.591411,bioRxiv,Finland: lake Alinen Mustaj?rvi,61.21 N 25.11 E,61.21,25.11,Biosample/Paper,freshwater,freshwater,No,Yes
LMSG_G000037015.1,LMSG_G000037015.1_uncultured_Telmatospirillum_SFLP_MTB_AM-lipid-02-D5_bin20,d__Bacteria;p__Pseudomonadota;c__Alphaproteobacteria;o__Rhodospirillales;f__Magnetospirillaceae;g__Telmatospirillum;s__Telmatospirillum sp903858635,474,4582394,65.68,14088,4269,18,"{'Ser', 'Cys', 'Arg', 'Val', 'Met', 'Asp', 'Gln', 'Leu', 'Asn', 'Gly', 'Trp', 'Ala', 'Phe', 'His', 'Lys', 'Glu', 'Thr', 'Pro'}",0,0,0,0,90.63,0.5,87.61,90.35,0.32,86.3,0,TRUE,uncultured_Telmatospirillum_SFLP_MTB_AM-lipid-02-D5_bin20,PRJNA400260,SAMEA6872777,-,Contig,NovaSeq,2024/6/12,"Institute of Geology and Geophysics, Chinese Academy of Sciences",-,2024,The under-recognized dominance of magnetosome gene cluster-containing bacteria in oxygen-stratified freshwater ecosystems,"R Ji, et al.",10.1101/2024.04.27.591411,bioRxiv,Finland: lake Alinen Mustaj?rvi,61.21 N 25.11 E,61.21,25.11,Biosample/Paper,freshwater,freshwater,No,Yes
LMSG_G000037016.1,LMSG_G000037016.1_uncultured_gamma_proteobacterium_SFLP_MTB_KR4_bin15,d__Bacteria;p__Pseudomonadota;c__Gammaproteobacteria;o__CAIRSR01;f__CAIRSR01;g__CAIRSR01;s__CAIRSR01 sp903824965,281,3172910,53.22,16894,2857,19,"{'Ala', 'Lys', 'Thr', 'Val', 'Trp', 'Met', 'Gln', 'Leu', 'Asn', 'Glu', 'Pro', 'Ser', 'Cys', 'Arg', 'Asp', 'Gly', 'Phe', 'His', 'Tyr'}",1,0,1,0,89.7,0.73,98.57,99.89,0.01,96.8,0,TRUE,uncultured_gamma_proteobacterium_SFLP_MTB_KR4_bin15,PRJNA400260,SAMEA6872868,-,Contig,NovaSeq,2024/6/12,"Institute of Geology and Geophysics, Chinese Academy of Sciences",-,2024,The under-recognized dominance of magnetosome gene cluster-containing bacteria in oxygen-stratified freshwater ecosystems,"R Ji, et al.",10.1101/2024.04.27.591411,bioRxiv,Finland: lake Keskinen Rajaj?rvi,61.22 N 25.22 E,61.22,25.22,Biosample/Paper,freshwater,freshwater,No,Yes
LMSG_G000037017.1,LMSG_G000037017.1_uncultured_gamma_proteobacterium_SFLP_MTB_KR4_bin9,d__Bacteria;p__Pseudomonadota;c__Gammaproteobacteria;o__CAIRSR01;f__CAIRSR01;g__CAIRSR01;s__CAIRSR01 sp903881315,350,3200600,55.07,13468,2871,17,"{'Ser', 'Arg', 'Val', 'Met', 'Asp', 'Gln', 'Leu', 'Gly', 'Trp', 'Pro', 'Ala', 'Glu', 'Lys', 'Phe', 'Thr', 'His', 'Tyr'}",1,1,0,0,88.26,2.23,94.05,95.19,0.63,90.3,0,TRUE,uncultured_gamma_proteobacterium_SFLP_MTB_KR4_bin9,PRJNA400260,SAMEA6872868,-,Contig,NovaSeq,2024/6/12,"Institute of Geology and Geophysics, Chinese Academy of Sciences",-,2024,The under-recognized dominance of magnetosome gene cluster-containing bacteria in oxygen-stratified freshwater ecosystems,"R Ji, et al.",10.1101/2024.04.27.591411,bioRxiv,Finland: lake Keskinen Rajaj?rvi,61.22 N 25.22 E,61.22,25.22,Biosample/Paper,freshwater,freshwater,No,Yes
LMSG_G000037018.1,LMSG_G000037018.1_uncultured_Magnetaquicoccaceae_bacterium_SFLP_MTB_Umea3p4_bin52,d__Bacteria;p__Pseudomonadota;c__Magnetococcia;o__Magnetococcales;f__Magnetaquicoccaceae;g__HCHbin5;s__HCHbin5 sp903913345,702,3160004,57.78,4840,3072,14,"{'Ser', 'Cys', 'Arg', 'Val', 'Met', 'Gly', 'Leu', 'Gln', 'Trp', 'Ala', 'Phe', 'Lys', 'Thr', 'Pro'}",0,0,0,0,76.27,0.96,87.42,85.3,3.7,71,0,TRUE,uncultured_Magnetaquicoccaceae_bacterium_SFLP_MTB_Umea3p4_bin52,PRJNA400260,SAMEA6873006,-,Contig,NovaSeq,2024/6/12,"Institute of Geology and Geophysics, Chinese Academy of Sciences",-,2024,The under-recognized dominance of magnetosome gene cluster-containing bacteria in oxygen-stratified freshwater ecosystems,"R Ji, et al.",10.1101/2024.04.27.591411,bioRxiv,Sweden: lake Bj?rntj?rnan (711632-164487),64.12 N 18.78 E,64.12,18.78,Biosample/Paper,freshwater,freshwater,No,Yes
LO017727,LO017727_Candidatus_Magnetococcus_massalia_strain_MO-1_MTB,d__Bacteria;p__Pseudomonadota;c__Magnetococcia;o__Magnetococcales;f__Magnetococcaceae;g__Magnetococcus;s__,1,5043095,55.18,5043095,3907,20,"{'Ala', 'Lys', 'Thr', 'Val', 'Trp', 'Ile', 'Met', 'Gln', 'Leu', 'Asn', 'Glu', 'Pro', 'Ser', 'Cys', 'Arg', 'Asp', 'Gly', 'Phe', 'His', 'Tyr'}",9,3,3,3,98.32,0,100,99.99,0.24,99.2,0.8,TRUE,Candidatus_Magnetococcus_massalia_strain_MO-1,PRJEB9047,SAMN14229668,-,Complete Genome,454 GS-FLX,2017/3/5,-,27902881,2017,The chimeric nature of the genomes of marine magnetotactic coccoid-ovoid bacteria defines a novel group of Proteobacteria,"B Ji, et al.",10.1111/1462-2920.13637,Environ Microbiol,France: Pointe Rouge Marina in Marseille,43.2456008291325 N 5.364499897128043 E,43.24560083,5.364499897,Google map,marine,marine,Yes,No
RAST_1898112,RAST_1898112_181_Rhodospirillaceae_bacterium_MAG_01419_mvb_30,d__Bacteria;p__Pseudomonadota;c__Alphaproteobacteria;o__Rhodospirillales_A;f__Magnetovibrionaceae;g__Magnetovibrio;s__,477,2811682,55.72,7268,2791,15,"{'Ser', 'Arg', 'Met', 'Val', 'Asp', 'Gly', 'Leu', 'Gln', 'Ala', 'Glu', 'Lys', 'His', 'Thr', 'Pro', 'Tyr'}",0,0,0,0,94.58,4.1,92.88,87.04,4.22,90.3,0,TRUE,Rhodospirillaceae_bacterium_MAG_01419_mvb_30,PRJNA593847,SAMN13494278,-,Contig,Illumina HiSeq 2000,2019/12/5,-,32737307,2020,Unravelling the diversity of magnetotactic bacteria through analysis of open genomic databases,"M Uzun, et al.",10.1038/s41597-020-00593-0,Sci Data,Greece: Etoliko Lagoon,38.4825 N 21.315 E,38.4825,21.315,Biosample/Paper,brackish,brackish,No,Yes
GCA_022760095.1,GCA_022760095.1_Candidatus_Magnetoovum_sp._WYHC-5,d__Bacteria;p__Nitrospirota;c__Thermodesulfovibrionia;o__Thermodesulfovibrionales;f__Magnetobacteriaceae;g__XYC;s__XYC sp018606805,307,3177142,37.99,15616,2861,21,"{'SeC', 'Tyr', 'Lys', 'Thr', 'Val', 'Glu', 'Ser', 'Asp', 'Arg', 'Met', 'Cys', 'Trp', 'Phe', 'Leu', 'Gly', 'Ala', 'His', 'Gln', 'Ile', 'Pro', 'Asn'}",3,1,1,1,95.25,0.91,92.4,95.33,0.91,87.1,0,TRUE,Candidatus_Magnetoovum_sp._WYHC-5,PRJNA799859,SAMN25211061,JAKKUN000000000,Contig,Illumina NovaSeq,2022-01-24T04:18:04.267,"Geology and Geophysics, Chinese Academy of Sciences",35559677,2022,Intracellular silicification by early-branching magnetotactic bacteria,Jinhua Li et al.,10.1126/sciadv.abn6045,Sci Adv,China: Lake Weiyanghu,34.40 N 108.99 E,34.4,108.99,Biosample/Paper,freshwater,freshwater,Yes,No
GCA_036937345.1,GCA_036937345.1_Chromatiales_bacterium_YYHR-1,d__Bacteria;p__Pseudomonadota;c__Gammaproteobacteria;o__BW-2;f__BW-2;g__BW-2;s__,1527,5228569,55.12,5431,5456,18,"{'Tyr', 'Ser', 'Asp', 'His', 'Gln', 'Arg', 'Met', 'Lys', 'Thr', 'Ile', 'Gly', 'Val', 'Ala', 'Pro', 'Asn', 'Phe', 'Glu', 'Leu'}",1,0,1,0,75.21,6.27,90.02,82.27,7.12,53.2,0.8,TRUE,Chromatiales_bacterium_YYHR-1,PRJNA970915,SAMN35016903,JASMTT000000000,Scaffold,Illumina NovaSeq,2023-05-09T22:16:04.513,"Geology and Geophysics, Chinese Academy of Sciences",37974050,2023,"Phylogenetics and biomineralization of a novel magnetotactic Gammaproteobacterium from a freshwater lake in Beijing, China.",Rongrong Zhang et al.,10.1093/femsec/fiad150,FEMS Microbiol Ecol,China: Yeya Lake,40.406861 N 115.845167 E,40.406861,115.845167,Biosample/Paper,freshwater,freshwater,Yes,No
GCA_039908085.1,GCA_039908085.1_Magnetococcus_sp._YQC-5,d__Bacteria;p__Pseudomonadota;c__Magnetococcia;o__Magnetococcales;f__Magnetaquicoccaceae;g__JAANAU01;s__,553,5700412,50.73,14374,4982,20,"{'Tyr', 'Lys', 'Thr', 'Val', 'Glu', 'Ser', 'Asp', 'Arg', 'Met', 'Cys', 'Trp', 'Phe', 'Leu', 'Gly', 'Ala', 'His', 'Gln', 'Ile', 'Pro', 'Asn'}",2,1,1,0,91.56,3.36,99.31,97.23,1.6,70.1,1.6,TRUE,Magnetococcus_sp._YQC-5,PRJNA657227,SAMN15825218,JAMOBH000000000,Contig,Illumina NovaSeq,2020-08-15T02:54:05.746,"Geology and Geophysics, Chinese Academy of Sciences",36654913,2023,Key gene networks that control magnetosome biomineralization in magnetotactic bacteria.,Peiyu Liu et al.,10.1093/nsr/nwac238,Natl Sci Rev,China: Yuqiao Lake,40.041111 N 117.455833 E,40.041111,117.455833,Biosample/Paper,freshwater,freshwater,Yes,No
GCA_039908095.1,GCA_039908095.1_Nitrospirae_bacterium_YQR-1,d__Bacteria;p__Nitrospirota;c__Thermodesulfovibrionia;o__Thermodesulfovibrionales;f__Magnetobacteriaceae;g__JADFXG01;s__,110,3496824,42.33,87846,3164,20,"{'SeC', 'Tyr', 'Lys', 'Thr', 'Val', 'Glu', 'Ser', 'Asp', 'Arg', 'Met', 'Cys', 'Trp', 'Phe', 'Leu', 'Gly', 'Ala', 'His', 'Gln', 'Pro', 'Asn'}",1,0,1,0,97.73,0.91,100,100,0.13,93.5,0,TRUE,Nitrospirae_bacterium_YQR-1,PRJNA657227,SAMN15825223,JAMOBJ000000000,Scaffold,Illumina NovaSeq,2020-08-15T02:54:05.850,"Geology and Geophysics, Chinese Academy of Sciences",36654913,2023,Key gene networks that control magnetosome biomineralization in magnetotactic bacteria.,Peiyu Liu et al.,10.1093/nsr/nwac238,Natl Sci Rev,China: Yuqiao Lake,40.041111 N 117.455833 E,40.041111,117.455833,Biosample/Paper,freshwater,freshwater,Yes,No
GCA_039908105.1,GCA_039908105.1_Magnetococcus_sp._YQC-9,d__Bacteria;p__Pseudomonadota;c__Magnetococcia;o__Magnetococcales;f__Magnetaquicoccaceae;g__JAANAU01;s__,208,3864532,58.26,30462,3205,19,"{'Tyr', 'Lys', 'Thr', 'Val', 'Glu', 'Ser', 'Asp', 'Arg', 'Met', 'Cys', 'Trp', 'Phe', 'Leu', 'Gly', 'Ala', 'Gln', 'Ile', 'Pro', 'Asn'}",2,2,0,0,97.06,2.1,99.13,99.38,0.42,96.8,0.8,TRUE,Magnetococcus_sp._YQC-9,PRJNA657227,SAMN15825213,JAMOBI000000000,Contig,Illumina NovaSeq,2020-08-15T02:54:05.616,"Geology and Geophysics, Chinese Academy of Sciences",36654913,2023,Key gene networks that control magnetosome biomineralization in magnetotactic bacteria.,Peiyu Liu et al.,10.1093/nsr/nwac238,Natl Sci Rev,China: Yuqiao Lake,40.041111 N 117.455833 E,40.041111,117.455833,Biosample/Paper,freshwater,freshwater,Yes,No
GCA_039908125.1,GCA_039908125.1_Magnetococcus_sp._XQGC-1,d__Bacteria;p__Pseudomonadota;c__Magnetococcia;o__Magnetococcales;f__Magnetaquicoccaceae;g__HCHbin5;s__,433,4602324,57.21,36062,4025,19,"{'Tyr', 'Lys', 'Thr', 'Val', 'Glu', 'Ser', 'Asp', 'Arg', 'Met', 'Trp', 'Phe', 'Leu', 'Gly', 'Ala', 'His', 'Gln', 'Ile', 'Pro', 'Asn'}",6,2,2,2,89.43,8.17,90.06,92.86,9.54,77.4,1.6,TRUE,Magnetococcus_sp._XQGC-1,PRJNA657227,SAMN15825214,JAMOBF000000000,Scaffold,Illumina NovaSeq,2020-08-15T02:54:05.636,"Geology and Geophysics, Chinese Academy of Sciences",36654913,2023,Key gene networks that control magnetosome biomineralization in magnetotactic bacteria.,Peiyu Liu et al.,10.1093/nsr/nwac238,Natl Sci Rev,China: Xingqinggong Lake,34.263833 N 108.969250 E,34.263833,108.96925,Biosample/Paper,freshwater,freshwater,Yes,No
GCA_039908135.1,GCA_039908135.1_Magnetococcus_sp._YQC-3,d__Bacteria;p__Pseudomonadota;c__Magnetococcia;o__Magnetococcales;f__Magnetaquicoccaceae;g__HCHbin5;s__,481,3688820,53.65,22270,3492,19,"{'Tyr', 'Lys', 'Thr', 'Val', 'Glu', 'Ser', 'Asp', 'Arg', 'Met', 'Trp', 'Phe', 'Leu', 'Gly', 'Ala', 'His', 'Gln', 'Ile', 'Pro', 'Asn'}",7,3,1,3,56.72,1.1,65.45,66.61,4.02,71,0.8,TRUE,Magnetococcus_sp._YQC-3,PRJNA657227,SAMN15825215,JAMOBG000000000,Scaffold,Illumina NovaSeq,2020-08-15T02:54:05.683,"Geology and Geophysics, Chinese Academy of Sciences",36654913,2023,Key gene networks that control magnetosome biomineralization in magnetotactic bacteria.,Peiyu Liu et al.,10.1093/nsr/nwac238,Natl Sci Rev,China: Yuqiao Lake,40.041111 N 117.455833 E,40.041111,117.455833,Biosample/Paper,freshwater,freshwater,Yes,No
GCA_039908285.1,GCA_039908285.1_Alphaproteobacteria_bacterium_YQV-1,d__Bacteria;p__Pseudomonadota;c__Alphaproteobacteria;o__Rhodospirillales;f__Rhodospirillaceae;g__;s__,228,4014703,66.22,31581,3506,18,"{'Tyr', 'Ser', 'Asp', 'Lys', 'Arg', 'Met', 'Gln', 'Cys', 'His', 'Thr', 'Gly', 'Val', 'Ala', 'Pro', 'Trp', 'Phe', 'Glu', 'Leu'}",2,1,0,1,97.51,0.5,98.82,99.91,0.26,97.6,0,TRUE,Alphaproteobacteria_bacterium_YQV-1,PRJNA657227,SAMN15825219,JAMOBE000000000,Contig,Illumina NovaSeq,2020-08-15T02:54:05.766,"Geology and Geophysics, Chinese Academy of Sciences",36654913,2023,Key gene networks that control magnetosome biomineralization in magnetotactic bacteria.,Peiyu Liu et al.,10.1093/nsr/nwac238,Natl Sci Rev,China: Yuqiao Lake,40.041111 N 117.455833 E,40.041111,117.455833,Biosample/Paper,freshwater,freshwater,Yes,No
GCA_039908345.1,GCA_039908345.1_Magnetospirillum_sp._WYHS-4,d__Bacteria;p__Pseudomonadota;c__Alphaproteobacteria;o__Rhodospirillales_A;f__GLO-3;g__;s__,172,3654842,65.96,45845,3600,19,"{'Tyr', 'Lys', 'Thr', 'Val', 'Glu', 'Ser', 'Asp', 'Arg', 'Cys', 'Met', 'Trp', 'Phe', 'Leu', 'Gly', 'Ala', 'His', 'Gln', 'Pro', 'Asn'}",1,0,1,0,98.76,1.74,97.91,100,2.76,97.6,0.8,TRUE,Magnetospirillum_sp._WYHS-4,PRJNA657227,SAMN15825220,JAMOBD000000000,Contig,Illumina NovaSeq,2020-08-15T02:54:05.786,"Geology and Geophysics, Chinese Academy of Sciences",36654913,2023,Key gene networks that control magnetosome biomineralization in magnetotactic bacteria.,Peiyu Liu et al.,10.1093/nsr/nwac238,Natl Sci Rev,China: Weiyanghu Lake,34.403361 N 108.985944 E,34.403361,108.985944,Biosample/Paper,freshwater,freshwater,Yes,No
GCA_039908355.1,GCA_039908355.1_Gammaproteobacteria_bacterium_SHHR-1,d__Bacteria;p__Pseudomonadota;c__Gammaproteobacteria;o__Chromatiales;f__Sedimenticolaceae;g__JADGBD01;s__JADGBD01 sp009497875,535,3138237,62.67,16484,2816,18,"{'Tyr', 'Ser', 'Asp', 'Lys', 'Arg', 'Met', 'Cys', 'Gln', 'His', 'Thr', 'Gly', 'Ala', 'Val', 'Pro', 'Trp', 'Phe', 'Glu', 'Leu'}",2,1,1,0,89.11,5.46,90.04,84.75,4.52,88.7,2.4,TRUE,Gammaproteobacteria_bacterium_SHHR-1,PRJNA657227,SAMN15825221,JAMOBA000000000,Scaffold,Illumina NovaSeq,2020-08-15T02:54:05.806,"Geology and Geophysics, Chinese Academy of Sciences",36654913,2023,Key gene networks that control magnetosome biomineralization in magnetotactic bacteria.,Peiyu Liu et al.,10.1093/nsr/nwac238,Natl Sci Rev,China: Fuzhou Saltern,39.675308 N 121.992772 E,39.675308,121.992772,Biosample/Paper,hypersaline,hypersaline,Yes,No
GCA_039908385.1,GCA_039908385.1_Magnetococcus_sp._THC-1_WYH,d__Bacteria;p__Pseudomonadota;c__Magnetococcia;o__Magnetococcales;f__UBA8363;g__UBA8363;s__UBA8363 sp015228925,87,4339321,52.19,76015,3941,20,"{'Tyr', 'Lys', 'Thr', 'Val', 'Glu', 'Ser', 'Asp', 'Arg', 'Cys', 'Met', 'Trp', 'Phe', 'Leu', 'Gly', 'Ala', 'His', 'Gln', 'Ile', 'Pro', 'Asn'}",1,1,0,0,99.16,1.68,100,100,0.7,95.1,1.6,TRUE,Magnetococcus_sp._THC-1_WYH,PRJNA657227,SAMN15825208,JAMOBB000000000,Scaffold,Illumina NovaSeq,2020-08-15T02:54:05.500,"Geology and Geophysics, Chinese Academy of Sciences",36654913,2023,Key gene networks that control magnetosome biomineralization in magnetotactic bacteria.,Peiyu Liu et al.,10.1093/nsr/nwac238,Natl Sci Rev,China: Weiyanghu Lake,34.403361 N 108.985944 E,34.403361,108.985944,Biosample/Paper,freshwater,freshwater,Yes,No
GCA_039908395.1,GCA_039908395.1_Magnetococcus_sp._WYHC-3,d__Bacteria;p__Pseudomonadota;c__Magnetococcia;o__Magnetococcales;f__;g__;s__,351,4234530,59.95,21749,3729,19,"{'Tyr', 'Lys', 'Thr', 'Val', 'Glu', 'Ser', 'Asp', 'Arg', 'Cys', 'Met', 'Trp', 'Leu', 'Gly', 'Ala', 'His', 'Gln', 'Ile', 'Pro', 'Asn'}",5,3,1,1,87.14,7.84,94.84,99.95,7.23,89.6,7.3,FALSE,Magnetococcus_sp._WYHC-3,PRJNA657227,SAMN15825210,JAMOBC000000000,Contig,Illumina NovaSeq,2020-08-15T02:54:05.550,"Geology and Geophysics, Chinese Academy of Sciences",36654913,2023,Key gene networks that control magnetosome biomineralization in magnetotactic bacteria.,Peiyu Liu et al.,10.1093/nsr/nwac238,Natl Sci Rev,China: Weiyanghu Lake,34.403361 N 108.985944 E,34.403361,108.985944,Biosample/Paper,freshwater,freshwater,Yes,No
GCA_039908505.1,GCA_039908505.1_Nitrospirota_bacterium_MYC-10,d__Bacteria;p__Nitrospirota;c__Thermodesulfovibrionia;o__Thermodesulfovibrionales;f__Magnetobacteriaceae;g__Magnetominusculus;s__,98,3492769,45.01,64667,3263,21,"{'SeC', 'Tyr', 'Lys', 'Thr', 'Val', 'Glu', 'Ser', 'Asp', 'Arg', 'Met', 'Cys', 'Trp', 'Phe', 'Leu', 'Gly', 'Ala', 'His', 'Gln', 'Ile', 'Pro', 'Asn'}",3,1,1,1,96.36,0.91,97.88,99.99,0.23,91.9,0.8,TRUE,Nitrospirota_bacterium_MYC-10,PRJNA657227,SAMN15825222,JAMOAZ000000000,Scaffold,Illumina NovaSeq,2020-08-15T02:54:05.830,"Geology and Geophysics, Chinese Academy of Sciences",36654913,2023,Key gene networks that control magnetosome biomineralization in magnetotactic bacteria.,Peiyu Liu et al.,10.1093/nsr/nwac238,Natl Sci Rev,China: Miyun Lake,40.519917 N 116.835278 E,40.519917,116.835278,Biosample/Paper,freshwater,freshwater,Yes,No
GCA_039908525.1,GCA_039908525.1_Magnetococcus_sp._MYC-9,d__Bacteria;p__Pseudomonadota;c__Magnetococcia;o__Magnetococcales;f__Magnetaquicoccaceae;g__HCHbin5;s__,50,3598964,60.68,106821,2875,19,"{'Tyr', 'Lys', 'Thr', 'Val', 'Glu', 'Ser', 'Asp', 'Arg', 'Met', 'Cys', 'Phe', 'Leu', 'Gly', 'Ala', 'His', 'Gln', 'Ile', 'Pro', 'Asn'}",2,2,0,0,96.47,1.68,95.39,95.74,0.56,90.3,0.8,TRUE,Magnetococcus_sp._MYC-9,PRJNA657227,SAMN15825216,JAMOAY000000000,Contig,Illumina NovaSeq,2020-08-15T02:54:05.703,"Geology and Geophysics, Chinese Academy of Sciences",36654913,2023,Key gene networks that control magnetosome biomineralization in magnetotactic bacteria.,Peiyu Liu et al.,10.1093/nsr/nwac238,Natl Sci Rev,China: Miyun Lake,40.519917 N 116.835278 E,40.519917,116.835278,Biosample/Paper,freshwater,freshwater,Yes,No
GCA_039908535.1,GCA_039908535.1_Magnetococcus_sp._DMHC-6,d__Bacteria;p__Pseudomonadota;c__Magnetococcia;o__Magnetococcales;f__JADFZT01;g__;s__,118,3667690,45.99,46571,3116,20,"{'Tyr', 'Lys', 'Thr', 'Val', 'Glu', 'Ser', 'Asp', 'Arg', 'Cys', 'Met', 'Trp', 'Phe', 'Leu', 'Gly', 'Ala', 'His', 'Gln', 'Ile', 'Pro', 'Asn'}",2,1,0,1,95.33,2.1,92.97,95.21,2.19,89.5,0.8,TRUE,Magnetococcus_sp._DMHC-6,PRJNA657227,SAMN15825211,JAMOAW000000000,Contig,Illumina NovaSeq,2020-08-15T02:54:05.570,"Geology and Geophysics, Chinese Academy of Sciences",36654913,2023,Key gene networks that control magnetosome biomineralization in magnetotactic bacteria.,Peiyu Liu et al.,10.1093/nsr/nwac238,Natl Sci Rev,China: Daminghu Lake,36.671944 N 117.021814 E,36.671944,117.021814,Biosample/Paper,freshwater,freshwater,Yes,No
GCA_039908555.1,GCA_039908555.1_Magnetococcus_sp._DMHC-8,d__Bacteria;p__Pseudomonadota;c__Magnetococcia;o__Magnetococcales;f__Magnetaquicoccaceae;g__HCHbin5;s__,305,3159102,61.03,17531,2770,18,"{'Tyr', 'Ser', 'Asp', 'Lys', 'Arg', 'Cys', 'Met', 'Gln', 'Thr', 'Gly', 'Ile', 'Val', 'Ala', 'Pro', 'Asn', 'Phe', 'Glu', 'Leu'}",1,1,0,0,89.61,4.67,100,87.37,3.14,69.3,4,TRUE,Magnetococcus_sp._DMHC-8,PRJNA657227,SAMN15825217,JAMOAX000000000,Contig,Illumina NovaSeq,2020-08-15T02:54:05.723,"Geology and Geophysics, Chinese Academy of Sciences",36654913,2023,Key gene networks that control magnetosome biomineralization in magnetotactic bacteria.,Peiyu Liu et al.,10.1093/nsr/nwac238,Natl Sci Rev,China: Daminghu Lake,36.671944 N 117.021814 E,36.671944,117.021814,Biosample/Paper,freshwater,freshwater,Yes,No
GCA_039908575.1,GCA_039908575.1_Magnetococcus_sp._DMHC-1,d__Bacteria;p__Pseudomonadota;c__Magnetococcia;o__Magnetococcales;f__DC0425bin3;g__HA3dbin3;s__HA3dbin3 sp015228935,186,4825755,54.53,73987,4293,19,"{'Tyr', 'Lys', 'Thr', 'Val', 'Glu', 'Ser', 'Asp', 'Arg', 'Met', 'Trp', 'Phe', 'Leu', 'Gly', 'Ala', 'His', 'Gln', 'Ile', 'Pro', 'Asn'}",4,3,0,1,95.63,0,99.91,100,0.51,92.7,0.8,TRUE,Magnetococcus_sp._DMHC-1,PRJNA657227,SAMN15825212,JAMOAV000000000,Scaffold,Illumina NovaSeq,2020-08-15T02:54:05.593,"Geology and Geophysics, Chinese Academy of Sciences",36654913,2023,Key gene networks that control magnetosome biomineralization in magnetotactic bacteria.,Peiyu Liu et al.,10.1093/nsr/nwac238,Natl Sci Rev,China: Daminghu Lake,36.671944 N 117.021814 E,36.671944,117.021814,Biosample/Paper,freshwater,freshwater,Yes,No
